Date,Day_of_Week,Meal_Type,Hostel_Occupancy,Weather,Temperature,Exam_Period,Festival,Weekend,Planned_Meals,Actual_Consumption,Surplus_Meals,Waste_Meals
2024-12-02,Monday,Dinner,298,Rainy,29,Yes,Yes,No,277,237,40,36
2024-12-18,Wednesday,Dinner,837,Sunny,40,No,No,No,866,768,98,34
2024-02-13,Tuesday,Lunch,889,Sunny,36,Yes,No,No,859,770,89,88
2024-08-12,Monday,Lunch,608,Cloudy,29,Yes,No,No,599,521,78,76
2024-05-30,Thursday,Dinner,226,Sunny,31,No,No,No,184,125,59,31
2024-11-14,Thursday,Breakfast,785,Stormy,24,Yes,No,No,768,694,74,53
2024-10-21,Monday,Lunch,994,Cloudy,26,Yes,No,No,946,853,93,25
2024-03-05,Tuesday,Lunch,940,Sunny,33,No,No,No,894,877,17,12
2024-02-12,Monday,Dinner,708,Sunny,30,Yes,Yes,No,750,726,24,12
2024-05-17,Friday,Dinner,641,Stormy,28,No,Yes,No,657,602,55,3
2024-08-07,Wednesday,Dinner,545,Cloudy,31,Yes,No,No,578,501,77,21
2024-06-08,Saturday,Lunch,242,Cloudy,31,No,Yes,Yes,203,195,8,2
2024-09-20,Friday,Breakfast,601,Sunny,33,No,Yes,No,632,594,38,35
2024-10-19,Saturday,Dinner,493,Stormy,25,Yes,Yes,Yes,465,451,14,4
2024-11-12,Tuesday,Dinner,645,Stormy,24,Yes,No,No,624,621,3,1
2024-09-07,Saturday,Lunch,989,Cloudy,26,Yes,No,Yes,978,920,58,4
2024-10-17,Thursday,Breakfast,327,Sunny,34,No,Yes,No,356,349,7,1
2024-12-03,Tuesday,Dinner,449,Rainy,24,Yes,Yes,No,414,384,30,21
2024-01-14,Sunday,Dinner,601,Rainy,27,Yes,Yes,Yes,592,570,22,6
2024-05-25,Saturday,Dinner,997,Cloudy,32,No,No,Yes,1028,1009,19,12
2024-08-14,Wednesday,Breakfast,507,Sunny,38,Yes,Yes,No,498,477,21,17
2024-03-03,Sunday,Breakfast,448,Rainy,26,Yes,Yes,Yes,491,488,3,0
2024-06-30,Sunday,Breakfast,776,Stormy,27,Yes,Yes,Yes,734,724,10,8
2024-06-20,Thursday,Dinner,823,Cloudy,26,Yes,Yes,No,830,808,22,20
2024-08-22,Thursday,Breakfast,366,Sunny,37,Yes,No,No,378,322,56,23
2024-07-15,Monday,Lunch,687,Rainy,26,No,No,No,692,689,3,2
2024-01-10,Wednesday,Dinner,604,Rainy,29,No,Yes,No,581,494,87,86
2024-02-20,Tuesday,Lunch,983,Sunny,35,Yes,Yes,No,948,926,22,13
2024-03-05,Tuesday,Dinner,575,Sunny,31,Yes,No,No,541,511,30,26
2024-03-15,Friday,Dinner,205,Cloudy,31,No,Yes,No,195,125,70,41
2024-06-18,Tuesday,Lunch,875,Sunny,30,No,No,No,891,829,62,22
2024-01-12,Friday,Lunch,394,Stormy,25,Yes,Yes,No,380,351,29,4
2024-11-16,Saturday,Lunch,491,Cloudy,32,Yes,Yes,Yes,501,462,39,37
2024-10-31,Thursday,Dinner,624,Cloudy,27,Yes,Yes,No,672,636,36,8
2024-01-22,Monday,Breakfast,378,Stormy,26,Yes,No,No,417,350,67,8
2024-07-27,Saturday,Breakfast,364,Stormy,21,Yes,Yes,Yes,357,257,100,10
2024-06-03,Monday,Breakfast,590,Rainy,22,Yes,Yes,No,598,533,65,47
2024-12-13,Friday,Breakfast,679,Stormy,21,No,No,No,645,619,26,9
2024-01-06,Saturday,Lunch,631,Sunny,37,No,No,Yes,635,551,84,40
2024-09-10,Tuesday,Breakfast,792,Rainy,28,Yes,Yes,No,778,682,96,58
2024-10-14,Monday,Dinner,687,Cloudy,27,No,No,No,735,682,53,50
2024-01-31,Wednesday,Dinner,242,Cloudy,31,No,No,No,208,125,83,37
2024-10-20,Sunday,Breakfast,993,Cloudy,32,Yes,Yes,Yes,997,952,45,27
2024-05-07,Tuesday,Lunch,522,Cloudy,28,No,Yes,No,543,498,45,26
2024-12-17,Tuesday,Breakfast,905,Sunny,38,No,No,No,894,804,90,3
2024-08-17,Saturday,Breakfast,529,Stormy,21,Yes,Yes,Yes,500,435,65,27
2024-04-20,Saturday,Breakfast,289,Stormy,23,No,Yes,Yes,251,155,96,39
2024-04-13,Saturday,Lunch,799,Stormy,23,Yes,No,Yes,795,781,14,12
2024-10-16,Wednesday,Dinner,811,Stormy,26,No,Yes,No,786,713,73,42
2024-03-05,Tuesday,Dinner,516,Stormy,20,No,Yes,No,553,492,61,3
2024-12-19,Thursday,Lunch,876,Sunny,35,No,No,No,917,903,14,7
2024-04-16,Tuesday,Breakfast,294,Cloudy,31,Yes,No,No,262,202,60,14
2024-12-02,Monday,Breakfast,317,Stormy,28,Yes,No,No,307,208,99,41
2024-08-14,Wednesday,Lunch,956,Stormy,23,Yes,No,No,1000,929,71,29
2024-12-16,Monday,Dinner,552,Stormy,20,Yes,Yes,No,512,483,29,14
2024-09-13,Friday,Lunch,547,Cloudy,30,No,Yes,No,561,546,15,12
2024-06-30,Sunday,Breakfast,828,Rainy,25,No,No,Yes,847,787,60,35
2024-06-17,Monday,Dinner,483,Rainy,25,Yes,Yes,No,459,388,71,67
2024-02-09,Friday,Dinner,718,Cloudy,30,Yes,Yes,No,766,714,52,9
2024-03-30,Saturday,Dinner,661,Stormy,21,Yes,Yes,Yes,614,518,96,30
2024-01-14,Sunday,Dinner,563,Cloudy,25,No,Yes,Yes,581,572,9,2
2024-04-06,Saturday,Lunch,455,Sunny,34,Yes,Yes,Yes,469,375,94,57
2024-09-19,Thursday,Dinner,491,Sunny,37,No,No,No,476,475,1,1
2024-05-26,Sunday,Breakfast,847,Rainy,30,No,Yes,Yes,820,761,59,15
2024-07-14,Sunday,Lunch,744,Sunny,39,No,No,Yes,750,674,76,63
2024-07-05,Friday,Breakfast,431,Cloudy,31,No,No,No,480,475,5,1
2024-05-23,Thursday,Dinner,680,Rainy,24,Yes,No,No,668,649,19,16
2024-03-21,Thursday,Lunch,275,Stormy,25,No,No,No,241,174,67,63
2024-08-26,Monday,Breakfast,249,Sunny,34,Yes,No,No,201,193,8,0
2024-12-23,Monday,Breakfast,746,Sunny,33,Yes,No,No,783,692,91,71
2024-11-03,Sunday,Dinner,421,Sunny,37,Yes,Yes,Yes,378,368,10,0
2024-04-03,Wednesday,Lunch,843,Cloudy,25,No,No,No,807,736,71,34
2024-05-03,Friday,Dinner,431,Rainy,28,No,Yes,No,462,381,81,51
2024-02-10,Saturday,Dinner,735,Rainy,30,Yes,No,Yes,686,637,49,43
2024-09-16,Monday,Breakfast,764,Stormy,25,No,No,No,756,722,34,5
2024-06-08,Saturday,Dinner,880,Stormy,28,No,Yes,Yes,875,839,36,22
2024-08-22,Thursday,Lunch,229,Sunny,39,No,Yes,No,220,220,0,0
2024-10-15,Tuesday,Dinner,516,Sunny,30,No,Yes,No,484,463,21,1
2024-05-07,Tuesday,Lunch,949,Stormy,27,No,No,No,952,916,36,23
2024-06-21,Friday,Breakfast,883,Rainy,30,Yes,Yes,No,922,918,4,4
2024-07-14,Sunday,Breakfast,760,Rainy,25,No,No,Yes,730,644,86,60
2024-07-29,Monday,Lunch,510,Rainy,22,Yes,Yes,No,541,527,14,7
2024-09-28,Saturday,Dinner,918,Rainy,28,No,Yes,Yes,950,866,84,20
2024-03-13,Wednesday,Breakfast,488,Stormy,23,Yes,Yes,No,462,379,83,69
2024-05-03,Friday,Dinner,616,Rainy,22,No,No,No,606,561,45,18
2024-03-23,Saturday,Lunch,802,Rainy,28,Yes,No,Yes,769,731,38,7
2024-01-29,Monday,Lunch,857,Stormy,20,No,No,No,856,790,66,58
2024-08-24,Saturday,Breakfast,329,Sunny,38,No,No,Yes,287,283,4,3
2024-04-13,Saturday,Dinner,790,Rainy,25,Yes,No,Yes,816,754,62,38
2024-10-25,Friday,Lunch,774,Cloudy,25,Yes,No,No,731,634,97,63
2024-01-08,Monday,Lunch,564,Cloudy,27,No,No,No,533,489,44,23
2024-10-28,Monday,Lunch,421,Rainy,22,Yes,No,No,417,412,5,4
2024-03-07,Thursday,Breakfast,870,Rainy,29,No,Yes,No,833,739,94,58
2024-06-28,Friday,Breakfast,298,Sunny,38,No,No,No,317,287,30,26
2024-12-31,Tuesday,Breakfast,747,Sunny,35,Yes,No,No,751,658,93,59
2024-11-18,Monday,Lunch,999,Rainy,24,No,Yes,No,1019,1001,18,7
2024-05-14,Tuesday,Lunch,790,Stormy,20,Yes,No,No,806,750,56,4
2024-06-02,Sunday,Lunch,640,Cloudy,28,No,Yes,Yes,670,579,91,36
2024-09-28,Saturday,Breakfast,379,Cloudy,33,No,No,Yes,349,311,38,22
2024-11-05,Tuesday,Breakfast,248,Rainy,27,Yes,No,No,296,283,13,6
2024-02-12,Monday,Breakfast,437,Stormy,25,No,Yes,No,412,342,70,61
2024-09-17,Tuesday,Lunch,921,Stormy,28,Yes,No,No,962,907,55,18
2024-01-04,Thursday,Lunch,949,Stormy,23,No,No,No,983,930,53,11
2024-08-16,Friday,Dinner,227,Stormy,21,Yes,Yes,No,276,201,75,19
2024-12-05,Thursday,Dinner,921,Cloudy,30,No,No,No,953,943,10,4
2024-10-27,Sunday,Lunch,863,Rainy,29,Yes,Yes,Yes,833,764,69,52
2024-12-14,Saturday,Breakfast,227,Rainy,23,No,No,Yes,201,134,67,34
2024-11-19,Tuesday,Lunch,376,Stormy,22,No,No,No,421,334,87,55
2024-07-20,Saturday,Lunch,724,Cloudy,29,Yes,No,Yes,759,728,31,10
2024-08-13,Tuesday,Breakfast,810,Rainy,29,Yes,Yes,No,772,742,30,0
2024-02-25,Sunday,Lunch,747,Sunny,33,Yes,No,Yes,762,705,57,49
2024-06-28,Friday,Lunch,908,Cloudy,25,No,Yes,No,876,821,55,45
2024-05-23,Thursday,Dinner,206,Stormy,22,No,No,No,251,194,57,4
2024-04-25,Thursday,Lunch,284,Cloudy,33,No,No,No,258,230,28,12
2024-02-29,Thursday,Breakfast,408,Stormy,25,Yes,No,No,423,406,17,15
2024-12-25,Wednesday,Lunch,704,Stormy,21,No,Yes,No,753,656,97,48
2024-03-28,Thursday,Dinner,227,Cloudy,28,No,Yes,No,236,144,92,61
2024-12-04,Wednesday,Lunch,351,Stormy,21,No,No,No,400,345,55,52
2024-07-22,Monday,Breakfast,980,Rainy,23,No,Yes,No,975,942,33,32
2024-12-07,Saturday,Breakfast,552,Stormy,23,Yes,Yes,Yes,600,512,88,46
2024-12-16,Monday,Lunch,220,Rainy,28,Yes,Yes,No,231,211,20,19
2024-08-04,Sunday,Lunch,489,Cloudy,31,Yes,Yes,Yes,465,431,34,19
2024-08-13,Tuesday,Breakfast,581,Stormy,28,No,No,No,631,563,68,46
2024-05-31,Friday,Lunch,524,Stormy,28,No,Yes,No,542,525,17,15
2024-02-16,Friday,Breakfast,952,Rainy,28,Yes,Yes,No,944,867,77,15
2024-11-12,Tuesday,Breakfast,588,Stormy,20,Yes,No,No,568,507,61,59
2024-02-29,Thursday,Lunch,215,Stormy,27,No,No,No,178,167,11,9
2024-11-18,Monday,Dinner,372,Cloudy,27,No,No,No,342,328,14,6
2024-11-13,Wednesday,Lunch,399,Rainy,30,No,No,No,393,339,54,17
2024-02-07,Wednesday,Dinner,557,Sunny,37,No,No,No,524,514,10,10
2024-10-07,Monday,Lunch,211,Stormy,23,No,No,No,206,159,47,17
2024-05-10,Friday,Dinner,516,Sunny,34,Yes,No,No,501,473,28,21
2024-02-09,Friday,Breakfast,592,Cloudy,29,Yes,Yes,No,606,539,67,5
2024-07-23,Tuesday,Breakfast,395,Sunny,38,Yes,Yes,No,410,363,47,46
2024-08-10,Saturday,Breakfast,476,Stormy,22,No,Yes,Yes,433,363,70,0
2024-09-05,Thursday,Dinner,656,Stormy,21,Yes,Yes,No,668,587,81,40
2024-01-21,Sunday,Lunch,570,Sunny,39,Yes,No,Yes,527,440,87,1
2024-10-10,Thursday,Dinner,370,Cloudy,28,Yes,Yes,No,338,270,68,23
2024-10-03,Thursday,Breakfast,569,Rainy,30,No,No,No,619,548,71,24
2024-10-06,Sunday,Breakfast,858,Cloudy,30,No,No,Yes,816,755,61,56
2024-03-28,Thursday,Breakfast,364,Cloudy,30,Yes,Yes,No,395,348,47,1
2024-10-23,Wednesday,Breakfast,459,Rainy,26,No,Yes,No,421,409,12,4
2024-06-03,Monday,Breakfast,378,Cloudy,26,No,Yes,No,402,392,10,9
2024-02-19,Monday,Breakfast,500,Sunny,30,No,No,No,529,457,72,23
2024-11-09,Saturday,Dinner,558,Stormy,20,No,No,Yes,574,546,28,12
2024-04-17,Wednesday,Breakfast,206,Stormy,22,No,Yes,No,164,126,38,26
2024-01-27,Saturday,Dinner,481,Rainy,24,No,No,Yes,437,379,58,53
2024-10-06,Sunday,Dinner,515,Cloudy,32,No,Yes,Yes,488,419,69,63
2024-01-05,Friday,Dinner,309,Sunny,37,Yes,Yes,No,319,282,37,26
2024-11-21,Thursday,Dinner,586,Sunny,39,No,Yes,No,635,552,83,30
2024-06-27,Thursday,Breakfast,224,Cloudy,30,Yes,Yes,No,255,208,47,19
2024-03-07,Thursday,Dinner,386,Cloudy,31,Yes,Yes,No,344,297,47,3
2024-04-29,Monday,Lunch,704,Cloudy,27,No,No,No,696,598,98,86
2024-04-20,Saturday,Breakfast,581,Cloudy,25,No,Yes,Yes,551,489,62,24
2024-12-21,Saturday,Dinner,837,Cloudy,27,No,Yes,Yes,839,811,28,24
2024-04-15,Monday,Lunch,938,Rainy,25,Yes,Yes,No,950,893,57,44
2024-02-11,Sunday,Lunch,668,Rainy,27,No,No,Yes,619,557,62,21
2024-11-11,Monday,Lunch,615,Rainy,30,Yes,No,No,605,597,8,1
2024-05-25,Saturday,Lunch,214,Cloudy,29,No,Yes,Yes,249,244,5,2
2024-02-18,Sunday,Dinner,511,Cloudy,32,Yes,No,Yes,552,492,60,28
2024-03-16,Saturday,Breakfast,749,Stormy,27,No,No,Yes,787,711,76,45
2024-09-25,Wednesday,Lunch,994,Rainy,29,Yes,No,No,1043,1043,0,0
2024-05-31,Friday,Breakfast,218,Sunny,39,No,Yes,No,247,231,16,12
2024-12-25,Wednesday,Dinner,894,Cloudy,33,No,No,No,893,860,33,7
2024-03-25,Monday,Dinner,417,Rainy,24,No,Yes,No,383,337,46,8
2024-12-07,Saturday,Breakfast,286,Cloudy,33,No,Yes,Yes,272,264,8,1
2024-04-08,Monday,Breakfast,768,Sunny,40,No,Yes,No,769,692,77,25
2024-04-24,Wednesday,Lunch,964,Stormy,21,Yes,Yes,No,973,926,47,37
2024-04-10,Wednesday,Lunch,658,Stormy,28,Yes,No,No,614,574,40,31
2024-05-05,Sunday,Dinner,373,Stormy,24,Yes,No,Yes,332,291,41,39
2024-06-22,Saturday,Dinner,353,Sunny,36,No,Yes,Yes,398,395,3,2
2024-04-25,Thursday,Dinner,666,Sunny,32,Yes,Yes,No,652,641,11,9
2024-07-16,Tuesday,Lunch,736,Sunny,34,No,No,No,751,680,71,69
2024-11-28,Thursday,Breakfast,742,Sunny,33,Yes,No,No,720,700,20,16
2024-08-08,Thursday,Breakfast,965,Stormy,24,Yes,No,No,939,906,33,19
2024-05-31,Friday,Dinner,227,Sunny,37,Yes,No,No,229,141,88,74
2024-07-05,Friday,Dinner,534,Stormy,23,No,No,No,544,510,34,9
2024-10-26,Saturday,Dinner,659,Sunny,31,Yes,Yes,Yes,707,701,6,3
2024-12-01,Sunday,Breakfast,200,Cloudy,26,Yes,Yes,Yes,220,148,72,58
2024-02-17,Saturday,Dinner,782,Stormy,24,No,No,Yes,795,732,63,22
2024-03-12,Tuesday,Dinner,259,Sunny,32,No,Yes,No,232,210,22,9
2024-01-23,Tuesday,Lunch,390,Sunny,38,No,No,No,427,369,58,31
2024-05-30,Thursday,Breakfast,324,Sunny,35,Yes,No,No,283,266,17,6
2024-05-24,Friday,Dinner,541,Sunny,39,Yes,No,No,502,477,25,14
2024-06-09,Sunday,Lunch,969,Rainy,29,No,Yes,Yes,988,931,57,44
2024-07-29,Monday,Lunch,448,Sunny,30,No,Yes,No,456,401,55,8
2024-03-12,Tuesday,Lunch,637,Stormy,20,No,Yes,No,620,584,36,36
2024-12-23,Monday,Lunch,606,Sunny,31,Yes,No,No,567,479,88,20
2024-01-11,Thursday,Breakfast,216,Rainy,29,No,Yes,No,263,227,36,25
2024-01-16,Tuesday,Dinner,815,Stormy,22,Yes,Yes,No,857,828,29,7
2024-04-22,Monday,Lunch,673,Rainy,22,No,No,No,623,567,56,6
2024-12-11,Wednesday,Lunch,842,Rainy,23,Yes,No,No,809,764,45,37
2024-02-06,Tuesday,Dinner,945,Stormy,24,No,No,No,935,859,76,63
2024-08-26,Monday,Dinner,459,Stormy,26,No,Yes,No,462,441,21,4
2024-04-28,Sunday,Lunch,894,Rainy,26,No,No,Yes,850,837,13,13
2024-11-26,Tuesday,Breakfast,213,Cloudy,32,Yes,Yes,No,260,212,48,6
2024-07-30,Tuesday,Dinner,800,Cloudy,26,Yes,No,No,760,729,31,15
2024-01-26,Friday,Lunch,610,Sunny,33,No,Yes,No,609,596,13,12
2024-08-09,Friday,Dinner,312,Rainy,27,No,Yes,No,332,321,11,9
2024-04-29,Monday,Dinner,401,Rainy,25,No,Yes,No,424,333,91,72
2024-02-10,Saturday,Breakfast,633,Sunny,33,No,No,Yes,616,555,61,6
2024-12-07,Saturday,Dinner,706,Stormy,23,No,Yes,Yes,706,667,39,24
2024-10-04,Friday,Lunch,422,Sunny,32,Yes,No,No,466,389,77,46
2024-05-21,Tuesday,Breakfast,810,Rainy,23,Yes,Yes,No,851,796,55,47
2024-02-13,Tuesday,Dinner,205,Stormy,22,No,No,No,205,200,5,4
2024-07-17,Wednesday,Breakfast,981,Cloudy,30,Yes,No,No,1028,963,65,50
2024-06-12,Wednesday,Lunch,239,Stormy,23,Yes,Yes,No,251,246,5,4
2024-10-07,Monday,Lunch,899,Sunny,35,No,No,No,892,892,0,0
2024-02-25,Sunday,Dinner,678,Sunny,37,Yes,Yes,Yes,630,591,39,38
2024-09-23,Monday,Lunch,655,Sunny,39,Yes,No,No,663,586,77,48
2024-10-06,Sunday,Dinner,917,Rainy,29,Yes,Yes,Yes,966,905,61,53
2024-04-22,Monday,Dinner,984,Rainy,24,Yes,No,No,972,968,4,1
2024-05-12,Sunday,Dinner,354,Stormy,20,No,No,Yes,386,343,43,41
2024-12-30,Monday,Lunch,476,Stormy,22,Yes,Yes,No,462,424,38,23
2024-02-24,Saturday,Breakfast,951,Stormy,27,No,No,Yes,972,877,95,42
2024-10-18,Friday,Lunch,633,Rainy,24,Yes,Yes,No,617,519,98,71
2024-09-05,Thursday,Breakfast,571,Sunny,35,Yes,No,No,562,559,3,0
2024-08-07,Wednesday,Dinner,288,Rainy,29,No,Yes,No,269,205,64,24
2024-01-01,Monday,Lunch,965,Sunny,40,Yes,No,No,935,844,91,82
2024-03-29,Friday,Lunch,360,Stormy,20,Yes,No,No,331,293,38,23
2024-06-25,Tuesday,Breakfast,242,Sunny,31,Yes,Yes,No,286,189,97,49
2024-07-22,Monday,Lunch,463,Sunny,31,No,No,No,426,364,62,42
2024-04-28,Sunday,Lunch,802,Cloudy,28,Yes,No,Yes,778,685,93,64
2024-01-04,Thursday,Dinner,495,Stormy,22,No,No,No,464,439,25,16
2024-11-06,Wednesday,Breakfast,206,Cloudy,27,No,No,No,186,141,45,30
2024-02-12,Monday,Breakfast,998,Rainy,30,Yes,Yes,No,1011,934,77,16
2024-08-28,Wednesday,Dinner,582,Sunny,35,No,No,No,631,536,95,48
2024-10-23,Wednesday,Breakfast,318,Cloudy,25,Yes,Yes,No,319,307,12,7
2024-05-04,Saturday,Breakfast,442,Cloudy,31,Yes,No,Yes,489,420,69,14
2024-08-01,Thursday,Dinner,573,Rainy,25,No,Yes,No,607,584,23,0
2024-08-16,Friday,Lunch,680,Stormy,25,No,Yes,No,642,586,56,53
2024-04-27,Saturday,Dinner,310,Rainy,27,Yes,Yes,Yes,296,280,16,13
2024-04-20,Saturday,Dinner,497,Rainy,27,No,Yes,Yes,498,490,8,0
2024-06-02,Sunday,Breakfast,320,Rainy,26,No,No,Yes,370,279,91,72
2024-10-03,Thursday,Dinner,886,Rainy,29,No,No,No,848,793,55,8
2024-04-27,Saturday,Dinner,604,Cloudy,33,No,No,Yes,579,576,3,0
2024-03-07,Thursday,Lunch,645,Stormy,20,Yes,No,No,683,678,5,0
2024-09-30,Monday,Lunch,375,Rainy,29,Yes,Yes,No,349,344,5,0
2024-11-13,Wednesday,Lunch,287,Rainy,29,Yes,Yes,No,274,178,96,18
2024-04-18,Thursday,Dinner,242,Rainy,25,No,Yes,No,246,173,73,58
2024-08-19,Monday,Dinner,467,Stormy,28,Yes,No,No,418,378,40,27
2024-10-16,Wednesday,Lunch,927,Cloudy,26,No,Yes,No,941,862,79,21
2024-05-14,Tuesday,Breakfast,560,Cloudy,28,No,Yes,No,517,461,56,8
2024-06-30,Sunday,Dinner,223,Stormy,23,Yes,No,Yes,254,180,74,32
2024-07-11,Thursday,Dinner,730,Stormy,22,No,Yes,No,768,733,35,23
2024-05-09,Thursday,Lunch,494,Sunny,30,Yes,Yes,No,491,400,91,9
2024-12-17,Tuesday,Dinner,737,Stormy,23,Yes,No,No,751,652,99,52
2024-01-19,Friday,Dinner,888,Stormy,24,Yes,No,No,889,889,0,0
2024-10-14,Monday,Breakfast,519,Sunny,31,No,Yes,No,475,434,41,21
2024-01-10,Wednesday,Breakfast,830,Rainy,27,No,Yes,No,810,738,72,5
2024-05-04,Saturday,Dinner,696,Sunny,32,No,Yes,Yes,656,585,71,3
2024-07-19,Friday,Dinner,371,Cloudy,29,Yes,No,No,341,254,87,74
2024-12-06,Friday,Dinner,922,Sunny,36,No,No,No,942,849,93,43
2024-10-09,Wednesday,Breakfast,866,Sunny,35,Yes,Yes,No,856,776,80,28
2024-06-28,Friday,Lunch,518,Stormy,27,No,Yes,No,519,422,97,91
2024-07-18,Thursday,Lunch,203,Rainy,30,Yes,No,No,174,151,23,10
2024-12-27,Friday,Breakfast,881,Sunny,35,No,Yes,No,863,798,65,42
2024-09-20,Friday,Breakfast,995,Stormy,26,No,No,No,974,955,19,13
2024-12-14,Saturday,Dinner,871,Stormy,20,No,No,Yes,839,759,80,25
2024-09-14,Saturday,Dinner,894,Cloudy,27,Yes,Yes,Yes,863,773,90,66
2024-09-14,Saturday,Dinner,520,Cloudy,33,Yes,Yes,Yes,562,518,44,26
2024-03-09,Saturday,Breakfast,890,Rainy,22,Yes,Yes,Yes,886,882,4,1
2024-05-26,Sunday,Dinner,642,Sunny,35,No,Yes,Yes,617,609,8,4
2024-09-14,Saturday,Dinner,977,Cloudy,27,No,Yes,Yes,961,889,72,47
2024-05-06,Monday,Dinner,919,Cloudy,29,No,No,No,913,894,19,13
2024-02-18,Sunday,Breakfast,304,Stormy,22,No,Yes,Yes,353,337,16,14
2024-01-27,Saturday,Dinner,697,Stormy,25,No,Yes,Yes,721,682,39,10
2024-11-04,Monday,Lunch,507,Rainy,23,No,No,No,469,439,30,30
2024-11-05,Tuesday,Lunch,764,Sunny,39,No,Yes,No,777,704,73,48
2024-10-26,Saturday,Lunch,256,Cloudy,30,Yes,No,Yes,263,165,98,39
2024-12-15,Sunday,Lunch,299,Rainy,25,Yes,No,Yes,347,292,55,13
2024-05-11,Saturday,Lunch,603,Sunny,32,Yes,No,Yes,587,578,9,6
2024-06-20,Thursday,Dinner,794,Cloudy,28,No,Yes,No,773,766,7,6
2024-12-28,Saturday,Breakfast,835,Sunny,35,No,No,Yes,866,800,66,58
2024-07-20,Saturday,Dinner,291,Cloudy,28,No,No,Yes,319,254,65,52
2024-06-12,Wednesday,Breakfast,219,Sunny,37,No,Yes,No,176,142,34,4
2024-07-06,Saturday,Lunch,456,Stormy,24,Yes,No,Yes,433,388,45,25
2024-10-29,Tuesday,Lunch,960,Sunny,30,Yes,No,No,917,843,74,12
2024-09-18,Wednesday,Breakfast,447,Rainy,23,No,No,No,405,405,0,0
2024-03-20,Wednesday,Dinner,215,Cloudy,29,Yes,Yes,No,227,195,32,16
2024-05-04,Saturday,Breakfast,994,Rainy,28,No,No,Yes,997,902,95,26
2024-10-21,Monday,Dinner,316,Rainy,30,Yes,No,No,323,304,19,0
2024-01-01,Monday,Lunch,209,Stormy,26,Yes,No,No,247,205,42,9
2024-08-11,Sunday,Lunch,715,Cloudy,27,No,Yes,Yes,762,722,40,0
2024-01-31,Wednesday,Dinner,503,Cloudy,32,No,Yes,No,471,423,48,16
2024-10-23,Wednesday,Breakfast,486,Sunny,37,No,Yes,No,502,436,66,37
2024-03-29,Friday,Breakfast,654,Rainy,25,No,Yes,No,680,660,20,14
2024-10-05,Saturday,Breakfast,396,Sunny,34,No,Yes,Yes,400,346,54,53
2024-09-09,Monday,Dinner,804,Stormy,23,Yes,Yes,No,798,777,21,16
2024-06-06,Thursday,Dinner,240,Sunny,35,No,No,No,286,209,77,50
2024-10-10,Thursday,Dinner,802,Cloudy,33,No,Yes,No,764,684,80,0
2024-01-10,Wednesday,Breakfast,507,Sunny,30,No,No,No,531,522,9,6
2024-11-25,Monday,Breakfast,995,Stormy,21,Yes,Yes,No,993,963,30,0
2024-04-27,Saturday,Lunch,678,Cloudy,28,No,No,Yes,706,661,45,44
2024-02-13,Tuesday,Lunch,291,Sunny,34,Yes,No,No,279,195,84,53
2024-07-29,Monday,Dinner,964,Rainy,22,No,No,No,999,986,13,12
2024-07-20,Saturday,Lunch,922,Stormy,26,Yes,No,Yes,942,854,88,24
2024-10-28,Monday,Breakfast,921,Stormy,24,No,Yes,No,896,890,6,3
2024-08-24,Saturday,Breakfast,758,Stormy,26,Yes,Yes,Yes,797,785,12,10
2024-07-13,Saturday,Breakfast,383,Stormy,23,Yes,No,Yes,365,301,64,47
2024-10-10,Thursday,Breakfast,238,Rainy,24,No,No,No,213,163,50,2
2024-09-19,Thursday,Lunch,263,Stormy,23,Yes,No,No,231,200,31,6
2024-10-26,Saturday,Breakfast,880,Cloudy,26,No,No,Yes,927,917,10,1
2024-05-25,Saturday,Breakfast,589,Cloudy,25,Yes,No,Yes,557,520,37,2
2024-01-11,Thursday,Breakfast,885,Cloudy,33,No,No,No,835,814,21,0
2024-08-23,Friday,Dinner,705,Cloudy,33,No,No,No,728,675,53,12
2024-06-18,Tuesday,Lunch,955,Rainy,28,Yes,Yes,No,914,827,87,73
2024-04-05,Friday,Breakfast,501,Rainy,28,No,Yes,No,525,489,36,10
2024-11-30,Saturday,Dinner,853,Cloudy,25,No,No,Yes,858,818,40,5
2024-03-31,Sunday,Breakfast,713,Rainy,26,No,Yes,Yes,683,621,62,4
2024-03-14,Thursday,Lunch,434,Sunny,38,Yes,No,No,393,387,6,3
2024-05-06,Monday,Lunch,518,Sunny,35,Yes,No,No,507,470,37,26
2024-01-17,Wednesday,Breakfast,877,Rainy,29,No,Yes,No,872,798,74,60
2024-09-01,Sunday,Dinner,950,Sunny,30,No,No,Yes,970,903,67,38
2024-06-18,Tuesday,Breakfast,828,Sunny,35,Yes,No,No,833,830,3,1
2024-05-10,Friday,Dinner,952,Cloudy,26,Yes,No,No,992,940,52,36
2024-12-23,Monday,Dinner,954,Rainy,27,No,No,No,962,924,38,14
2024-06-16,Sunday,Breakfast,697,Cloudy,30,No,No,Yes,657,585,72,4
2024-03-24,Sunday,Lunch,596,Sunny,38,Yes,No,Yes,618,612,6,6
2024-08-04,Sunday,Breakfast,214,Rainy,29,Yes,No,Yes,187,88,99,23
2024-04-06,Saturday,Breakfast,796,Sunny,37,Yes,No,Yes,811,804,7,4
2024-10-16,Wednesday,Lunch,730,Cloudy,31,Yes,Yes,No,736,707,29,29
2024-08-20,Tuesday,Dinner,725,Rainy,28,Yes,Yes,No,731,631,100,20
2024-12-03,Tuesday,Dinner,307,Stormy,21,No,No,No,341,294,47,6
2024-05-13,Monday,Dinner,710,Stormy,22,Yes,No,No,682,592,90,67
2024-11-05,Tuesday,Lunch,795,Sunny,39,Yes,No,No,749,678,71,54
2024-03-30,Saturday,Breakfast,840,Stormy,26,Yes,No,Yes,840,793,47,39
2024-07-03,Wednesday,Breakfast,611,Stormy,21,Yes,Yes,No,571,556,15,9
2024-08-21,Wednesday,Dinner,774,Cloudy,32,No,Yes,No,801,782,19,7
2024-12-04,Wednesday,Dinner,803,Stormy,27,No,No,No,833,822,11,10
2024-06-22,Saturday,Breakfast,323,Cloudy,30,Yes,No,Yes,293,288,5,2
2024-06-17,Monday,Breakfast,596,Sunny,37,No,Yes,No,639,618,21,12
2024-06-01,Saturday,Lunch,291,Rainy,27,No,Yes,Yes,261,200,61,55
2024-10-23,Wednesday,Lunch,303,Stormy,22,No,No,No,285,260,25,17
2024-02-17,Saturday,Breakfast,346,Rainy,29,Yes,No,Yes,347,333,14,13
2024-07-06,Saturday,Lunch,731,Stormy,20,No,Yes,Yes,767,741,26,16
2024-11-19,Tuesday,Lunch,463,Sunny,37,No,Yes,No,475,464,11,0
2024-09-01,Sunday,Breakfast,276,Rainy,26,Yes,Yes,Yes,262,243,19,2
2024-01-31,Wednesday,Lunch,963,Rainy,30,No,Yes,No,991,961,30,1
2024-10-17,Thursday,Dinner,523,Sunny,40,No,No,No,479,441,38,38
2024-03-23,Saturday,Dinner,456,Rainy,26,Yes,No,Yes,416,318,98,57
2024-11-10,Sunday,Lunch,362,Cloudy,27,No,No,Yes,389,357,32,3
2024-11-17,Sunday,Lunch,593,Sunny,32,No,No,Yes,598,503,95,31
2024-02-03,Saturday,Dinner,437,Sunny,34,Yes,Yes,Yes,391,308,83,22
2024-03-25,Monday,Breakfast,313,Sunny,37,Yes,No,No,295,287,8,4
2024-03-21,Thursday,Dinner,389,Sunny,31,Yes,No,No,379,316,63,13
2024-07-29,Monday,Breakfast,872,Sunny,40,Yes,No,No,858,768,90,8
2024-10-22,Tuesday,Lunch,688,Sunny,31,No,No,No,710,660,50,41
2024-03-31,Sunday,Dinner,990,Rainy,27,Yes,No,Yes,1035,1001,34,24
2024-06-05,Wednesday,Lunch,370,Cloudy,26,Yes,Yes,No,372,314,58,0
2024-11-04,Monday,Breakfast,641,Stormy,20,No,Yes,No,670,574,96,94
2024-10-08,Tuesday,Dinner,749,Rainy,28,Yes,Yes,No,770,702,68,14
2024-09-09,Monday,Dinner,274,Rainy,26,Yes,Yes,No,230,180,50,22
2024-10-07,Monday,Breakfast,704,Cloudy,32,Yes,Yes,No,702,635,67,23
2024-12-17,Tuesday,Breakfast,709,Sunny,40,No,No,No,708,656,52,25
2024-05-21,Tuesday,Dinner,266,Cloudy,25,No,Yes,No,313,235,78,67
2024-07-19,Friday,Breakfast,874,Stormy,27,Yes,Yes,No,876,840,36,8
2024-11-07,Thursday,Lunch,433,Sunny,31,No,Yes,No,473,389,84,49
2024-11-18,Monday,Lunch,349,Rainy,29,No,Yes,No,389,316,73,9
2024-02-01,Thursday,Breakfast,260,Rainy,24,Yes,No,No,252,154,98,66
2024-04-30,Tuesday,Breakfast,240,Sunny,35,No,No,No,258,237,21,15
2024-03-14,Thursday,Breakfast,876,Stormy,26,Yes,No,No,896,823,73,63
2024-07-12,Friday,Dinner,430,Cloudy,31,No,Yes,No,392,369,23,5
2024-01-25,Thursday,Breakfast,588,Rainy,29,No,No,No,553,538,15,12
2024-09-02,Monday,Lunch,601,Cloudy,25,No,Yes,No,557,533,24,1
2024-11-19,Tuesday,Lunch,506,Sunny,37,No,No,No,540,458,82,38
2024-03-04,Monday,Breakfast,368,Cloudy,25,No,No,No,368,359,9,9
2024-06-08,Saturday,Dinner,678,Sunny,37,No,Yes,Yes,718,661,57,8
2024-04-22,Monday,Dinner,585,Stormy,24,No,No,No,577,497,80,20
2024-11-05,Tuesday,Dinner,752,Stormy,26,No,No,No,785,736,49,40
2024-08-09,Friday,Breakfast,696,Sunny,36,No,No,No,647,616,31,23
2024-05-25,Saturday,Dinner,312,Cloudy,32,No,Yes,Yes,324,242,82,33
2024-06-17,Monday,Dinner,704,Rainy,24,No,No,No,707,616,91,52
2024-01-08,Monday,Breakfast,755,Stormy,23,Yes,Yes,No,772,754,18,10
2024-06-11,Tuesday,Breakfast,231,Sunny,34,No,Yes,No,241,193,48,8
2024-04-25,Thursday,Lunch,381,Stormy,24,No,Yes,No,374,342,32,10
2024-06-01,Saturday,Breakfast,921,Rainy,28,Yes,Yes,Yes,931,840,91,60
2024-09-25,Wednesday,Lunch,327,Stormy,21,Yes,Yes,No,325,257,68,15
2024-09-06,Friday,Breakfast,301,Rainy,23,Yes,Yes,No,351,268,83,43
2024-02-18,Sunday,Lunch,965,Cloudy,31,No,No,Yes,996,920,76,32
2024-09-21,Saturday,Dinner,735,Sunny,33,Yes,No,Yes,706,652,54,22
2024-05-07,Tuesday,Lunch,475,Sunny,33,Yes,Yes,No,451,382,69,54
2024-11-01,Friday,Breakfast,224,Stormy,26,No,Yes,No,206,166,40,35
2024-05-21,Tuesday,Dinner,922,Cloudy,31,Yes,Yes,No,944,901,43,12
2024-08-21,Wednesday,Lunch,548,Sunny,30,Yes,Yes,No,513,507,6,4
2024-10-17,Thursday,Breakfast,340,Sunny,35,Yes,No,No,331,251,80,55
2024-01-03,Wednesday,Lunch,712,Sunny,38,Yes,Yes,No,668,606,62,49
2024-03-08,Friday,Dinner,984,Rainy,25,Yes,No,No,951,855,96,64
2024-02-21,Wednesday,Dinner,796,Cloudy,32,No,Yes,No,781,758,23,2
2024-06-04,Tuesday,Breakfast,950,Sunny,33,Yes,Yes,No,902,864,38,21
2024-06-12,Wednesday,Dinner,472,Sunny,40,Yes,No,No,465,444,21,0
2024-10-18,Friday,Breakfast,901,Cloudy,31,No,Yes,No,896,841,55,11
2024-08-01,Thursday,Breakfast,306,Rainy,25,No,No,No,318,310,8,5
2024-06-26,Wednesday,Dinner,456,Rainy,26,No,Yes,No,457,413,44,2
2024-09-02,Monday,Dinner,333,Rainy,24,Yes,No,No,357,285,72,38
2024-08-15,Thursday,Lunch,715,Sunny,35,Yes,No,No,748,713,35,16
2024-09-19,Thursday,Breakfast,846,Cloudy,28,Yes,Yes,No,865,774,91,82
2024-06-10,Monday,Lunch,393,Sunny,35,Yes,Yes,No,404,329,75,40
2024-04-14,Sunday,Breakfast,418,Cloudy,26,Yes,Yes,Yes,458,446,12,7
2024-03-27,Wednesday,Breakfast,339,Stormy,23,No,Yes,No,290,209,81,55
2024-12-12,Thursday,Dinner,306,Cloudy,26,Yes,No,No,259,159,100,99
2024-12-11,Wednesday,Lunch,693,Cloudy,31,Yes,No,No,696,613,83,37
2024-10-08,Tuesday,Dinner,754,Stormy,26,Yes,No,No,773,691,82,14
2024-01-14,Sunday,Lunch,888,Cloudy,31,No,Yes,Yes,912,835,77,49
2024-01-15,Monday,Lunch,961,Cloudy,29,Yes,No,No,928,872,56,34
2024-02-06,Tuesday,Lunch,560,Sunny,34,No,Yes,No,539,497,42,26
2024-05-09,Thursday,Dinner,245,Stormy,21,No,No,No,295,203,92,83
2024-12-27,Friday,Lunch,251,Rainy,28,No,No,No,277,199,78,19
2024-10-13,Sunday,Lunch,411,Sunny,30,Yes,Yes,Yes,373,366,7,7
2024-02-21,Wednesday,Breakfast,726,Rainy,26,Yes,No,No,769,743,26,7
2024-05-01,Wednesday,Lunch,834,Sunny,32,Yes,Yes,No,785,719,66,18
2024-07-20,Saturday,Breakfast,456,Stormy,23,Yes,Yes,Yes,477,392,85,36
2024-08-27,Tuesday,Breakfast,836,Stormy,23,No,Yes,No,818,765,53,2
2024-09-15,Sunday,Breakfast,317,Sunny,32,Yes,No,Yes,348,270,78,39
2024-08-29,Thursday,Lunch,678,Sunny,31,Yes,Yes,No,701,683,18,4
2024-03-12,Tuesday,Breakfast,761,Sunny,32,No,No,No,737,661,76,69
2024-05-26,Sunday,Lunch,264,Cloudy,26,Yes,No,Yes,222,189,33,14
2024-05-22,Wednesday,Breakfast,342,Rainy,30,No,Yes,No,338,315,23,8
2024-09-22,Sunday,Breakfast,353,Cloudy,25,Yes,No,Yes,380,303,77,2
2024-01-10,Wednesday,Lunch,618,Cloudy,30,No,Yes,No,582,530,52,19
2024-04-18,Thursday,Lunch,786,Stormy,25,No,No,No,827,757,70,0
2024-04-21,Sunday,Dinner,288,Cloudy,26,Yes,No,Yes,258,190,68,35
2024-09-22,Sunday,Breakfast,761,Rainy,23,No,Yes,Yes,734,693,41,16
2024-09-09,Monday,Breakfast,652,Sunny,35,Yes,No,No,604,548,56,53
2024-01-04,Thursday,Breakfast,927,Cloudy,27,Yes,No,No,895,829,66,36
2024-12-30,Monday,Dinner,251,Rainy,23,No,No,No,258,246,12,10
2024-08-28,Wednesday,Dinner,252,Stormy,28,No,Yes,No,277,255,22,13
2024-12-14,Saturday,Lunch,935,Cloudy,29,No,Yes,Yes,906,884,22,5
2024-09-27,Friday,Lunch,788,Cloudy,26,Yes,No,No,777,709,68,50
2024-02-25,Sunday,Lunch,470,Cloudy,25,Yes,Yes,Yes,479,476,3,1
2024-07-27,Saturday,Breakfast,217,Rainy,24,No,Yes,Yes,212,184,28,18
2024-04-11,Thursday,Breakfast,343,Stormy,22,No,No,No,326,308,18,9
2024-01-25,Thursday,Dinner,627,Rainy,29,Yes,No,No,636,587,49,24
2024-02-17,Saturday,Breakfast,667,Stormy,20,Yes,Yes,Yes,648,567,81,21
2024-03-19,Tuesday,Lunch,758,Sunny,32,No,Yes,No,740,671,69,3
2024-08-18,Sunday,Breakfast,595,Sunny,30,No,No,Yes,607,548,59,51
2024-03-14,Thursday,Breakfast,270,Sunny,36,No,No,No,281,204,77,13
2024-02-23,Friday,Dinner,847,Stormy,22,Yes,No,No,863,808,55,16
2024-02-08,Thursday,Lunch,456,Rainy,25,Yes,Yes,No,480,477,3,2
2024-12-06,Friday,Lunch,212,Cloudy,26,No,Yes,No,254,179,75,12
2024-11-13,Wednesday,Breakfast,455,Sunny,35,Yes,Yes,No,416,326,90,6
2024-03-28,Thursday,Breakfast,979,Stormy,22,No,Yes,No,1028,1013,15,0
2024-06-24,Monday,Lunch,881,Stormy,26,No,No,No,916,830,86,36
2024-01-12,Friday,Dinner,601,Cloudy,26,No,Yes,No,641,587,54,54
2024-11-19,Tuesday,Dinner,257,Stormy,25,No,No,No,268,179,89,56
2024-05-31,Friday,Breakfast,206,Rainy,24,No,No,No,177,140,37,2
2024-03-02,Saturday,Dinner,358,Cloudy,26,No,No,Yes,391,333,58,41
2024-10-27,Sunday,Dinner,969,Cloudy,33,Yes,No,Yes,997,939,58,10
2024-04-16,Tuesday,Dinner,227,Sunny,30,Yes,Yes,No,221,196,25,12
2024-05-30,Thursday,Lunch,697,Cloudy,30,No,No,No,711,661,50,12
2024-05-10,Friday,Lunch,373,Cloudy,32,Yes,Yes,No,375,278,97,45
2024-02-16,Friday,Breakfast,868,Cloudy,33,Yes,No,No,822,734,88,69
2024-09-04,Wednesday,Lunch,230,Sunny,36,No,No,No,186,174,12,0
2024-05-14,Tuesday,Dinner,793,Cloudy,27,Yes,Yes,No,791,762,29,5
2024-06-12,Wednesday,Dinner,587,Stormy,25,Yes,No,No,582,523,59,37
2024-11-27,Wednesday,Dinner,976,Stormy,23,No,Yes,No,946,932,14,8
2024-03-04,Monday,Dinner,420,Sunny,39,Yes,Yes,No,436,343,93,82
2024-01-22,Monday,Dinner,937,Rainy,22,Yes,No,No,950,894,56,44
2024-12-06,Friday,Breakfast,662,Cloudy,29,Yes,Yes,No,612,562,50,22
2024-02-29,Thursday,Lunch,204,Cloudy,26,No,Yes,No,210,154,56,45
2024-03-27,Wednesday,Breakfast,744,Cloudy,29,Yes,Yes,No,744,709,35,21
2024-12-18,Wednesday,Breakfast,683,Sunny,31,No,No,No,687,607,80,35
2024-05-03,Friday,Dinner,980,Stormy,20,Yes,Yes,No,1030,944,86,37
2024-06-27,Thursday,Dinner,341,Rainy,29,No,Yes,No,366,273,93,91
2024-08-18,Sunday,Lunch,823,Stormy,21,No,No,Yes,836,799,37,36
2024-03-21,Thursday,Breakfast,898,Rainy,24,No,No,No,849,797,52,46
2024-07-07,Sunday,Breakfast,600,Rainy,30,Yes,Yes,Yes,624,536,88,10
2024-10-17,Thursday,Lunch,495,Cloudy,28,No,No,No,496,483,13,6
2024-06-04,Tuesday,Lunch,846,Rainy,29,Yes,No,No,813,755,58,17
2024-10-21,Monday,Lunch,445,Cloudy,32,Yes,Yes,No,470,387,83,26
2024-07-07,Sunday,Breakfast,559,Stormy,24,No,No,Yes,597,594,3,3
2024-04-28,Sunday,Lunch,424,Cloudy,31,Yes,Yes,Yes,458,366,92,56
2024-02-08,Thursday,Lunch,445,Stormy,25,Yes,No,No,454,359,95,76
2024-06-18,Tuesday,Lunch,809,Stormy,20,Yes,Yes,No,838,739,99,7
2024-08-30,Friday,Breakfast,727,Rainy,29,Yes,No,No,721,687,34,18
2024-12-12,Thursday,Breakfast,967,Rainy,26,Yes,Yes,No,960,934,26,0
2024-02-23,Friday,Dinner,727,Sunny,32,No,No,No,764,762,2,1
2024-03-29,Friday,Dinner,812,Stormy,22,No,No,No,831,815,16,10
2024-08-22,Thursday,Lunch,859,Cloudy,26,Yes,Yes,No,898,813,85,55
2024-09-23,Monday,Breakfast,524,Cloudy,25,Yes,No,No,526,435,91,14
2024-01-20,Saturday,Dinner,321,Stormy,22,No,Yes,Yes,343,243,100,59
2024-10-14,Monday,Breakfast,700,Rainy,28,No,No,No,718,668,50,16
2024-11-16,Saturday,Breakfast,756,Stormy,22,No,Yes,Yes,743,692,51,45
2024-05-08,Wednesday,Dinner,278,Rainy,23,Yes,No,No,318,219,99,28
2024-05-09,Thursday,Dinner,918,Stormy,23,Yes,Yes,No,914,882,32,8
2024-01-15,Monday,Breakfast,508,Sunny,30,No,No,No,477,475,2,1
2024-10-08,Tuesday,Dinner,827,Rainy,25,Yes,Yes,No,807,744,63,15
2024-11-23,Saturday,Lunch,305,Stormy,23,No,No,Yes,268,250,18,4
2024-05-10,Friday,Lunch,426,Rainy,25,Yes,No,No,462,404,58,33
2024-12-02,Monday,Dinner,270,Sunny,37,Yes,No,No,302,238,64,51
2024-09-16,Monday,Dinner,285,Rainy,24,No,No,No,322,307,15,0
2024-08-26,Monday,Breakfast,514,Stormy,20,Yes,No,No,475,449,26,20
2024-12-28,Saturday,Lunch,443,Cloudy,32,Yes,Yes,Yes,413,340,73,3
2024-10-10,Thursday,Lunch,336,Stormy,23,Yes,Yes,No,295,276,19,15
2024-08-26,Monday,Dinner,652,Cloudy,30,No,No,No,687,616,71,52
2024-09-11,Wednesday,Dinner,238,Rainy,22,Yes,No,No,254,205,49,46
2024-05-19,Sunday,Lunch,670,Cloudy,27,No,Yes,Yes,679,639,40,2
2024-10-03,Thursday,Breakfast,749,Sunny,30,No,No,No,755,689,66,17
2024-09-10,Tuesday,Breakfast,688,Stormy,27,Yes,No,No,728,678,50,37
2024-05-08,Wednesday,Breakfast,941,Cloudy,31,Yes,Yes,No,900,899,1,1
2024-08-20,Tuesday,Breakfast,607,Cloudy,27,No,Yes,No,612,611,1,1
2024-02-26,Monday,Breakfast,217,Stormy,22,No,No,No,207,148,59,37
2024-08-16,Friday,Lunch,994,Sunny,36,Yes,No,No,947,892,55,44
2024-10-27,Sunday,Breakfast,261,Cloudy,26,Yes,No,Yes,283,194,89,60
2024-03-18,Monday,Breakfast,858,Sunny,38,No,Yes,No,811,711,100,11
2024-06-21,Friday,Dinner,323,Stormy,25,No,No,No,343,334,9,3
2024-09-10,Tuesday,Lunch,226,Sunny,31,Yes,Yes,No,240,149,91,87
2024-09-16,Monday,Dinner,788,Rainy,27,No,No,No,811,777,34,1
2024-02-05,Monday,Breakfast,479,Rainy,24,No,No,No,449,358,91,72
2024-10-25,Friday,Breakfast,273,Stormy,24,Yes,No,No,245,171,74,74
2024-09-25,Wednesday,Dinner,319,Cloudy,32,Yes,No,No,279,185,94,5
2024-01-26,Friday,Lunch,760,Rainy,26,Yes,Yes,No,762,687,75,24
2024-09-28,Saturday,Dinner,623,Rainy,27,Yes,No,Yes,659,643,16,10
2024-02-12,Monday,Breakfast,329,Rainy,23,No,Yes,No,280,206,74,57
2024-10-13,Sunday,Dinner,897,Sunny,40,Yes,Yes,Yes,914,870,44,37
2024-06-10,Monday,Dinner,567,Cloudy,26,Yes,Yes,No,608,555,53,27
2024-02-11,Sunday,Breakfast,731,Cloudy,28,Yes,Yes,Yes,704,623,81,13
2024-07-06,Saturday,Lunch,801,Cloudy,33,No,No,Yes,758,706,52,6
2024-10-03,Thursday,Dinner,724,Cloudy,27,No,No,No,699,666,33,18
2024-09-06,Friday,Breakfast,991,Sunny,31,Yes,Yes,No,960,957,3,3
2024-04-26,Friday,Dinner,620,Sunny,36,No,Yes,No,592,546,46,34
2024-09-14,Saturday,Breakfast,517,Cloudy,25,No,Yes,Yes,554,465,89,32
2024-05-30,Thursday,Lunch,784,Rainy,26,Yes,No,No,750,650,100,80
2024-07-02,Tuesday,Lunch,866,Cloudy,30,Yes,Yes,No,853,808,45,23
2024-06-10,Monday,Lunch,237,Stormy,22,No,No,No,262,229,33,19
2024-06-08,Saturday,Breakfast,686,Cloudy,26,No,Yes,Yes,708,695,13,12
2024-11-23,Saturday,Dinner,917,Stormy,27,No,Yes,Yes,889,806,83,19
2024-06-12,Wednesday,Dinner,578,Cloudy,30,Yes,No,No,628,593,35,19
2024-05-04,Saturday,Breakfast,609,Rainy,24,Yes,Yes,Yes,614,604,10,10
2024-10-04,Friday,Dinner,616,Stormy,25,No,No,No,640,608,32,7
2024-11-24,Sunday,Lunch,715,Rainy,24,Yes,Yes,Yes,756,754,2,1
2024-11-25,Monday,Dinner,742,Stormy,23,Yes,No,No,757,695,62,21
2024-01-06,Saturday,Breakfast,703,Cloudy,25,No,No,Yes,655,614,41,34
2024-06-13,Thursday,Lunch,263,Rainy,26,No,No,No,287,255,32,17
2024-08-01,Thursday,Breakfast,278,Sunny,37,No,No,No,312,221,91,3
2024-06-19,Wednesday,Dinner,913,Rainy,29,No,No,No,876,788,88,58
2024-09-27,Friday,Lunch,432,Rainy,28,Yes,No,No,438,426,12,11
2024-07-24,Wednesday,Dinner,286,Sunny,40,No,Yes,No,282,254,28,1
2024-09-10,Tuesday,Lunch,622,Sunny,35,No,Yes,No,575,558,17,1
2024-08-12,Monday,Breakfast,333,Cloudy,26,No,Yes,No,291,261,30,26
2024-03-09,Saturday,Breakfast,976,Sunny,34,Yes,Yes,Yes,995,920,75,34
2024-11-14,Thursday,Lunch,656,Stormy,28,No,Yes,No,666,580,86,40
2024-05-10,Friday,Dinner,558,Stormy,21,Yes,No,No,600,556,44,33
2024-02-19,Monday,Breakfast,722,Stormy,28,No,Yes,No,742,715,27,17
2024-03-13,Wednesday,Breakfast,406,Rainy,24,Yes,Yes,No,406,377,29,5
2024-04-08,Monday,Lunch,303,Stormy,23,No,No,No,265,253,12,12
2024-09-23,Monday,Breakfast,212,Rainy,25,Yes,Yes,No,166,154,12,11
2024-12-09,Monday,Lunch,306,Sunny,35,No,Yes,No,296,240,56,4
2024-04-18,Thursday,Lunch,402,Cloudy,26,Yes,No,No,424,347,77,34
2024-12-20,Friday,Dinner,828,Sunny,34,Yes,Yes,No,829,745,84,82
2024-02-06,Tuesday,Lunch,565,Sunny,34,No,Yes,No,559,548,11,3
2024-07-22,Monday,Breakfast,773,Sunny,38,Yes,Yes,No,770,707,63,52
2024-02-27,Tuesday,Lunch,322,Rainy,27,No,No,No,320,237,83,21
2024-03-04,Monday,Dinner,384,Stormy,25,No,No,No,351,287,64,62
2024-08-15,Thursday,Breakfast,751,Stormy,28,No,Yes,No,756,686,70,58
2024-04-10,Wednesday,Breakfast,717,Cloudy,33,Yes,No,No,761,741,20,4
2024-11-19,Tuesday,Lunch,664,Sunny,36,No,Yes,No,672,606,66,6
2024-03-12,Tuesday,Breakfast,912,Cloudy,26,No,Yes,No,930,864,66,54
2024-04-28,Sunday,Lunch,401,Cloudy,28,Yes,No,Yes,435,378,57,33
2024-04-29,Monday,Breakfast,451,Stormy,24,No,Yes,No,443,347,96,92
2024-06-08,Saturday,Breakfast,324,Cloudy,29,No,Yes,Yes,282,203,79,5
2024-01-22,Monday,Breakfast,612,Rainy,30,No,No,No,597,497,100,11
2024-01-20,Saturday,Breakfast,477,Stormy,23,Yes,Yes,Yes,485,467,18,3
2024-08-18,Sunday,Dinner,313,Stormy,21,Yes,No,Yes,324,275,49,49
2024-05-06,Monday,Dinner,681,Cloudy,33,No,No,No,634,558,76,63
2024-08-25,Sunday,Lunch,222,Cloudy,29,No,Yes,Yes,188,177,11,11
2024-02-22,Thursday,Breakfast,594,Sunny,34,Yes,Yes,No,552,468,84,25
2024-07-25,Thursday,Lunch,816,Cloudy,33,Yes,Yes,No,856,819,37,25
2024-04-19,Friday,Dinner,235,Sunny,30,Yes,Yes,No,193,122,71,26
2024-02-02,Friday,Breakfast,983,Stormy,21,No,No,No,962,872,90,1
2024-02-21,Wednesday,Dinner,207,Sunny,33,No,No,No,216,175,41,29
2024-03-19,Tuesday,Dinner,385,Cloudy,32,No,No,No,349,271,78,7
2024-11-18,Monday,Breakfast,683,Rainy,30,No,No,No,720,687,33,31
2024-11-01,Friday,Lunch,767,Stormy,20,Yes,No,No,772,694,78,72
2024-01-09,Tuesday,Dinner,576,Rainy,27,Yes,No,No,558,507,51,45
2024-01-25,Thursday,Lunch,266,Rainy,30,No,No,No,278,178,100,70
2024-08-27,Tuesday,Breakfast,807,Cloudy,29,No,No,No,778,743,35,10
2024-09-03,Tuesday,Dinner,563,Cloudy,28,No,No,No,545,463,82,19
2024-06-13,Thursday,Lunch,607,Sunny,37,No,No,No,618,532,86,63
2024-03-04,Monday,Lunch,823,Cloudy,25,No,Yes,No,811,744,67,31
2024-11-11,Monday,Lunch,725,Cloudy,25,No,Yes,No,772,689,83,39
2024-08-05,Monday,Lunch,476,Cloudy,33,No,No,No,485,448,37,12
2024-09-05,Thursday,Lunch,849,Rainy,30,Yes,No,No,867,863,4,1
2024-09-24,Tuesday,Lunch,927,Stormy,27,Yes,No,No,939,913,26,7
2024-03-20,Wednesday,Breakfast,373,Sunny,35,Yes,No,No,323,319,4,1
2024-02-26,Monday,Dinner,700,Rainy,27,No,No,No,712,643,69,48
2024-04-13,Saturday,Breakfast,876,Rainy,28,Yes,Yes,Yes,827,733,94,17
2024-05-31,Friday,Breakfast,696,Rainy,30,No,No,No,676,656,20,20
2024-04-14,Sunday,Lunch,831,Rainy,22,No,No,Yes,785,727,58,18
2024-09-24,Tuesday,Dinner,633,Cloudy,26,No,Yes,No,682,680,2,2
2024-11-22,Friday,Lunch,598,Rainy,24,No,Yes,No,586,491,95,30
2024-02-22,Thursday,Breakfast,705,Stormy,28,Yes,Yes,No,708,678,30,1
2024-07-28,Sunday,Dinner,488,Stormy,26,Yes,Yes,Yes,444,356,88,57
2024-08-13,Tuesday,Dinner,356,Stormy,22,No,Yes,No,381,335,46,35
2024-07-08,Monday,Dinner,404,Stormy,20,No,Yes,No,404,365,39,32
2024-09-14,Saturday,Lunch,482,Rainy,22,Yes,Yes,Yes,459,459,0,0
2024-12-22,Sunday,Breakfast,775,Sunny,37,Yes,Yes,Yes,793,779,14,4
2024-01-08,Monday,Dinner,674,Sunny,33,No,No,No,685,674,11,11
2024-05-23,Thursday,Breakfast,508,Stormy,23,Yes,Yes,No,532,471,61,52
2024-12-02,Monday,Lunch,617,Sunny,36,Yes,Yes,No,614,561,53,52
2024-09-25,Wednesday,Dinner,848,Rainy,30,No,Yes,No,872,853,19,9
2024-09-06,Friday,Dinner,471,Cloudy,29,Yes,No,No,455,421,34,11
2024-10-31,Thursday,Breakfast,564,Stormy,21,No,Yes,No,563,514,49,13
2024-11-30,Saturday,Dinner,327,Stormy,26,No,No,Yes,304,286,18,17
2024-04-11,Thursday,Breakfast,257,Stormy,27,No,No,No,285,275,10,2
2024-10-08,Tuesday,Breakfast,860,Sunny,39,Yes,No,No,900,813,87,43
2024-03-27,Wednesday,Breakfast,433,Sunny,38,No,No,No,425,349,76,32
2024-01-19,Friday,Lunch,667,Stormy,22,Yes,No,No,646,630,16,11
2024-12-30,Monday,Breakfast,807,Stormy,20,Yes,No,No,807,711,96,8
2024-03-24,Sunday,Breakfast,859,Rainy,24,No,No,Yes,858,838,20,12
2024-04-08,Monday,Breakfast,710,Rainy,27,Yes,Yes,No,735,654,81,51
2024-09-23,Monday,Breakfast,688,Sunny,38,Yes,No,No,702,641,61,44
2024-03-24,Sunday,Breakfast,548,Cloudy,26,No,No,Yes,522,434,88,20
2024-11-28,Thursday,Dinner,858,Cloudy,33,No,Yes,No,858,818,40,26
2024-07-14,Sunday,Lunch,886,Stormy,22,Yes,No,Yes,878,794,84,55
2024-05-05,Sunday,Breakfast,364,Sunny,34,Yes,No,Yes,394,362,32,11
2024-03-18,Monday,Dinner,597,Stormy,26,Yes,No,No,567,506,61,22
2024-05-12,Sunday,Breakfast,360,Cloudy,30,Yes,Yes,Yes,335,259,76,58
2024-08-29,Thursday,Lunch,219,Rainy,23,Yes,Yes,No,199,140,59,57
2024-11-04,Monday,Breakfast,511,Sunny,34,No,Yes,No,520,485,35,24
2024-12-27,Friday,Dinner,914,Stormy,23,No,Yes,No,954,899,55,52
2024-01-21,Sunday,Lunch,587,Cloudy,25,No,Yes,Yes,537,502,35,30
2024-01-20,Saturday,Lunch,778,Stormy,27,No,No,Yes,823,820,3,2
2024-11-06,Wednesday,Dinner,439,Cloudy,29,No,No,No,477,404,73,10
2024-06-24,Monday,Dinner,312,Cloudy,31,Yes,No,No,357,258,99,49
2024-12-29,Sunday,Dinner,729,Cloudy,25,Yes,No,Yes,772,747,25,10
2024-12-28,Saturday,Breakfast,389,Stormy,22,Yes,Yes,Yes,365,329,36,17
2024-06-27,Thursday,Breakfast,977,Rainy,22,No,No,No,991,962,29,11
2024-04-08,Monday,Breakfast,479,Stormy,22,No,No,No,510,485,25,0
2024-01-02,Tuesday,Breakfast,617,Cloudy,31,No,Yes,No,644,610,34,24
2024-07-08,Monday,Dinner,329,Sunny,38,Yes,Yes,No,371,328,43,27
2024-07-16,Tuesday,Breakfast,515,Stormy,23,No,No,No,510,459,51,42
2024-01-21,Sunday,Breakfast,889,Stormy,24,No,Yes,Yes,898,849,49,22
2024-05-19,Sunday,Lunch,934,Stormy,20,No,No,Yes,894,835,59,18
2024-06-04,Tuesday,Dinner,842,Rainy,30,Yes,No,No,794,729,65,6
2024-02-16,Friday,Breakfast,570,Cloudy,26,No,No,No,544,451,93,93
2024-03-02,Saturday,Breakfast,634,Stormy,20,Yes,Yes,Yes,610,559,51,44
2024-04-14,Sunday,Breakfast,649,Rainy,24,Yes,No,Yes,674,631,43,25
2024-01-07,Sunday,Breakfast,308,Cloudy,33,No,Yes,Yes,300,233,67,7
2024-03-10,Sunday,Lunch,969,Cloudy,31,No,Yes,Yes,974,915,59,21
2024-11-13,Wednesday,Lunch,767,Cloudy,31,No,No,No,718,687,31,8
2024-01-22,Monday,Dinner,833,Stormy,20,No,Yes,No,873,821,52,52
2024-08-05,Monday,Lunch,694,Rainy,29,No,No,No,674,640,34,33
2024-09-25,Wednesday,Dinner,727,Sunny,37,No,No,No,702,660,42,1
2024-07-26,Friday,Dinner,425,Rainy,24,Yes,Yes,No,431,431,0,0
2024-07-26,Friday,Breakfast,676,Sunny,32,Yes,Yes,No,684,610,74,69
2024-03-16,Saturday,Dinner,457,Cloudy,33,Yes,No,Yes,499,452,47,25
2024-06-17,Monday,Breakfast,499,Rainy,23,Yes,No,No,474,435,39,34
2024-02-01,Thursday,Dinner,455,Rainy,30,Yes,Yes,No,411,359,52,23
2024-03-23,Saturday,Dinner,986,Stormy,23,Yes,No,Yes,996,976,20,18
2024-11-14,Thursday,Lunch,955,Stormy,22,Yes,No,No,950,901,49,2
2024-12-09,Monday,Breakfast,994,Cloudy,25,No,Yes,No,987,949,38,32
2024-01-18,Thursday,Dinner,283,Cloudy,32,Yes,Yes,No,269,260,9,8
2024-02-21,Wednesday,Dinner,275,Sunny,37,Yes,No,No,300,295,5,4
2024-12-30,Monday,Breakfast,896,Sunny,37,Yes,Yes,No,855,758,97,97
2024-02-03,Saturday,Dinner,247,Stormy,28,No,No,Yes,288,286,2,0
2024-11-30,Saturday,Lunch,244,Cloudy,29,Yes,No,Yes,250,246,4,0
2024-04-05,Friday,Breakfast,991,Cloudy,25,Yes,Yes,No,941,924,17,11
2024-08-10,Saturday,Lunch,277,Rainy,23,No,No,Yes,306,261,45,23
2024-01-09,Tuesday,Dinner,849,Rainy,23,Yes,No,No,809,744,65,17
2024-03-17,Sunday,Lunch,830,Sunny,32,Yes,No,Yes,874,852,22,5
2024-12-08,Sunday,Dinner,517,Rainy,26,No,No,Yes,526,456,70,65
2024-08-07,Wednesday,Lunch,358,Cloudy,25,Yes,Yes,No,395,356,39,24
2024-03-29,Friday,Lunch,781,Rainy,25,Yes,No,No,781,720,61,9
2024-06-23,Sunday,Dinner,491,Cloudy,29,No,No,Yes,513,433,80,68
2024-12-23,Monday,Dinner,604,Sunny,40,Yes,Yes,No,650,557,93,83
2024-03-16,Saturday,Lunch,552,Rainy,28,No,No,Yes,581,563,18,7
2024-01-09,Tuesday,Breakfast,970,Stormy,24,Yes,No,No,995,918,77,53
2024-02-24,Saturday,Lunch,325,Stormy,21,Yes,Yes,Yes,336,311,25,20
2024-06-28,Friday,Dinner,333,Sunny,36,No,Yes,No,367,348,19,14
2024-03-04,Monday,Breakfast,709,Stormy,22,Yes,No,No,745,691,54,11
2024-02-29,Thursday,Lunch,265,Cloudy,33,No,No,No,309,269,40,7
2024-11-02,Saturday,Dinner,908,Stormy,20,Yes,Yes,Yes,877,834,43,19
2024-12-13,Friday,Dinner,369,Stormy,25,No,No,No,391,329,62,27
2024-05-31,Friday,Dinner,513,Stormy,25,Yes,No,No,467,413,54,19
2024-08-06,Tuesday,Breakfast,504,Sunny,34,Yes,Yes,No,523,453,70,39
2024-10-09,Wednesday,Dinner,635,Stormy,24,No,Yes,No,600,578,22,20
2024-11-12,Tuesday,Dinner,288,Rainy,26,No,No,No,312,306,6,4
2024-07-18,Thursday,Dinner,608,Stormy,28,No,No,No,641,593,48,6
2024-02-08,Thursday,Dinner,520,Sunny,36,Yes,No,No,503,421,82,70
2024-10-01,Tuesday,Breakfast,709,Rainy,26,Yes,No,No,698,674,24,2
2024-11-10,Sunday,Breakfast,923,Rainy,28,Yes,No,Yes,892,825,67,12
2024-03-17,Sunday,Lunch,985,Rainy,24,No,Yes,Yes,1018,924,94,18
2024-10-28,Monday,Dinner,504,Rainy,24,No,No,No,467,443,24,24
2024-06-07,Friday,Lunch,444,Stormy,23,No,Yes,No,413,337,76,38
2024-04-25,Thursday,Lunch,798,Rainy,25,Yes,Yes,No,750,696,54,25
2024-07-22,Monday,Lunch,359,Rainy,28,Yes,No,No,346,253,93,75
2024-03-28,Thursday,Dinner,314,Cloudy,32,Yes,No,No,319,277,42,40
2024-01-11,Thursday,Breakfast,571,Cloudy,28,Yes,No,No,618,573,45,42
2024-10-06,Sunday,Lunch,652,Cloudy,31,No,No,Yes,657,650,7,7
2024-05-16,Thursday,Breakfast,822,Rainy,24,No,No,No,802,746,56,35
2024-08-08,Thursday,Dinner,556,Cloudy,27,No,No,No,561,510,51,27
2024-06-15,Saturday,Dinner,538,Rainy,25,Yes,No,Yes,526,506,20,3
2024-08-20,Tuesday,Lunch,499,Stormy,21,Yes,No,No,494,453,41,31
2024-10-17,Thursday,Lunch,398,Sunny,34,No,Yes,No,394,302,92,11
2024-01-08,Monday,Breakfast,711,Sunny,30,No,No,No,688,649,39,25
2024-10-29,Tuesday,Dinner,551,Sunny,37,Yes,Yes,No,558,535,23,8
2024-11-13,Wednesday,Dinner,738,Rainy,23,Yes,No,No,756,734,22,13
2024-11-21,Thursday,Dinner,620,Cloudy,26,No,Yes,No,639,638,1,1
2024-11-07,Thursday,Lunch,504,Sunny,35,Yes,Yes,No,538,447,91,84
2024-11-16,Saturday,Dinner,792,Sunny,30,Yes,Yes,Yes,757,696,61,25
2024-04-26,Friday,Lunch,647,Cloudy,25,Yes,Yes,No,623,604,19,9
2024-04-07,Sunday,Lunch,710,Cloudy,31,No,Yes,Yes,678,629,49,37
2024-03-16,Saturday,Dinner,815,Stormy,25,Yes,Yes,Yes,819,773,46,18
2024-11-09,Saturday,Lunch,999,Cloudy,33,No,No,Yes,985,893,92,49
2024-09-23,Monday,Breakfast,632,Sunny,37,Yes,Yes,No,591,570,21,3
2024-05-19,Sunday,Dinner,282,Rainy,26,No,Yes,Yes,319,233,86,77
2024-09-30,Monday,Breakfast,357,Sunny,36,No,Yes,No,319,297,22,17
2024-03-20,Wednesday,Dinner,704,Rainy,22,Yes,Yes,No,712,684,28,13
2024-07-12,Friday,Dinner,550,Cloudy,29,Yes,Yes,No,512,428,84,81
2024-10-20,Sunday,Breakfast,311,Stormy,27,Yes,No,Yes,316,300,16,5
2024-05-28,Tuesday,Breakfast,445,Cloudy,31,Yes,No,No,430,355,75,54
2024-01-19,Friday,Dinner,972,Cloudy,25,No,No,No,995,964,31,27
2024-05-12,Sunday,Breakfast,484,Stormy,23,No,Yes,Yes,475,393,82,56
2024-11-23,Saturday,Breakfast,640,Sunny,35,No,No,Yes,686,667,19,15
2024-09-30,Monday,Dinner,670,Rainy,30,Yes,Yes,No,678,657,21,5
2024-07-12,Friday,Breakfast,978,Rainy,22,Yes,Yes,No,951,876,75,67
2024-02-01,Thursday,Dinner,852,Rainy,26,Yes,No,No,804,746,58,29
2024-04-12,Friday,Lunch,705,Rainy,28,No,Yes,No,745,679,66,39
2024-04-25,Thursday,Breakfast,209,Rainy,22,No,No,No,236,202,34,10
2024-05-25,Saturday,Breakfast,633,Sunny,36,Yes,No,Yes,591,499,92,39
2024-08-02,Friday,Dinner,916,Rainy,29,Yes,Yes,No,913,882,31,27
2024-09-17,Tuesday,Lunch,425,Sunny,33,No,Yes,No,376,368,8,4
2024-10-27,Sunday,Breakfast,278,Cloudy,26,Yes,Yes,Yes,321,284,37,37
2024-07-31,Wednesday,Breakfast,262,Rainy,29,Yes,Yes,No,219,137,82,30
2024-09-23,Monday,Lunch,693,Sunny,37,Yes,No,No,718,637,81,12
2024-07-01,Monday,Lunch,963,Stormy,22,Yes,No,No,1001,933,68,9
2024-04-02,Tuesday,Lunch,645,Stormy,22,No,Yes,No,616,609,7,4
2024-05-19,Sunday,Lunch,250,Cloudy,30,Yes,Yes,Yes,255,225,30,13
2024-10-26,Saturday,Lunch,642,Rainy,28,Yes,Yes,Yes,633,586,47,23
2024-10-13,Sunday,Lunch,721,Cloudy,27,Yes,No,Yes,682,630,52,0
2024-05-17,Friday,Lunch,797,Sunny,39,Yes,Yes,No,791,750,41,11
2024-03-15,Friday,Lunch,797,Cloudy,30,No,No,No,846,772,74,6
2024-09-25,Wednesday,Lunch,763,Stormy,28,Yes,No,No,740,697,43,8
2024-07-06,Saturday,Breakfast,361,Stormy,20,Yes,Yes,Yes,395,381,14,13
2024-09-18,Wednesday,Breakfast,299,Cloudy,28,Yes,Yes,No,321,312,9,4
2024-02-15,Thursday,Dinner,665,Rainy,28,Yes,No,No,689,635,54,54
2024-01-05,Friday,Dinner,662,Rainy,26,Yes,Yes,No,648,625,23,17
2024-03-27,Wednesday,Dinner,537,Rainy,25,No,No,No,538,518,20,6
2024-05-07,Tuesday,Dinner,329,Stormy,20,No,No,No,334,305,29,24
2024-08-01,Thursday,Dinner,277,Rainy,26,Yes,No,No,278,244,34,2
2024-04-02,Tuesday,Lunch,263,Cloudy,32,No,Yes,No,277,199,78,63
2024-02-01,Thursday,Dinner,787,Cloudy,29,Yes,No,No,766,727,39,24
2024-12-06,Friday,Breakfast,919,Sunny,38,No,Yes,No,885,878,7,5
2024-07-16,Tuesday,Breakfast,836,Stormy,27,Yes,No,No,813,776,37,9
2024-10-20,Sunday,Lunch,984,Stormy,20,Yes,No,Yes,1008,959,49,14
2024-12-14,Saturday,Breakfast,533,Sunny,37,Yes,No,Yes,546,531,15,13
2024-03-16,Saturday,Lunch,574,Cloudy,32,No,Yes,Yes,551,471,80,46
2024-10-09,Wednesday,Dinner,432,Sunny,39,Yes,No,No,436,416,20,7
2024-09-12,Thursday,Breakfast,324,Sunny,40,Yes,No,No,302,289,13,0
2024-09-06,Friday,Breakfast,582,Cloudy,31,Yes,No,No,594,548,46,46
2024-04-15,Monday,Breakfast,530,Cloudy,25,Yes,Yes,No,528,503,25,12
2024-09-15,Sunday,Breakfast,421,Cloudy,30,Yes,No,Yes,380,371,9,8
2024-11-06,Wednesday,Breakfast,770,Cloudy,30,No,No,No,741,691,50,11
2024-03-04,Monday,Breakfast,749,Stormy,20,Yes,No,No,719,665,54,2
2024-10-21,Monday,Dinner,426,Sunny,32,Yes,No,No,396,318,78,8
2024-04-10,Wednesday,Lunch,764,Cloudy,31,No,No,No,714,625,89,13
2024-03-26,Tuesday,Lunch,969,Sunny,33,No,No,No,973,951,22,18
2024-05-22,Wednesday,Dinner,553,Cloudy,28,Yes,No,No,525,495,30,21
2024-07-25,Thursday,Dinner,324,Cloudy,31,No,Yes,No,311,289,22,16
2024-06-19,Wednesday,Dinner,266,Stormy,20,No,Yes,No,292,267,25,13
2024-09-09,Monday,Lunch,695,Sunny,35,No,Yes,No,651,633,18,12
2024-07-20,Saturday,Dinner,721,Rainy,22,Yes,Yes,Yes,682,633,49,16
2024-10-17,Thursday,Lunch,782,Stormy,24,Yes,Yes,No,802,760,42,36
2024-04-06,Saturday,Dinner,924,Stormy,28,No,Yes,Yes,972,963,9,3
2024-08-04,Sunday,Lunch,676,Rainy,30,No,No,Yes,667,604,63,30
2024-08-08,Thursday,Lunch,987,Sunny,30,Yes,Yes,No,988,920,68,62
2024-02-22,Thursday,Lunch,878,Stormy,22,No,Yes,No,869,806,63,2
2024-02-15,Thursday,Dinner,397,Sunny,39,No,Yes,No,355,316,39,38
2024-10-21,Monday,Lunch,745,Cloudy,27,Yes,No,No,699,646,53,4
2024-05-29,Wednesday,Dinner,702,Cloudy,29,No,No,No,653,592,61,51
2024-10-07,Monday,Breakfast,704,Cloudy,30,No,Yes,No,660,620,40,12
2024-10-09,Wednesday,Breakfast,689,Rainy,22,No,No,No,639,612,27,8
2024-01-09,Tuesday,Breakfast,462,Sunny,36,Yes,No,No,459,433,26,19
2024-12-28,Saturday,Breakfast,488,Cloudy,27,No,No,Yes,483,445,38,19
2024-11-20,Wednesday,Breakfast,866,Sunny,32,No,No,No,856,821,35,4
2024-12-22,Sunday,Lunch,372,Stormy,26,Yes,No,Yes,338,265,73,10
2024-10-07,Monday,Dinner,414,Stormy,24,No,No,No,447,435,12,11
2024-04-12,Friday,Lunch,590,Rainy,26,Yes,Yes,No,631,557,74,27
2024-09-21,Saturday,Lunch,800,Stormy,26,No,Yes,Yes,791,784,7,2
2024-12-08,Sunday,Dinner,791,Stormy,24,Yes,No,Yes,787,774,13,2
2024-12-18,Wednesday,Dinner,734,Sunny,33,Yes,Yes,No,739,644,95,35
2024-06-08,Saturday,Lunch,989,Rainy,29,Yes,Yes,Yes,1008,974,34,2
2024-07-24,Wednesday,Lunch,213,Stormy,25,No,No,No,222,140,82,37
2024-05-06,Monday,Lunch,477,Cloudy,30,No,No,No,466,418,48,18
2024-05-09,Thursday,Dinner,453,Sunny,40,No,Yes,No,446,426,20,6
2024-01-09,Tuesday,Lunch,805,Stormy,26,Yes,No,No,828,769,59,46
2024-05-13,Monday,Lunch,394,Cloudy,30,No,No,No,396,320,76,66
2024-01-31,Wednesday,Dinner,958,Cloudy,26,Yes,Yes,No,980,973,7,6
2024-02-06,Tuesday,Dinner,845,Cloudy,33,No,No,No,839,751,88,52
2024-02-14,Wednesday,Dinner,947,Stormy,27,No,Yes,No,927,864,63,49
2024-10-28,Monday,Lunch,677,Cloudy,30,No,Yes,No,689,627,62,26
2024-01-03,Wednesday,Lunch,394,Sunny,37,No,Yes,No,405,309,96,4
2024-09-26,Thursday,Lunch,722,Stormy,25,No,Yes,No,706,635,71,25
2024-08-07,Wednesday,Lunch,688,Cloudy,31,Yes,Yes,No,647,635,12,10
2024-12-31,Tuesday,Breakfast,388,Rainy,25,Yes,Yes,No,376,308,68,30
2024-07-28,Sunday,Dinner,962,Cloudy,27,Yes,No,Yes,998,906,92,63
2024-10-07,Monday,Lunch,575,Stormy,26,Yes,Yes,No,535,518,17,14
2024-02-11,Sunday,Breakfast,353,Cloudy,25,Yes,Yes,Yes,397,314,83,48
2024-09-19,Thursday,Lunch,676,Rainy,22,No,No,No,726,718,8,4
2024-12-19,Thursday,Breakfast,755,Sunny,34,No,Yes,No,780,700,80,52
2024-06-25,Tuesday,Lunch,927,Stormy,24,Yes,Yes,No,914,844,70,58
2024-06-03,Monday,Lunch,237,Rainy,30,Yes,Yes,No,222,161,61,17
2024-02-06,Tuesday,Dinner,883,Cloudy,29,No,No,No,923,824,99,59
2024-09-01,Sunday,Breakfast,856,Cloudy,25,No,No,Yes,822,726,96,4
2024-06-30,Sunday,Dinner,393,Cloudy,32,No,Yes,Yes,378,292,86,22
2024-01-06,Saturday,Dinner,257,Stormy,25,Yes,No,Yes,259,232,27,26
2024-03-29,Friday,Dinner,821,Cloudy,33,Yes,No,No,863,857,6,0
2024-10-10,Thursday,Dinner,689,Cloudy,32,Yes,No,No,684,637,47,36
2024-11-21,Thursday,Breakfast,573,Rainy,26,Yes,Yes,No,589,542,47,9
2024-06-03,Monday,Lunch,443,Stormy,28,No,No,No,409,364,45,1
2024-08-30,Friday,Breakfast,432,Rainy,24,No,Yes,No,434,396,38,25
2024-01-31,Wednesday,Breakfast,233,Rainy,30,Yes,No,No,267,177,90,64
2024-12-10,Tuesday,Breakfast,517,Sunny,35,No,Yes,No,480,389,91,33
2024-12-25,Wednesday,Dinner,893,Rainy,27,No,Yes,No,928,880,48,10
2024-09-11,Wednesday,Lunch,584,Stormy,26,No,No,No,550,528,22,17
2024-08-30,Friday,Breakfast,611,Cloudy,26,Yes,Yes,No,605,556,49,4
2024-01-31,Wednesday,Dinner,545,Stormy,25,Yes,No,No,525,455,70,9
2024-03-07,Thursday,Breakfast,297,Cloudy,25,No,Yes,No,335,315,20,20
2024-06-30,Sunday,Breakfast,274,Cloudy,28,No,Yes,Yes,315,268,47,21
2024-03-11,Monday,Dinner,451,Stormy,28,No,Yes,No,401,382,19,16
2024-07-19,Friday,Breakfast,632,Sunny,30,Yes,No,No,669,654,15,12
2024-08-21,Wednesday,Lunch,391,Rainy,26,No,No,No,380,338,42,12
2024-06-07,Friday,Breakfast,839,Stormy,28,No,No,No,854,842,12,1
2024-03-01,Friday,Dinner,371,Stormy,26,Yes,Yes,No,404,385,19,6
2024-10-28,Monday,Breakfast,661,Sunny,40,No,Yes,No,683,631,52,11
2024-01-16,Tuesday,Lunch,718,Rainy,25,Yes,No,No,747,682,65,9
2024-08-15,Thursday,Dinner,895,Sunny,32,No,Yes,No,858,822,36,30
2024-08-28,Wednesday,Breakfast,879,Cloudy,28,No,No,No,907,813,94,76
2024-08-13,Tuesday,Breakfast,751,Stormy,23,Yes,Yes,No,779,744,35,24
2024-10-04,Friday,Lunch,366,Rainy,24,Yes,No,No,398,388,10,4
2024-09-22,Sunday,Lunch,732,Rainy,24,Yes,No,Yes,699,668,31,18
2024-01-19,Friday,Lunch,342,Rainy,27,Yes,Yes,No,384,356,28,18
2024-08-28,Wednesday,Breakfast,378,Sunny,30,No,No,No,355,272,83,55
2024-07-06,Saturday,Dinner,317,Cloudy,29,Yes,Yes,Yes,311,217,94,4
2024-09-08,Sunday,Dinner,215,Cloudy,32,Yes,No,Yes,216,210,6,1
2024-03-24,Sunday,Dinner,824,Sunny,30,Yes,No,Yes,786,689,97,58
2024-05-23,Thursday,Dinner,957,Cloudy,31,No,No,No,995,928,67,26
2024-05-05,Sunday,Breakfast,953,Stormy,27,Yes,No,Yes,996,971,25,16
2024-06-12,Wednesday,Lunch,316,Stormy,24,Yes,No,No,348,340,8,0
2024-02-01,Thursday,Lunch,402,Stormy,26,Yes,Yes,No,359,319,40,17
2024-03-30,Saturday,Dinner,793,Stormy,25,Yes,Yes,Yes,836,815,21,21
2024-12-16,Monday,Dinner,729,Sunny,35,No,No,No,726,718,8,3
2024-03-18,Monday,Dinner,469,Stormy,22,No,No,No,444,395,49,29
2024-01-21,Sunday,Lunch,493,Stormy,26,Yes,No,Yes,475,383,92,84
2024-04-07,Sunday,Lunch,826,Stormy,20,Yes,Yes,Yes,777,678,99,62
2024-01-24,Wednesday,Lunch,669,Rainy,24,Yes,No,No,700,690,10,8
2024-07-24,Wednesday,Breakfast,366,Sunny,30,Yes,No,No,341,281,60,46
2024-05-11,Saturday,Dinner,936,Sunny,30,Yes,No,Yes,981,928,53,40
2024-06-02,Sunday,Lunch,202,Sunny,38,Yes,No,Yes,183,107,76,16
2024-12-28,Saturday,Breakfast,757,Stormy,26,No,Yes,Yes,744,723,21,10
2024-08-03,Saturday,Dinner,606,Rainy,26,No,Yes,Yes,558,549,9,3
2024-09-20,Friday,Lunch,351,Sunny,32,Yes,Yes,No,311,252,59,11
2024-04-19,Friday,Dinner,998,Stormy,25,No,No,No,959,899,60,23
2024-01-25,Thursday,Lunch,967,Cloudy,28,No,No,No,965,919,46,3
2024-02-26,Monday,Breakfast,383,Cloudy,33,No,Yes,No,384,352,32,2
2024-05-06,Monday,Dinner,685,Cloudy,25,No,Yes,No,695,608,87,83
2024-02-18,Sunday,Breakfast,637,Stormy,27,No,No,Yes,629,629,0,0
2024-12-24,Tuesday,Lunch,931,Rainy,26,Yes,No,No,969,876,93,12
2024-02-01,Thursday,Dinner,770,Cloudy,28,No,Yes,No,811,761,50,48
2024-05-19,Sunday,Breakfast,844,Sunny,32,No,No,Yes,894,806,88,43
2024-02-06,Tuesday,Dinner,671,Sunny,33,Yes,No,No,702,664,38,20
2024-12-30,Monday,Lunch,432,Stormy,24,No,Yes,No,433,345,88,49
2024-05-13,Monday,Lunch,283,Sunny,37,No,Yes,No,317,289,28,1
2024-08-11,Sunday,Lunch,460,Cloudy,26,No,Yes,Yes,416,326,90,18
2024-01-03,Wednesday,Lunch,916,Stormy,25,Yes,Yes,No,880,873,7,5
2024-11-16,Saturday,Dinner,903,Cloudy,27,No,No,Yes,856,837,19,15
2024-10-21,Monday,Breakfast,476,Stormy,21,No,Yes,No,460,369,91,55
2024-07-22,Monday,Lunch,997,Rainy,30,Yes,No,No,1001,909,92,31
2024-03-22,Friday,Lunch,559,Stormy,28,No,No,No,537,516,21,15
2024-12-13,Friday,Breakfast,614,Stormy,25,No,No,No,617,544,73,70
2024-11-08,Friday,Lunch,892,Rainy,30,No,No,No,902,880,22,6
2024-02-03,Saturday,Lunch,334,Stormy,22,No,No,Yes,323,310,13,13
2024-09-28,Saturday,Lunch,601,Stormy,24,No,Yes,Yes,572,511,61,1
2024-11-10,Sunday,Dinner,745,Rainy,30,No,Yes,Yes,705,643,62,5
2024-12-27,Friday,Lunch,438,Cloudy,29,Yes,No,No,477,461,16,13
2024-11-26,Tuesday,Dinner,462,Rainy,24,No,No,No,504,461,43,40
2024-07-17,Wednesday,Lunch,523,Cloudy,25,Yes,Yes,No,549,531,18,11
2024-04-27,Saturday,Dinner,261,Stormy,20,Yes,Yes,Yes,221,176,45,25
2024-08-23,Friday,Breakfast,678,Stormy,20,Yes,No,No,630,549,81,6
2024-06-15,Saturday,Dinner,841,Rainy,28,No,No,Yes,824,780,44,14
2024-02-11,Sunday,Lunch,377,Rainy,26,No,Yes,Yes,423,359,64,8
2024-03-21,Thursday,Dinner,436,Rainy,26,No,No,No,472,398,74,30
2024-06-16,Sunday,Dinner,928,Cloudy,28,Yes,No,Yes,976,885,91,65
2024-08-03,Saturday,Lunch,441,Cloudy,27,No,Yes,Yes,460,398,62,23
2024-09-14,Saturday,Dinner,417,Cloudy,33,Yes,No,Yes,382,284,98,34
2024-10-25,Friday,Dinner,654,Sunny,32,No,No,No,693,671,22,11
2024-04-24,Wednesday,Lunch,641,Sunny,30,Yes,No,No,615,553,62,11
2024-11-05,Tuesday,Dinner,444,Rainy,28,Yes,Yes,No,397,339,58,35
2024-10-05,Saturday,Lunch,302,Stormy,23,Yes,Yes,Yes,346,346,0,0
2024-10-06,Sunday,Dinner,588,Cloudy,31,Yes,Yes,Yes,602,564,38,11
2024-02-23,Friday,Breakfast,229,Cloudy,32,No,No,No,195,159,36,7
2024-05-02,Thursday,Lunch,249,Rainy,24,Yes,Yes,No,276,236,40,10
2024-02-24,Saturday,Dinner,915,Cloudy,25,Yes,No,Yes,947,894,53,5
2024-08-22,Thursday,Lunch,512,Rainy,29,Yes,No,No,463,452,11,2
2024-10-04,Friday,Lunch,540,Cloudy,26,No,Yes,No,564,481,83,23
2024-03-17,Sunday,Lunch,398,Sunny,39,Yes,Yes,Yes,445,426,19,18
2024-02-03,Saturday,Dinner,804,Cloudy,27,No,No,Yes,836,818,18,8
2024-01-11,Thursday,Lunch,434,Sunny,39,Yes,Yes,No,460,369,91,59
2024-09-09,Monday,Dinner,494,Rainy,23,Yes,No,No,527,524,3,0
2024-06-07,Friday,Breakfast,761,Stormy,22,No,Yes,No,769,681,88,87
2024-01-17,Wednesday,Dinner,736,Cloudy,26,No,Yes,No,690,642,48,24
2024-07-02,Tuesday,Lunch,950,Cloudy,33,Yes,No,No,990,987,3,0
2024-06-29,Saturday,Dinner,368,Sunny,38,Yes,No,Yes,341,290,51,22
2024-03-25,Monday,Breakfast,670,Cloudy,31,No,Yes,No,677,582,95,83
2024-09-01,Sunday,Lunch,440,Rainy,25,Yes,No,Yes,476,467,9,2
2024-07-25,Thursday,Lunch,973,Rainy,30,Yes,Yes,No,926,860,66,1
2024-06-21,Friday,Lunch,581,Cloudy,26,Yes,No,No,607,528,79,73
2024-05-01,Wednesday,Breakfast,632,Cloudy,33,No,No,No,608,605,3,2
2024-02-02,Friday,Lunch,281,Rainy,30,No,No,No,326,284,42,32
2024-10-15,Tuesday,Lunch,894,Stormy,28,No,Yes,No,918,876,42,14
2024-03-07,Thursday,Lunch,697,Rainy,25,Yes,Yes,No,671,655,16,3
2024-10-24,Thursday,Lunch,573,Rainy,25,No,No,No,601,572,29,24
2024-08-22,Thursday,Lunch,653,Stormy,28,Yes,Yes,No,640,608,32,28
2024-12-29,Sunday,Lunch,413,Cloudy,26,No,Yes,Yes,368,336,32,8
2024-04-28,Sunday,Dinner,495,Stormy,26,No,No,Yes,467,438,29,14
2024-05-27,Monday,Breakfast,567,Cloudy,26,Yes,No,No,540,536,4,4
2024-01-22,Monday,Lunch,474,Rainy,22,No,No,No,502,411,91,84
2024-04-10,Wednesday,Lunch,534,Rainy,22,Yes,Yes,No,498,488,10,3
2024-06-22,Saturday,Lunch,696,Rainy,30,No,Yes,Yes,739,659,80,49
2024-07-30,Tuesday,Dinner,420,Sunny,36,No,No,No,448,401,47,15
2024-07-22,Monday,Breakfast,454,Sunny,34,No,Yes,No,422,365,57,32
2024-08-13,Tuesday,Breakfast,236,Cloudy,25,Yes,Yes,No,203,164,39,34
2024-03-18,Monday,Dinner,365,Stormy,26,Yes,Yes,No,411,373,38,1
2024-11-29,Friday,Breakfast,732,Stormy,23,No,No,No,685,656,29,22
2024-10-02,Wednesday,Breakfast,694,Sunny,35,Yes,No,No,689,610,79,60
2024-10-24,Thursday,Lunch,451,Cloudy,30,No,No,No,446,357,89,3
2024-04-14,Sunday,Lunch,782,Stormy,27,No,Yes,Yes,757,743,14,4
2024-01-29,Monday,Dinner,251,Rainy,29,No,No,No,259,189,70,11
2024-08-14,Wednesday,Breakfast,618,Rainy,29,No,Yes,No,614,525,89,5
2024-10-09,Wednesday,Dinner,238,Stormy,27,Yes,No,No,280,222,58,41
2024-10-04,Friday,Lunch,477,Rainy,27,Yes,Yes,No,462,452,10,10
2024-06-02,Sunday,Breakfast,264,Stormy,25,Yes,Yes,Yes,253,164,89,61
2024-10-31,Thursday,Lunch,766,Sunny,32,No,No,No,791,757,34,16
2024-08-05,Monday,Lunch,351,Rainy,24,No,Yes,No,358,337,21,1
2024-06-25,Tuesday,Lunch,321,Cloudy,25,Yes,Yes,No,353,302,51,2
2024-12-06,Friday,Dinner,689,Cloudy,25,No,Yes,No,725,714,11,8
2024-02-22,Thursday,Lunch,763,Rainy,24,Yes,Yes,No,790,705,85,25
2024-04-26,Friday,Breakfast,966,Sunny,34,No,Yes,No,940,898,42,16
2024-02-18,Sunday,Lunch,389,Stormy,22,No,No,Yes,357,352,5,2
2024-04-17,Wednesday,Dinner,731,Sunny,33,Yes,No,No,719,716,3,1
2024-05-24,Friday,Lunch,715,Stormy,24,No,No,No,735,702,33,11
2024-09-14,Saturday,Breakfast,999,Sunny,34,No,No,Yes,1007,915,92,63
2024-04-26,Friday,Breakfast,305,Rainy,22,Yes,No,No,301,293,8,2
2024-06-13,Thursday,Dinner,653,Rainy,26,Yes,Yes,No,618,585,33,24
2024-10-02,Wednesday,Breakfast,391,Cloudy,25,Yes,Yes,No,402,317,85,23
2024-03-28,Thursday,Lunch,531,Rainy,26,No,Yes,No,530,477,53,14
2024-06-23,Sunday,Breakfast,414,Stormy,23,Yes,Yes,Yes,433,389,44,5
2024-06-17,Monday,Breakfast,236,Sunny,33,Yes,No,No,207,146,61,31
2024-01-13,Saturday,Breakfast,563,Stormy,26,Yes,Yes,Yes,555,457,98,27
2024-11-14,Thursday,Lunch,957,Sunny,39,Yes,No,No,951,860,91,88
2024-11-07,Thursday,Lunch,831,Stormy,25,No,Yes,No,816,767,49,13
2024-06-14,Friday,Breakfast,892,Stormy,24,Yes,Yes,No,854,821,33,20
2024-12-09,Monday,Dinner,256,Rainy,23,No,Yes,No,218,158,60,11
2024-08-29,Thursday,Dinner,375,Rainy,25,Yes,No,No,409,369,40,7
2024-04-11,Thursday,Breakfast,745,Cloudy,29,No,No,No,785,735,50,25
2024-08-14,Wednesday,Dinner,775,Rainy,26,No,No,No,741,722,19,14
2024-10-06,Sunday,Lunch,208,Sunny,36,No,No,Yes,246,216,30,11
2024-05-17,Friday,Lunch,585,Stormy,20,Yes,No,No,558,463,95,85
2024-01-30,Tuesday,Breakfast,652,Stormy,25,No,Yes,No,668,656,12,5
2024-03-12,Tuesday,Breakfast,341,Stormy,28,Yes,No,No,383,363,20,13
2024-04-13,Saturday,Lunch,784,Rainy,22,No,No,Yes,748,657,91,76
2024-03-08,Friday,Lunch,319,Stormy,21,Yes,No,No,326,286,40,19
2024-09-14,Saturday,Breakfast,253,Cloudy,32,Yes,No,Yes,206,109,97,30
2024-06-06,Thursday,Lunch,337,Stormy,22,Yes,Yes,No,361,336,25,25
2024-01-18,Thursday,Breakfast,345,Stormy,27,No,Yes,No,342,276,66,65
2024-08-04,Sunday,Dinner,227,Sunny,31,Yes,Yes,Yes,266,257,9,5
2024-03-27,Wednesday,Breakfast,444,Sunny,37,No,No,No,487,422,65,24
2024-05-04,Saturday,Lunch,366,Cloudy,33,Yes,Yes,Yes,362,333,29,7
2024-10-29,Tuesday,Lunch,632,Sunny,34,Yes,Yes,No,582,543,39,32
2024-09-19,Thursday,Dinner,781,Sunny,38,No,No,No,817,778,39,23
2024-02-17,Saturday,Lunch,875,Sunny,39,Yes,No,Yes,838,745,93,21
2024-08-22,Thursday,Breakfast,553,Stormy,27,No,No,No,572,517,55,10
2024-07-30,Tuesday,Dinner,366,Sunny,31,No,Yes,No,336,238,98,39
2024-01-09,Tuesday,Lunch,633,Stormy,20,Yes,No,No,660,582,78,11
2024-04-26,Friday,Dinner,923,Rainy,24,Yes,Yes,No,890,847,43,31
2024-10-20,Sunday,Lunch,320,Stormy,25,No,No,Yes,293,265,28,14
2024-01-17,Wednesday,Breakfast,349,Sunny,34,Yes,No,No,372,328,44,33
2024-02-24,Saturday,Breakfast,297,Stormy,24,Yes,No,Yes,287,274,13,4
2024-12-13,Friday,Dinner,850,Stormy,23,Yes,No,No,818,732,86,15
2024-11-17,Sunday,Dinner,711,Rainy,30,Yes,No,Yes,735,656,79,15
2024-12-19,Thursday,Breakfast,801,Sunny,39,Yes,Yes,No,752,725,27,11
2024-12-19,Thursday,Dinner,963,Sunny,30,Yes,No,No,959,916,43,28
2024-10-17,Thursday,Dinner,364,Stormy,25,No,No,No,352,286,66,38
2024-08-28,Wednesday,Lunch,556,Rainy,29,Yes,No,No,599,579,20,4
2024-03-29,Friday,Breakfast,785,Rainy,23,No,Yes,No,754,753,1,0
2024-10-04,Friday,Dinner,475,Stormy,26,Yes,No,No,481,388,93,60
2024-09-14,Saturday,Dinner,878,Sunny,33,Yes,No,Yes,883,846,37,28
2024-12-08,Sunday,Breakfast,968,Sunny,36,Yes,No,Yes,978,978,0,0
2024-10-19,Saturday,Lunch,666,Rainy,24,Yes,No,Yes,629,535,94,31
2024-12-03,Tuesday,Lunch,663,Sunny,39,No,No,No,618,606,12,1
2024-02-16,Friday,Dinner,864,Cloudy,27,Yes,No,No,850,802,48,35
2024-01-31,Wednesday,Dinner,962,Cloudy,27,Yes,No,No,981,920,61,27
2024-11-22,Friday,Breakfast,209,Cloudy,31,No,Yes,No,234,185,49,8
2024-08-27,Tuesday,Dinner,884,Sunny,38,No,No,No,862,765,97,0
2024-09-22,Sunday,Lunch,508,Sunny,37,Yes,Yes,Yes,535,439,96,70
2024-12-01,Sunday,Breakfast,587,Cloudy,26,No,No,Yes,603,567,36,24
2024-04-11,Thursday,Dinner,882,Sunny,38,Yes,Yes,No,842,780,62,35
2024-07-03,Wednesday,Lunch,743,Stormy,22,No,No,No,750,723,27,14
2024-03-29,Friday,Breakfast,497,Stormy,21,No,Yes,No,457,452,5,1
2024-05-11,Saturday,Dinner,356,Rainy,23,Yes,Yes,Yes,386,313,73,12
2024-05-08,Wednesday,Breakfast,471,Stormy,20,No,No,No,431,346,85,30
2024-05-22,Wednesday,Dinner,701,Stormy,24,No,Yes,No,713,688,25,14
2024-02-22,Thursday,Lunch,779,Rainy,27,No,No,No,764,678,86,27
2024-09-08,Sunday,Lunch,763,Cloudy,33,No,Yes,Yes,792,770,22,7
2024-12-08,Sunday,Breakfast,660,Rainy,24,No,No,Yes,647,557,90,24
2024-08-28,Wednesday,Breakfast,877,Stormy,23,No,No,No,881,860,21,0
2024-02-26,Monday,Lunch,458,Rainy,28,No,Yes,No,439,392,47,47
2024-12-11,Wednesday,Lunch,858,Cloudy,32,No,No,No,851,765,86,1
2024-04-15,Monday,Dinner,698,Rainy,23,Yes,Yes,No,660,561,99,99
2024-03-06,Wednesday,Breakfast,378,Sunny,40,Yes,Yes,No,391,384,7,7
2024-03-15,Friday,Breakfast,290,Cloudy,28,Yes,No,No,293,252,41,0
2024-07-12,Friday,Dinner,651,Stormy,27,Yes,Yes,No,665,598,67,54
2024-08-15,Thursday,Dinner,255,Cloudy,25,Yes,Yes,No,261,245,16,3
2024-05-21,Tuesday,Lunch,425,Cloudy,32,No,No,No,467,394,73,66
2024-09-07,Saturday,Lunch,798,Stormy,22,Yes,No,Yes,790,757,33,27
2024-05-03,Friday,Dinner,670,Stormy,24,Yes,Yes,No,630,553,77,47
2024-12-20,Friday,Breakfast,642,Cloudy,26,No,Yes,No,647,635,12,8
2024-07-25,Thursday,Lunch,346,Rainy,29,Yes,No,No,379,341,38,22
2024-12-19,Thursday,Lunch,220,Rainy,24,No,Yes,No,251,176,75,35
2024-08-17,Saturday,Lunch,926,Stormy,24,Yes,Yes,Yes,877,828,49,8
2024-07-02,Tuesday,Dinner,840,Sunny,32,No,Yes,No,825,801,24,24
2024-03-23,Saturday,Dinner,985,Sunny,35,No,No,Yes,977,956,21,19
2024-10-31,Thursday,Breakfast,380,Sunny,36,Yes,No,No,381,340,41,17
2024-05-24,Friday,Dinner,518,Cloudy,27,Yes,No,No,550,492,58,41
2024-07-22,Monday,Lunch,419,Sunny,36,Yes,Yes,No,439,397,42,5
2024-10-06,Sunday,Breakfast,793,Sunny,39,Yes,Yes,Yes,812,742,70,5
2024-05-28,Tuesday,Dinner,917,Cloudy,28,No,Yes,No,939,928,11,8
2024-02-14,Wednesday,Lunch,635,Sunny,34,Yes,No,No,627,571,56,15
2024-11-15,Friday,Dinner,863,Cloudy,31,No,Yes,No,887,866,21,16
2024-11-07,Thursday,Dinner,773,Rainy,28,No,No,No,767,674,93,67
2024-02-17,Saturday,Dinner,226,Stormy,28,Yes,No,Yes,264,196,68,51
2024-08-11,Sunday,Dinner,625,Rainy,28,No,No,Yes,634,591,43,17
2024-09-10,Tuesday,Dinner,813,Cloudy,25,Yes,No,No,823,792,31,24
2024-05-16,Thursday,Lunch,302,Rainy,23,Yes,No,No,303,273,30,21
2024-03-03,Sunday,Lunch,744,Rainy,22,Yes,Yes,Yes,788,750,38,33
2024-05-14,Tuesday,Breakfast,323,Rainy,28,No,No,No,372,326,46,7
2024-07-17,Wednesday,Dinner,859,Stormy,23,Yes,No,No,819,786,33,8
2024-11-01,Friday,Dinner,698,Sunny,35,Yes,No,No,736,637,99,72
2024-11-09,Saturday,Dinner,527,Cloudy,33,Yes,No,Yes,571,501,70,59
2024-06-27,Thursday,Breakfast,860,Stormy,22,No,Yes,No,907,822,85,37
2024-02-24,Saturday,Breakfast,547,Cloudy,33,No,Yes,Yes,586,571,15,15
2024-06-09,Sunday,Dinner,237,Rainy,22,No,No,Yes,232,218,14,1
2024-02-08,Thursday,Lunch,472,Cloudy,25,Yes,No,No,512,486,26,5
2024-12-19,Thursday,Lunch,468,Cloudy,32,No,No,No,460,391,69,21
2024-08-10,Saturday,Lunch,945,Rainy,28,No,No,Yes,914,872,42,38
2024-03-09,Saturday,Breakfast,316,Sunny,37,Yes,Yes,Yes,270,257,13,13
2024-11-14,Thursday,Dinner,420,Cloudy,25,No,No,No,370,347,23,11
2024-06-12,Wednesday,Lunch,985,Stormy,25,Yes,No,No,1003,919,84,19
2024-08-03,Saturday,Lunch,915,Sunny,32,No,No,Yes,889,802,87,70
2024-10-29,Tuesday,Lunch,751,Cloudy,30,No,Yes,No,760,708,52,39
2024-12-09,Monday,Breakfast,826,Sunny,36,No,Yes,No,833,783,50,18
2024-05-09,Thursday,Breakfast,295,Sunny,32,Yes,No,No,275,183,92,2
2024-01-04,Thursday,Breakfast,817,Rainy,22,Yes,No,No,796,698,98,96
2024-03-03,Sunday,Dinner,927,Rainy,26,No,Yes,Yes,879,865,14,14
2024-09-05,Thursday,Breakfast,271,Rainy,30,Yes,No,No,269,233,36,30
2024-01-08,Monday,Dinner,210,Sunny,37,Yes,Yes,No,212,194,18,2
2024-01-19,Friday,Lunch,387,Sunny,40,No,Yes,No,414,410,4,4
2024-09-11,Wednesday,Dinner,728,Stormy,27,Yes,Yes,No,698,638,60,54
2024-02-08,Thursday,Dinner,200,Sunny,33,Yes,No,No,161,117,44,27
2024-10-04,Friday,Breakfast,611,Sunny,35,No,No,No,602,511,91,9
2024-09-18,Wednesday,Lunch,933,Sunny,30,Yes,Yes,No,940,855,85,54
2024-01-28,Sunday,Lunch,423,Stormy,21,Yes,Yes,Yes,405,392,13,11
2024-06-28,Friday,Breakfast,601,Stormy,24,No,Yes,No,645,618,27,25
2024-11-28,Thursday,Dinner,927,Sunny,36,Yes,No,No,964,949,15,13
2024-04-22,Monday,Dinner,864,Rainy,24,No,Yes,No,864,783,81,6
2024-08-08,Thursday,Breakfast,508,Rainy,26,Yes,Yes,No,496,453,43,5
2024-05-25,Saturday,Breakfast,209,Sunny,40,Yes,No,Yes,176,104,72,1
2024-05-25,Saturday,Lunch,520,Cloudy,31,No,Yes,Yes,476,444,32,31
2024-12-07,Saturday,Breakfast,952,Stormy,27,Yes,No,Yes,975,944,31,2
2024-07-07,Sunday,Lunch,982,Stormy,20,Yes,No,Yes,999,927,72,65
2024-04-12,Friday,Breakfast,656,Stormy,22,No,No,No,657,613,44,30
2024-11-11,Monday,Lunch,528,Rainy,30,Yes,No,No,520,457,63,1
2024-08-06,Tuesday,Dinner,470,Stormy,23,No,No,No,433,352,81,12
2024-03-23,Saturday,Lunch,766,Stormy,21,Yes,Yes,Yes,724,673,51,42
2024-07-22,Monday,Dinner,558,Stormy,26,No,No,No,546,533,13,1
2024-12-21,Saturday,Breakfast,921,Rainy,30,Yes,Yes,Yes,967,896,71,53
2024-06-27,Thursday,Lunch,984,Stormy,26,No,No,No,970,910,60,30
2024-05-02,Thursday,Breakfast,955,Rainy,24,Yes,No,No,951,918,33,19
2024-03-02,Saturday,Breakfast,379,Rainy,29,No,No,Yes,401,343,58,36
2024-04-26,Friday,Dinner,622,Rainy,26,No,No,No,601,575,26,12
2024-06-27,Thursday,Dinner,394,Stormy,22,No,No,No,419,416,3,1
2024-03-14,Thursday,Lunch,822,Rainy,30,No,No,No,794,709,85,27
2024-04-05,Friday,Lunch,233,Stormy,27,Yes,Yes,No,278,272,6,4
2024-08-05,Monday,Breakfast,856,Cloudy,30,Yes,Yes,No,820,746,74,68
2024-02-06,Tuesday,Lunch,276,Rainy,26,No,Yes,No,283,203,80,2
2024-09-21,Saturday,Dinner,589,Cloudy,25,Yes,Yes,Yes,563,538,25,10
2024-04-01,Monday,Dinner,594,Sunny,35,No,No,No,619,575,44,9
2024-07-06,Saturday,Breakfast,913,Stormy,23,No,No,Yes,908,851,57,3
2024-04-26,Friday,Breakfast,470,Sunny,40,Yes,Yes,No,451,362,89,65
2024-07-03,Wednesday,Breakfast,924,Sunny,36,No,No,No,881,836,45,35
2024-05-23,Thursday,Breakfast,392,Rainy,23,No,No,No,412,377,35,10
2024-08-09,Friday,Lunch,880,Sunny,36,No,No,No,921,837,84,77
2024-12-31,Tuesday,Breakfast,384,Cloudy,30,No,Yes,No,423,420,3,3
2024-01-13,Saturday,Breakfast,693,Sunny,33,No,Yes,Yes,693,681,12,2
2024-06-24,Monday,Dinner,513,Sunny,39,Yes,No,No,502,428,74,62
2024-09-23,Monday,Breakfast,710,Rainy,23,No,Yes,No,695,653,42,1
2024-05-01,Wednesday,Breakfast,346,Cloudy,26,Yes,No,No,303,259,44,15
2024-12-25,Wednesday,Dinner,349,Stormy,24,No,Yes,No,385,344,41,7
2024-11-12,Tuesday,Breakfast,420,Rainy,30,Yes,No,No,443,343,100,79
2024-05-21,Tuesday,Lunch,201,Stormy,28,No,No,No,182,99,83,8
2024-10-01,Tuesday,Lunch,488,Cloudy,25,Yes,No,No,530,452,78,70
2024-02-27,Tuesday,Lunch,923,Sunny,34,No,Yes,No,935,850,85,51
2024-10-06,Sunday,Lunch,719,Stormy,24,No,Yes,Yes,678,655,23,22
2024-05-16,Thursday,Lunch,231,Rainy,29,Yes,Yes,No,274,223,51,5
2024-01-11,Thursday,Lunch,339,Sunny,36,No,No,No,306,292,14,12
2024-11-16,Saturday,Dinner,246,Rainy,29,Yes,No,Yes,215,178,37,22
2024-10-07,Monday,Dinner,240,Stormy,24,No,Yes,No,202,166,36,19
2024-10-28,Monday,Lunch,705,Stormy,23,Yes,Yes,No,682,598,84,30
2024-06-12,Wednesday,Breakfast,500,Cloudy,30,Yes,No,No,466,399,67,1
2024-03-15,Friday,Lunch,513,Rainy,29,Yes,Yes,No,539,488,51,30
2024-04-13,Saturday,Breakfast,787,Sunny,30,No,No,Yes,751,660,91,5
2024-09-04,Wednesday,Lunch,560,Rainy,23,No,Yes,No,538,516,22,9
2024-10-09,Wednesday,Lunch,426,Stormy,28,No,No,No,452,361,91,72
2024-05-14,Tuesday,Dinner,999,Rainy,23,No,Yes,No,1048,1034,14,3
2024-01-29,Monday,Lunch,203,Stormy,24,No,Yes,No,200,176,24,4
2024-10-29,Tuesday,Dinner,486,Sunny,32,No,Yes,No,437,410,27,8
2024-12-28,Saturday,Breakfast,341,Stormy,21,Yes,Yes,Yes,342,288,54,9
2024-10-07,Monday,Dinner,824,Cloudy,27,No,No,No,781,723,58,17
2024-07-12,Friday,Lunch,941,Rainy,28,Yes,Yes,No,954,952,2,0
2024-11-16,Saturday,Breakfast,352,Stormy,25,Yes,No,Yes,393,322,71,66
2024-04-13,Saturday,Dinner,884,Cloudy,27,Yes,Yes,Yes,851,824,27,16
2024-05-23,Thursday,Breakfast,201,Rainy,22,Yes,No,No,251,180,71,54
2024-06-25,Tuesday,Lunch,253,Sunny,33,Yes,Yes,No,254,239,15,11
2024-05-18,Saturday,Dinner,713,Rainy,23,No,Yes,Yes,737,641,96,50
2024-08-07,Wednesday,Lunch,731,Stormy,24,Yes,Yes,No,742,643,99,11
2024-05-04,Saturday,Breakfast,341,Cloudy,30,Yes,No,Yes,336,252,84,70
2024-11-27,Wednesday,Dinner,983,Rainy,30,Yes,Yes,No,1012,960,52,52
2024-04-10,Wednesday,Lunch,786,Sunny,36,Yes,No,No,758,702,56,15
2024-10-21,Monday,Breakfast,901,Sunny,39,Yes,Yes,No,898,816,82,82
2024-05-31,Friday,Lunch,618,Cloudy,29,Yes,Yes,No,667,584,83,80
2024-02-16,Friday,Breakfast,875,Stormy,23,No,Yes,No,839,825,14,13
2024-01-11,Thursday,Lunch,254,Cloudy,26,No,Yes,No,239,180,59,7
2024-07-15,Monday,Dinner,875,Rainy,29,No,Yes,No,850,763,87,81
2024-04-06,Saturday,Dinner,941,Stormy,23,No,No,Yes,954,867,87,1
2024-10-17,Thursday,Breakfast,913,Rainy,30,No,No,No,905,825,80,35
2024-03-23,Saturday,Breakfast,693,Rainy,22,No,Yes,Yes,687,610,77,60
2024-08-27,Tuesday,Breakfast,212,Cloudy,27,No,Yes,No,186,176,10,0
2024-04-12,Friday,Lunch,282,Cloudy,30,Yes,Yes,No,269,214,55,6
2024-06-20,Thursday,Breakfast,449,Stormy,27,Yes,Yes,No,483,408,75,38
2024-12-24,Tuesday,Lunch,376,Cloudy,26,Yes,Yes,No,368,301,67,46
2024-08-14,Wednesday,Lunch,976,Stormy,20,Yes,No,No,956,879,77,23
2024-05-29,Wednesday,Breakfast,596,Rainy,25,No,Yes,No,549,509,40,11
2024-10-19,Saturday,Breakfast,220,Cloudy,33,Yes,No,Yes,245,202,43,18
2024-02-14,Wednesday,Lunch,720,Sunny,31,No,No,No,759,751,8,4
2024-09-25,Wednesday,Dinner,759,Sunny,40,No,Yes,No,779,765,14,12
2024-04-11,Thursday,Breakfast,655,Cloudy,30,Yes,Yes,No,656,630,26,14
2024-01-23,Tuesday,Dinner,236,Stormy,27,Yes,Yes,No,248,200,48,20
2024-03-13,Wednesday,Breakfast,700,Sunny,38,Yes,Yes,No,748,692,56,30
2024-05-12,Sunday,Dinner,837,Stormy,26,Yes,Yes,Yes,858,761,97,72
2024-03-22,Friday,Lunch,710,Rainy,25,No,Yes,No,749,735,14,0
2024-12-28,Saturday,Lunch,476,Sunny,32,Yes,Yes,Yes,466,439,27,19
2024-03-29,Friday,Lunch,687,Stormy,27,No,No,No,670,649,21,17
2024-08-24,Saturday,Lunch,870,Rainy,30,No,No,Yes,826,768,58,7
2024-07-28,Sunday,Breakfast,325,Cloudy,25,Yes,No,Yes,323,263,60,41
2024-03-15,Friday,Breakfast,577,Rainy,26,Yes,No,No,612,549,63,24
2024-07-11,Thursday,Dinner,644,Rainy,29,Yes,Yes,No,653,624,29,16
2024-02-09,Friday,Lunch,789,Cloudy,32,No,Yes,No,823,796,27,16
2024-07-21,Sunday,Dinner,206,Sunny,39,Yes,Yes,Yes,218,181,37,21
2024-10-21,Monday,Breakfast,305,Rainy,25,Yes,Yes,No,329,294,35,4
2024-09-27,Friday,Dinner,976,Stormy,24,Yes,Yes,No,973,923,50,13
2024-12-27,Friday,Breakfast,229,Sunny,32,Yes,Yes,No,188,100,88,68
2024-01-19,Friday,Breakfast,500,Stormy,24,No,Yes,No,488,388,100,30
2024-12-04,Wednesday,Breakfast,752,Stormy,27,Yes,No,No,726,658,68,58
2024-07-06,Saturday,Breakfast,948,Stormy,23,Yes,Yes,Yes,951,893,58,47
2024-10-12,Saturday,Lunch,419,Rainy,23,Yes,No,Yes,387,336,51,38
2024-05-28,Tuesday,Lunch,716,Cloudy,31,Yes,No,No,752,672,80,28
2024-10-04,Friday,Dinner,694,Stormy,24,Yes,Yes,No,720,638,82,80
2024-11-04,Monday,Dinner,975,Rainy,22,Yes,Yes,No,961,913,48,9
2024-01-31,Wednesday,Breakfast,430,Stormy,21,No,Yes,No,426,394,32,0
2024-01-26,Friday,Breakfast,325,Rainy,25,No,No,No,371,293,78,7
2024-02-01,Thursday,Dinner,688,Stormy,28,No,No,No,738,719,19,1
2024-06-05,Wednesday,Lunch,493,Sunny,34,No,Yes,No,530,512,18,1
2024-02-26,Monday,Dinner,695,Stormy,27,Yes,Yes,No,692,674,18,18
2024-07-12,Friday,Dinner,551,Stormy,21,Yes,Yes,No,584,490,94,70
2024-05-21,Tuesday,Dinner,918,Stormy,28,Yes,No,No,927,852,75,63
2024-06-01,Saturday,Lunch,308,Rainy,29,No,Yes,Yes,284,279,5,5
2024-07-27,Saturday,Dinner,768,Sunny,35,Yes,Yes,Yes,740,646,94,21
2024-07-31,Wednesday,Breakfast,590,Stormy,24,Yes,No,No,597,500,97,36
2024-07-08,Monday,Lunch,260,Rainy,25,No,Yes,No,248,198,50,28
2024-09-05,Thursday,Breakfast,797,Stormy,20,Yes,No,No,767,707,60,37
2024-12-04,Wednesday,Lunch,861,Stormy,24,No,No,No,860,811,49,12
2024-12-24,Tuesday,Dinner,710,Rainy,29,Yes,Yes,No,685,610,75,23
2024-10-21,Monday,Breakfast,768,Stormy,22,No,No,No,784,713,71,69
2024-06-15,Saturday,Lunch,651,Cloudy,27,Yes,Yes,Yes,652,602,50,36
2024-03-05,Tuesday,Dinner,225,Rainy,29,Yes,Yes,No,252,158,94,92
2024-11-23,Saturday,Dinner,794,Stormy,20,No,No,Yes,822,811,11,10
2024-01-31,Wednesday,Dinner,413,Sunny,33,No,Yes,No,453,418,35,35
2024-10-09,Wednesday,Lunch,357,Rainy,27,Yes,Yes,No,380,327,53,21
2024-09-18,Wednesday,Breakfast,815,Rainy,23,No,Yes,No,824,729,95,11
2024-02-22,Thursday,Dinner,463,Sunny,37,No,No,No,436,357,79,14
2024-02-04,Sunday,Breakfast,683,Cloudy,28,Yes,No,Yes,697,648,49,9
2024-12-05,Thursday,Lunch,544,Cloudy,29,Yes,No,No,526,499,27,26
2024-12-05,Thursday,Lunch,892,Cloudy,28,Yes,Yes,No,876,867,9,9
2024-08-07,Wednesday,Breakfast,480,Stormy,26,Yes,No,No,463,430,33,31
2024-08-19,Monday,Dinner,874,Cloudy,31,No,Yes,No,894,819,75,63
2024-03-25,Monday,Dinner,827,Cloudy,29,No,Yes,No,827,763,64,39
2024-12-20,Friday,Dinner,858,Rainy,23,No,No,No,837,762,75,46
2024-06-28,Friday,Breakfast,369,Sunny,40,Yes,No,No,390,373,17,8
2024-06-24,Monday,Dinner,810,Sunny,39,No,No,No,805,724,81,11
2024-08-09,Friday,Breakfast,993,Sunny,30,No,Yes,No,1031,1030,1,0
2024-01-23,Tuesday,Lunch,252,Stormy,24,No,No,No,204,161,43,14
2024-06-03,Monday,Breakfast,282,Rainy,28,No,No,No,294,267,27,5
2024-03-11,Monday,Breakfast,893,Sunny,39,No,No,No,908,860,48,34
2024-02-03,Saturday,Dinner,552,Stormy,22,No,Yes,Yes,520,437,83,49
2024-03-20,Wednesday,Dinner,377,Stormy,24,Yes,No,No,377,327,50,45
2024-07-06,Saturday,Lunch,523,Cloudy,33,No,No,Yes,532,467,65,59
2024-08-19,Monday,Lunch,623,Cloudy,33,Yes,No,No,610,602,8,0
2024-03-27,Wednesday,Breakfast,721,Sunny,36,No,No,No,674,638,36,3
2024-12-25,Wednesday,Lunch,997,Sunny,36,Yes,No,No,950,898,52,38
2024-12-15,Sunday,Dinner,972,Rainy,24,Yes,Yes,Yes,1002,909,93,15
2024-02-07,Wednesday,Breakfast,206,Stormy,24,No,No,No,204,129,75,0
2024-02-26,Monday,Breakfast,989,Stormy,28,Yes,Yes,No,1037,1014,23,15
2024-11-14,Thursday,Lunch,610,Cloudy,28,Yes,No,No,601,509,92,20
2024-07-21,Sunday,Dinner,935,Stormy,20,Yes,No,Yes,936,884,52,44
2024-11-10,Sunday,Lunch,560,Stormy,28,No,Yes,Yes,584,502,82,48
2024-05-28,Tuesday,Lunch,884,Rainy,25,No,Yes,No,842,816,26,6
2024-10-01,Tuesday,Dinner,634,Rainy,30,No,Yes,No,608,597,11,6
2024-10-22,Tuesday,Breakfast,287,Sunny,40,No,Yes,No,331,315,16,14
2024-01-24,Wednesday,Breakfast,334,Cloudy,31,No,No,No,366,293,73,0
2024-12-03,Tuesday,Dinner,614,Sunny,32,No,Yes,No,610,542,68,43
2024-04-21,Sunday,Lunch,379,Stormy,23,Yes,No,Yes,416,326,90,51
2024-07-01,Monday,Breakfast,201,Sunny,30,Yes,No,No,167,99,68,32
2024-09-18,Wednesday,Lunch,779,Cloudy,26,Yes,No,No,762,757,5,0
2024-01-11,Thursday,Breakfast,354,Rainy,29,No,Yes,No,392,374,18,8
2024-09-17,Tuesday,Breakfast,395,Rainy,22,No,Yes,No,406,318,88,10
2024-08-18,Sunday,Dinner,728,Stormy,26,No,No,Yes,706,679,27,0
2024-04-09,Tuesday,Breakfast,365,Stormy,22,No,No,No,358,351,7,6
2024-01-24,Wednesday,Lunch,650,Stormy,24,Yes,No,No,619,550,69,62
2024-04-05,Friday,Lunch,374,Sunny,31,No,No,No,409,388,21,17
2024-08-21,Wednesday,Dinner,915,Stormy,21,Yes,Yes,No,955,871,84,23
2024-09-13,Friday,Breakfast,557,Stormy,23,No,No,No,531,473,58,40
2024-03-19,Tuesday,Lunch,354,Sunny,34,No,No,No,398,379,19,17
2024-04-28,Sunday,Breakfast,238,Stormy,24,Yes,Yes,Yes,197,101,96,83
2024-06-16,Sunday,Breakfast,296,Stormy,26,Yes,No,Yes,344,338,6,6
2024-05-02,Thursday,Breakfast,595,Stormy,22,No,Yes,No,596,565,31,21
2024-11-22,Friday,Breakfast,399,Cloudy,29,Yes,Yes,No,439,434,5,0
2024-09-26,Thursday,Dinner,933,Cloudy,29,No,No,No,958,926,32,19
2024-08-29,Thursday,Lunch,415,Rainy,22,Yes,No,No,422,402,20,0
2024-05-15,Wednesday,Dinner,736,Sunny,37,No,Yes,No,691,667,24,3
2024-02-15,Thursday,Breakfast,442,Cloudy,30,No,No,No,450,382,68,35
2024-11-11,Monday,Dinner,438,Sunny,39,Yes,Yes,No,447,383,64,17
2024-11-03,Sunday,Breakfast,539,Cloudy,29,No,No,Yes,492,420,72,52
2024-09-30,Monday,Dinner,236,Rainy,28,Yes,No,No,214,151,63,26
2024-12-14,Saturday,Breakfast,988,Stormy,22,No,Yes,Yes,986,926,60,51
2024-11-28,Thursday,Lunch,502,Cloudy,25,No,Yes,No,457,368,89,86
2024-08-05,Monday,Breakfast,537,Rainy,24,Yes,Yes,No,535,501,34,25
2024-02-20,Tuesday,Dinner,290,Stormy,25,Yes,No,No,275,256,19,1
2024-09-19,Thursday,Lunch,526,Stormy,27,Yes,No,No,528,520,8,7
2024-07-10,Wednesday,Breakfast,918,Rainy,29,No,No,No,947,936,11,9
2024-09-26,Thursday,Dinner,480,Cloudy,31,No,No,No,488,444,44,1
2024-11-24,Sunday,Lunch,917,Rainy,26,No,No,Yes,933,862,71,69
2024-07-01,Monday,Lunch,206,Cloudy,29,No,Yes,No,166,160,6,6
2024-06-28,Friday,Lunch,689,Rainy,26,Yes,Yes,No,684,666,18,13
2024-11-12,Tuesday,Dinner,864,Sunny,31,No,Yes,No,849,777,72,7
2024-01-14,Sunday,Dinner,234,Stormy,26,No,No,Yes,250,210,40,14
2024-09-24,Tuesday,Dinner,378,Stormy,20,No,Yes,No,364,343,21,12
2024-07-27,Saturday,Lunch,767,Rainy,27,No,No,Yes,744,727,17,16
2024-08-26,Monday,Breakfast,532,Sunny,31,Yes,No,No,513,449,64,12
2024-05-18,Saturday,Lunch,503,Sunny,31,Yes,No,Yes,545,472,73,16
2024-07-04,Thursday,Breakfast,222,Stormy,24,Yes,Yes,No,222,140,82,70
2024-02-20,Tuesday,Lunch,599,Sunny,31,No,No,No,578,505,73,49
2024-01-05,Friday,Dinner,958,Sunny,34,No,Yes,No,972,951,21,21
2024-07-01,Monday,Lunch,904,Sunny,30,Yes,Yes,No,873,779,94,79
2024-01-18,Thursday,Dinner,297,Rainy,26,Yes,No,No,320,249,71,0
2024-09-20,Friday,Lunch,398,Rainy,22,Yes,No,No,402,386,16,13
2024-02-28,Wednesday,Lunch,489,Rainy,23,No,Yes,No,498,406,92,16
2024-07-26,Friday,Breakfast,737,Stormy,22,No,Yes,No,769,686,83,30
2024-03-21,Thursday,Dinner,735,Sunny,33,Yes,Yes,No,685,600,85,43
2024-09-08,Sunday,Lunch,775,Cloudy,33,Yes,No,Yes,758,658,100,55
2024-11-22,Friday,Dinner,778,Cloudy,26,No,Yes,No,775,715,60,42
2024-03-27,Wednesday,Breakfast,858,Sunny,33,No,Yes,No,886,857,29,28
2024-01-19,Friday,Dinner,710,Cloudy,30,Yes,No,No,669,583,86,78
2024-12-15,Sunday,Dinner,694,Rainy,24,Yes,No,Yes,654,607,47,34
2024-06-07,Friday,Breakfast,210,Rainy,29,Yes,No,No,198,130,68,7
2024-07-30,Tuesday,Dinner,396,Cloudy,33,No,Yes,No,436,425,11,8
2024-04-03,Wednesday,Lunch,597,Cloudy,33,No,No,No,592,505,87,6
2024-11-05,Tuesday,Breakfast,957,Sunny,38,Yes,Yes,No,965,895,70,18
2024-05-14,Tuesday,Breakfast,914,Stormy,24,No,Yes,No,935,859,76,58
2024-08-22,Thursday,Lunch,289,Cloudy,26,Yes,Yes,No,283,231,52,21
2024-10-17,Thursday,Breakfast,405,Sunny,38,No,No,No,430,359,71,30
2024-02-25,Sunday,Dinner,329,Cloudy,30,No,Yes,Yes,353,303,50,16
2024-05-17,Friday,Breakfast,232,Stormy,28,No,Yes,No,200,136,64,24
2024-11-09,Saturday,Lunch,771,Stormy,24,No,No,Yes,815,796,19,4
2024-05-25,Saturday,Dinner,963,Stormy,27,Yes,No,Yes,983,898,85,11
2024-11-01,Friday,Dinner,429,Cloudy,33,No,No,No,405,400,5,2
2024-05-01,Wednesday,Breakfast,204,Stormy,26,No,No,No,192,173,19,15
2024-07-31,Wednesday,Lunch,210,Rainy,23,Yes,No,No,218,177,41,8
2024-01-29,Monday,Breakfast,341,Sunny,30,No,Yes,No,357,348,9,8
2024-02-15,Thursday,Breakfast,743,Cloudy,28,Yes,Yes,No,777,772,5,2
2024-06-06,Thursday,Lunch,413,Stormy,26,Yes,No,No,394,380,14,9
2024-11-23,Saturday,Dinner,1000,Rainy,24,Yes,Yes,Yes,1048,978,70,5
2024-08-04,Sunday,Breakfast,973,Sunny,36,Yes,Yes,Yes,985,943,42,19
2024-10-28,Monday,Lunch,862,Stormy,24,No,Yes,No,835,765,70,55
2024-03-17,Sunday,Breakfast,505,Stormy,26,No,No,Yes,537,530,7,5
2024-11-22,Friday,Dinner,406,Stormy,24,Yes,Yes,No,409,332,77,14
2024-04-19,Friday,Breakfast,292,Sunny,34,No,No,No,308,244,64,55
2024-11-12,Tuesday,Lunch,782,Rainy,25,No,No,No,812,724,88,39
2024-12-06,Friday,Breakfast,385,Sunny,37,No,No,No,406,318,88,71
2024-03-01,Friday,Dinner,806,Cloudy,25,No,No,No,809,727,82,72
2024-06-29,Saturday,Breakfast,476,Rainy,29,No,No,Yes,491,427,64,15
2024-10-07,Monday,Dinner,774,Sunny,36,No,Yes,No,746,745,1,0
2024-10-20,Sunday,Lunch,446,Rainy,22,No,Yes,Yes,425,402,23,8
2024-04-07,Sunday,Lunch,394,Cloudy,31,Yes,Yes,Yes,352,274,78,13
2024-04-05,Friday,Lunch,509,Stormy,27,No,Yes,No,510,439,71,56
2024-04-14,Sunday,Breakfast,994,Rainy,29,Yes,Yes,Yes,1042,966,76,64
2024-12-09,Monday,Dinner,561,Sunny,35,Yes,Yes,No,543,493,50,28
2024-02-19,Monday,Lunch,223,Stormy,26,No,No,No,189,112,77,67
2024-05-24,Friday,Dinner,284,Sunny,39,No,No,No,263,187,76,32
2024-08-03,Saturday,Lunch,763,Rainy,24,No,Yes,Yes,719,672,47,17
2024-05-16,Thursday,Breakfast,984,Sunny,36,Yes,Yes,No,995,949,46,34
2024-11-03,Sunday,Lunch,804,Cloudy,31,Yes,No,Yes,802,795,7,4
2024-06-22,Saturday,Lunch,992,Sunny,35,Yes,Yes,Yes,978,937,41,27
2024-05-03,Friday,Breakfast,836,Sunny,34,No,No,No,857,849,8,8
2024-12-22,Sunday,Lunch,338,Cloudy,26,Yes,No,Yes,382,338,44,34
2024-02-29,Thursday,Dinner,802,Sunny,32,Yes,Yes,No,827,737,90,62
2024-03-25,Monday,Breakfast,247,Cloudy,27,Yes,Yes,No,253,163,90,43
2024-11-21,Thursday,Dinner,906,Sunny,39,No,No,No,883,843,40,19
2024-03-15,Friday,Dinner,854,Sunny,37,Yes,No,No,899,858,41,13
2024-12-14,Saturday,Dinner,209,Stormy,27,No,Yes,Yes,162,114,48,31
2024-08-24,Saturday,Breakfast,964,Stormy,26,Yes,Yes,Yes,954,888,66,62
2024-04-21,Sunday,Breakfast,378,Cloudy,25,Yes,No,Yes,379,285,94,2
2024-11-23,Saturday,Breakfast,678,Sunny,30,No,Yes,Yes,671,658,13,3
2024-06-21,Friday,Lunch,836,Rainy,27,No,Yes,No,862,823,39,22
2024-03-28,Thursday,Lunch,673,Stormy,25,No,Yes,No,652,620,32,12
2024-02-26,Monday,Lunch,651,Sunny,32,Yes,Yes,No,687,610,77,64
2024-08-09,Friday,Breakfast,227,Rainy,28,Yes,Yes,No,202,108,94,77
2024-03-02,Saturday,Dinner,284,Sunny,39,No,Yes,Yes,248,210,38,30
2024-11-06,Wednesday,Breakfast,392,Sunny,38,No,Yes,No,395,318,77,7
2024-05-26,Sunday,Lunch,219,Stormy,28,No,No,Yes,211,208,3,2
2024-07-09,Tuesday,Breakfast,213,Stormy,24,Yes,No,No,206,151,55,24
2024-10-23,Wednesday,Lunch,603,Rainy,27,No,Yes,No,584,576,8,7
2024-04-14,Sunday,Dinner,664,Rainy,29,No,Yes,Yes,660,656,4,1
2024-06-18,Tuesday,Dinner,962,Stormy,22,No,Yes,No,1003,952,51,2
2024-01-23,Tuesday,Lunch,978,Rainy,28,No,No,No,975,901,74,56
2024-02-28,Wednesday,Lunch,671,Stormy,24,No,Yes,No,717,673,44,35
2024-10-12,Saturday,Dinner,400,Stormy,24,Yes,No,Yes,411,401,10,8
2024-04-07,Sunday,Lunch,299,Cloudy,29,Yes,Yes,Yes,301,221,80,5
2024-07-26,Friday,Dinner,725,Sunny,33,No,No,No,726,630,96,9
2024-09-17,Tuesday,Dinner,586,Cloudy,28,No,Yes,No,538,475,63,42
2024-12-16,Monday,Breakfast,493,Rainy,25,No,Yes,No,519,446,73,30
2024-01-18,Thursday,Dinner,463,Stormy,23,No,No,No,451,421,30,16
2024-04-20,Saturday,Lunch,535,Rainy,26,Yes,No,Yes,549,450,99,32
2024-09-12,Thursday,Dinner,354,Cloudy,25,No,No,No,365,337,28,8
2024-04-22,Monday,Lunch,476,Rainy,25,Yes,No,No,494,429,65,13
2024-08-17,Saturday,Dinner,855,Cloudy,33,Yes,No,Yes,871,804,67,38
2024-10-14,Monday,Dinner,579,Cloudy,27,No,Yes,No,529,511,18,16
2024-09-20,Friday,Dinner,269,Stormy,25,No,No,No,239,207,32,1
2024-05-17,Friday,Breakfast,499,Sunny,31,Yes,Yes,No,502,494,8,7
2024-01-30,Tuesday,Breakfast,631,Sunny,34,Yes,No,No,619,586,33,24
2024-04-04,Thursday,Dinner,588,Sunny,38,No,No,No,550,546,4,1
2024-08-05,Monday,Dinner,854,Rainy,27,No,No,No,825,749,76,30
2024-10-13,Sunday,Dinner,915,Cloudy,25,Yes,Yes,Yes,938,893,45,31
2024-03-31,Sunday,Dinner,496,Cloudy,28,No,Yes,Yes,488,471,17,5
2024-12-18,Wednesday,Lunch,429,Stormy,26,No,Yes,No,447,352,95,46
2024-03-18,Monday,Breakfast,849,Cloudy,26,Yes,No,No,887,876,11,11
2024-05-28,Tuesday,Lunch,925,Stormy,28,Yes,Yes,No,917,849,68,48
2024-07-31,Wednesday,Breakfast,816,Rainy,26,No,Yes,No,794,706,88,22
2024-04-15,Monday,Lunch,967,Rainy,26,Yes,Yes,No,963,904,59,21
2024-01-12,Friday,Breakfast,739,Stormy,22,No,No,No,695,693,2,0
2024-11-14,Thursday,Lunch,340,Rainy,30,No,No,No,321,283,38,6
2024-02-10,Saturday,Breakfast,228,Rainy,29,Yes,Yes,Yes,178,124,54,32
2024-09-06,Friday,Breakfast,321,Cloudy,27,Yes,Yes,No,296,230,66,38
2024-09-05,Thursday,Dinner,926,Stormy,26,Yes,Yes,No,927,868,59,55
2024-09-10,Tuesday,Lunch,517,Rainy,29,Yes,Yes,No,556,510,46,4
2024-04-20,Saturday,Dinner,369,Stormy,21,No,Yes,Yes,383,375,8,0
2024-04-26,Friday,Breakfast,311,Rainy,28,Yes,No,No,309,246,63,58
2024-01-31,Wednesday,Lunch,988,Sunny,30,Yes,Yes,No,953,871,82,64
2024-06-04,Tuesday,Lunch,272,Cloudy,28,Yes,No,No,263,170,93,6
2024-01-04,Thursday,Lunch,666,Rainy,27,No,No,No,666,641,25,16
2024-05-04,Saturday,Dinner,867,Rainy,25,Yes,No,Yes,818,728,90,33
2024-08-12,Monday,Lunch,282,Cloudy,32,Yes,No,No,248,186,62,7
2024-11-03,Sunday,Lunch,786,Cloudy,28,No,No,Yes,759,684,75,26
2024-10-25,Friday,Breakfast,459,Rainy,27,Yes,No,No,438,387,51,46
2024-07-28,Sunday,Dinner,773,Rainy,24,Yes,Yes,Yes,753,749,4,4
2024-11-10,Sunday,Dinner,360,Stormy,20,Yes,Yes,Yes,388,361,27,4
2024-07-23,Tuesday,Lunch,582,Cloudy,26,Yes,No,No,565,536,29,1
2024-12-24,Tuesday,Lunch,801,Rainy,29,No,Yes,No,831,822,9,3
2024-06-13,Thursday,Lunch,994,Sunny,31,No,No,No,1033,999,34,5
2024-02-29,Thursday,Breakfast,877,Stormy,24,No,No,No,918,830,88,22
2024-10-04,Friday,Dinner,772,Cloudy,27,Yes,Yes,No,742,700,42,7
2024-08-06,Tuesday,Dinner,742,Stormy,25,No,No,No,776,726,50,49
2024-04-12,Friday,Dinner,853,Rainy,29,No,No,No,817,739,78,53
2024-02-29,Thursday,Lunch,532,Stormy,28,Yes,No,No,501,454,47,10
2024-11-21,Thursday,Lunch,988,Cloudy,27,Yes,Yes,No,1034,1017,17,5
2024-11-12,Tuesday,Dinner,649,Stormy,20,No,Yes,No,627,527,100,57
2024-02-27,Tuesday,Lunch,372,Sunny,30,Yes,Yes,No,415,347,68,14
2024-11-09,Saturday,Lunch,805,Stormy,20,No,No,Yes,788,725,63,44
2024-08-10,Saturday,Lunch,898,Rainy,22,Yes,No,Yes,945,898,47,28
2024-04-17,Wednesday,Breakfast,360,Stormy,28,No,No,No,349,309,40,20
2024-05-22,Wednesday,Breakfast,711,Cloudy,33,No,Yes,No,746,690,56,8
2024-08-21,Wednesday,Breakfast,690,Stormy,20,Yes,No,No,678,596,82,68
2024-03-05,Tuesday,Lunch,902,Rainy,23,Yes,No,No,894,800,94,59
2024-03-17,Sunday,Lunch,776,Cloudy,28,Yes,Yes,Yes,819,778,41,39
2024-10-04,Friday,Lunch,393,Stormy,25,Yes,No,No,370,311,59,2
2024-10-08,Tuesday,Dinner,773,Cloudy,27,Yes,No,No,790,749,41,33
2024-12-29,Sunday,Lunch,474,Rainy,30,No,Yes,Yes,450,423,27,8
2024-06-10,Monday,Breakfast,216,Sunny,36,No,No,No,213,203,10,4
2024-04-07,Sunday,Breakfast,862,Cloudy,31,Yes,Yes,Yes,900,815,85,51
2024-01-16,Tuesday,Breakfast,570,Sunny,37,No,Yes,No,529,478,51,15
2024-08-05,Monday,Breakfast,590,Stormy,20,No,No,No,549,455,94,20
2024-01-08,Monday,Lunch,230,Cloudy,29,No,Yes,No,280,265,15,5
2024-02-23,Friday,Dinner,225,Sunny,35,Yes,Yes,No,219,184,35,0
2024-06-02,Sunday,Breakfast,464,Stormy,20,Yes,Yes,Yes,479,411,68,35
2024-01-16,Tuesday,Lunch,496,Sunny,40,No,No,No,477,474,3,3
2024-07-14,Sunday,Breakfast,791,Stormy,23,Yes,Yes,Yes,809,743,66,7
2024-07-06,Saturday,Dinner,575,Sunny,31,Yes,No,Yes,559,549,10,4
2024-10-18,Friday,Lunch,554,Rainy,26,Yes,No,No,574,479,95,33
2024-12-20,Friday,Breakfast,715,Stormy,20,Yes,No,No,736,645,91,85
2024-08-05,Monday,Lunch,542,Cloudy,28,Yes,Yes,No,513,446,67,57
2024-12-01,Sunday,Lunch,652,Sunny,35,No,Yes,Yes,605,548,57,37
2024-06-06,Thursday,Lunch,621,Rainy,26,Yes,Yes,No,638,606,32,2
2024-01-11,Thursday,Dinner,675,Stormy,28,Yes,Yes,No,682,625,57,44
2024-04-14,Sunday,Breakfast,610,Rainy,29,No,Yes,Yes,593,507,86,36
2024-03-01,Friday,Breakfast,691,Sunny,36,Yes,No,No,666,598,68,45
2024-05-21,Tuesday,Lunch,322,Rainy,23,No,No,No,301,212,89,78
2024-10-23,Wednesday,Dinner,451,Rainy,23,No,Yes,No,457,443,14,5
2024-12-08,Sunday,Dinner,910,Cloudy,28,Yes,Yes,Yes,933,840,93,91
2024-10-05,Saturday,Dinner,908,Rainy,25,Yes,No,Yes,882,879,3,3
2024-01-26,Friday,Dinner,957,Cloudy,28,Yes,Yes,No,996,959,37,13
2024-10-31,Thursday,Dinner,442,Rainy,24,No,No,No,484,481,3,1
2024-04-17,Wednesday,Lunch,535,Rainy,22,No,Yes,No,525,461,64,1
2024-12-30,Monday,Dinner,389,Sunny,37,Yes,No,No,399,368,31,11
2024-12-05,Thursday,Dinner,518,Rainy,26,Yes,No,No,506,408,98,4
2024-12-02,Monday,Lunch,259,Rainy,30,Yes,Yes,No,257,187,70,66
2024-05-11,Saturday,Lunch,432,Cloudy,33,No,Yes,Yes,436,364,72,67
2024-07-17,Wednesday,Dinner,764,Stormy,21,No,Yes,No,715,626,89,31
2024-12-07,Saturday,Breakfast,907,Stormy,21,Yes,Yes,Yes,875,810,65,6
2024-12-11,Wednesday,Lunch,572,Cloudy,28,No,No,No,574,508,66,66
2024-10-28,Monday,Breakfast,718,Stormy,23,Yes,Yes,No,705,649,56,26
2024-06-05,Wednesday,Lunch,320,Cloudy,26,Yes,Yes,No,291,265,26,7
2024-10-21,Monday,Dinner,386,Cloudy,33,No,No,No,372,336,36,18
2024-01-19,Friday,Breakfast,872,Stormy,21,No,No,No,850,781,69,37
2024-01-07,Sunday,Dinner,535,Stormy,25,No,Yes,Yes,522,422,100,33
2024-02-07,Wednesday,Dinner,568,Sunny,37,Yes,Yes,No,598,549,49,37
2024-09-28,Saturday,Dinner,254,Stormy,22,Yes,No,Yes,226,144,82,7
2024-07-28,Sunday,Dinner,434,Cloudy,28,Yes,No,Yes,398,374,24,16
2024-09-04,Wednesday,Dinner,453,Rainy,22,Yes,No,No,410,317,93,35
2024-01-08,Monday,Dinner,776,Sunny,34,No,No,No,799,769,30,3
2024-08-22,Thursday,Lunch,295,Cloudy,28,No,Yes,No,292,263,29,13
2024-10-26,Saturday,Breakfast,346,Stormy,24,No,Yes,Yes,364,288,76,58
2024-08-16,Friday,Breakfast,712,Rainy,25,Yes,Yes,No,724,686,38,22
2024-09-08,Sunday,Lunch,511,Cloudy,27,Yes,Yes,Yes,483,404,79,75
2024-07-02,Tuesday,Dinner,410,Cloudy,29,Yes,Yes,No,413,390,23,17
2024-09-03,Tuesday,Dinner,614,Rainy,28,Yes,Yes,No,660,586,74,1
2024-04-05,Friday,Breakfast,575,Cloudy,30,No,Yes,No,616,550,66,27
2024-03-27,Wednesday,Dinner,300,Sunny,40,Yes,No,No,264,199,65,62
2024-12-10,Tuesday,Dinner,568,Rainy,29,No,No,No,610,536,74,21
2024-11-16,Saturday,Lunch,323,Stormy,26,Yes,No,Yes,340,328,12,4
2024-08-28,Wednesday,Lunch,613,Stormy,21,Yes,Yes,No,629,601,28,18
2024-08-23,Friday,Dinner,552,Rainy,24,Yes,Yes,No,556,487,69,1
2024-11-17,Sunday,Dinner,265,Stormy,23,Yes,No,Yes,301,283,18,7
2024-01-13,Saturday,Lunch,324,Rainy,25,No,Yes,Yes,330,267,63,13
2024-08-29,Thursday,Lunch,487,Stormy,22,No,No,No,496,467,29,4
2024-12-31,Tuesday,Dinner,303,Stormy,25,No,No,No,329,257,72,12
2024-08-06,Tuesday,Dinner,464,Stormy,27,No,Yes,No,425,338,87,59
2024-11-20,Wednesday,Lunch,776,Rainy,22,Yes,Yes,No,820,813,7,7
2024-08-01,Thursday,Dinner,607,Stormy,24,Yes,No,No,653,632,21,3
2024-04-14,Sunday,Dinner,427,Sunny,34,Yes,Yes,Yes,450,443,7,2
2024-06-24,Monday,Breakfast,473,Rainy,22,No,No,No,504,406,98,49
2024-05-03,Friday,Dinner,582,Rainy,23,Yes,No,No,561,461,100,81
2024-06-23,Sunday,Dinner,943,Stormy,28,No,No,Yes,970,951,19,17
2024-04-04,Thursday,Dinner,719,Rainy,25,No,No,No,675,600,75,51
2024-05-07,Tuesday,Breakfast,955,Cloudy,31,Yes,No,No,926,910,16,12
2024-04-05,Friday,Dinner,994,Cloudy,26,Yes,Yes,No,1020,939,81,50
2024-11-25,Monday,Lunch,589,Cloudy,26,Yes,Yes,No,613,523,90,51
2024-03-14,Thursday,Dinner,581,Rainy,26,Yes,No,No,541,485,56,29
2024-03-12,Tuesday,Lunch,857,Cloudy,32,No,Yes,No,871,841,30,20
2024-02-07,Wednesday,Breakfast,993,Stormy,25,Yes,Yes,No,982,888,94,80
2024-01-29,Monday,Dinner,622,Sunny,39,No,No,No,629,563,66,29
2024-02-16,Friday,Dinner,619,Cloudy,29,Yes,Yes,No,636,591,45,10
2024-05-22,Wednesday,Lunch,245,Cloudy,29,Yes,No,No,249,189,60,2
2024-06-28,Friday,Breakfast,798,Rainy,26,Yes,Yes,No,802,712,90,85
2024-07-27,Saturday,Lunch,237,Rainy,28,No,No,Yes,191,122,69,0
2024-11-10,Sunday,Lunch,819,Cloudy,29,No,Yes,Yes,865,850,15,9
2024-05-06,Monday,Dinner,834,Rainy,25,No,No,No,880,850,30,6
2024-01-13,Saturday,Breakfast,999,Stormy,25,No,No,Yes,1010,992,18,4
2024-02-15,Thursday,Breakfast,748,Rainy,24,Yes,Yes,No,710,707,3,1
2024-11-19,Tuesday,Dinner,455,Sunny,40,No,Yes,No,488,442,46,37
2024-04-05,Friday,Dinner,919,Cloudy,26,No,No,No,893,800,93,42
2024-07-23,Tuesday,Breakfast,347,Sunny,34,Yes,No,No,345,284,61,3
2024-07-28,Sunday,Breakfast,695,Sunny,36,Yes,No,Yes,697,635,62,5
2024-08-06,Tuesday,Dinner,968,Stormy,28,No,No,No,965,932,33,14
2024-03-20,Wednesday,Breakfast,324,Sunny,34,No,No,No,374,336,38,38
2024-04-15,Monday,Dinner,946,Stormy,22,No,No,No,973,960,13,2
2024-09-28,Saturday,Breakfast,833,Cloudy,28,No,Yes,Yes,838,767,71,57
2024-04-10,Wednesday,Lunch,609,Cloudy,33,Yes,Yes,No,623,622,1,1
2024-04-25,Thursday,Lunch,977,Sunny,32,Yes,No,No,943,920,23,17
2024-03-27,Wednesday,Lunch,527,Sunny,40,Yes,Yes,No,576,503,73,25
2024-12-12,Thursday,Lunch,843,Stormy,27,Yes,Yes,No,851,754,97,12
2024-04-01,Monday,Breakfast,718,Cloudy,27,No,Yes,No,692,687,5,1
2024-01-02,Tuesday,Dinner,438,Sunny,34,Yes,No,No,423,404,19,10
2024-06-21,Friday,Lunch,314,Cloudy,29,No,No,No,270,192,78,59
2024-09-13,Friday,Lunch,600,Cloudy,28,No,Yes,No,558,496,62,61
2024-06-09,Sunday,Breakfast,876,Stormy,26,Yes,No,Yes,862,774,88,20
2024-10-21,Monday,Dinner,666,Cloudy,33,Yes,Yes,No,669,665,4,3
2024-11-17,Sunday,Breakfast,286,Sunny,32,No,Yes,Yes,311,226,85,2
2024-05-16,Thursday,Lunch,431,Stormy,27,No,Yes,No,385,355,30,6
2024-12-28,Saturday,Dinner,285,Sunny,40,Yes,Yes,Yes,282,266,16,0
2024-08-08,Thursday,Dinner,777,Stormy,20,Yes,No,No,745,649,96,3
2024-02-13,Tuesday,Lunch,838,Cloudy,28,Yes,Yes,No,800,800,0,0
2024-02-28,Wednesday,Lunch,790,Sunny,36,No,No,No,760,726,34,30
2024-09-03,Tuesday,Lunch,323,Stormy,24,Yes,Yes,No,313,277,36,19
2024-03-01,Friday,Lunch,403,Stormy,23,No,No,No,373,343,30,25
2024-03-19,Tuesday,Lunch,946,Rainy,28,Yes,No,No,951,902,49,34
2024-03-16,Saturday,Dinner,376,Rainy,29,Yes,Yes,Yes,403,381,22,8
2024-02-01,Thursday,Dinner,754,Stormy,26,Yes,Yes,No,716,631,85,75
2024-10-27,Sunday,Lunch,404,Sunny,38,Yes,Yes,Yes,435,388,47,9
2024-06-10,Monday,Dinner,887,Sunny,35,No,Yes,No,878,786,92,90
2024-02-01,Thursday,Lunch,494,Stormy,23,No,Yes,No,528,434,94,55
2024-05-05,Sunday,Breakfast,293,Sunny,33,No,Yes,Yes,328,243,85,78
2024-08-29,Thursday,Lunch,241,Sunny,33,Yes,Yes,No,199,174,25,15
2024-06-01,Saturday,Dinner,788,Cloudy,32,Yes,Yes,Yes,742,684,58,39
2024-07-10,Wednesday,Lunch,545,Cloudy,32,No,Yes,No,506,434,72,51
2024-12-10,Tuesday,Breakfast,611,Rainy,22,No,Yes,No,572,474,98,74
2024-10-03,Thursday,Dinner,621,Stormy,21,Yes,No,No,647,561,86,56
2024-07-01,Monday,Dinner,514,Sunny,38,Yes,Yes,No,509,498,11,3
2024-06-28,Friday,Dinner,384,Rainy,24,Yes,Yes,No,399,370,29,23
2024-02-10,Saturday,Breakfast,636,Stormy,24,No,No,Yes,641,600,41,41
2024-01-11,Thursday,Breakfast,732,Cloudy,26,No,No,No,771,691,80,34
2024-06-13,Thursday,Dinner,415,Stormy,25,No,Yes,No,381,324,57,48
2024-02-03,Saturday,Breakfast,402,Sunny,30,No,Yes,Yes,408,334,74,67
2024-01-07,Sunday,Lunch,526,Sunny,30,Yes,Yes,Yes,547,475,72,8
2024-05-10,Friday,Breakfast,221,Sunny,37,No,Yes,No,191,190,1,1
2024-08-06,Tuesday,Lunch,888,Cloudy,26,No,Yes,No,908,903,5,2
2024-04-24,Wednesday,Breakfast,275,Stormy,25,Yes,Yes,No,256,254,2,2
2024-01-14,Sunday,Dinner,483,Rainy,22,Yes,No,Yes,484,404,80,21
2024-01-24,Wednesday,Dinner,304,Stormy,24,No,Yes,No,284,242,42,18
2024-06-20,Thursday,Lunch,419,Rainy,28,No,Yes,No,417,414,3,3
2024-11-16,Saturday,Breakfast,214,Stormy,20,Yes,Yes,Yes,263,208,55,28
2024-03-31,Sunday,Dinner,624,Rainy,30,No,Yes,Yes,656,622,34,16
2024-12-17,Tuesday,Dinner,521,Stormy,28,Yes,Yes,No,546,535,11,7
2024-07-22,Monday,Breakfast,503,Stormy,27,Yes,Yes,No,500,401,99,5
2024-06-25,Tuesday,Dinner,898,Stormy,28,Yes,Yes,No,891,847,44,41
2024-05-09,Thursday,Lunch,894,Cloudy,31,Yes,No,No,864,860,4,4
2024-01-06,Saturday,Dinner,490,Stormy,22,No,No,Yes,512,488,24,4
2024-06-14,Friday,Dinner,903,Stormy,23,No,Yes,No,873,797,76,69
2024-01-30,Tuesday,Breakfast,622,Stormy,22,Yes,Yes,No,614,545,69,28
2024-05-27,Monday,Dinner,727,Stormy,25,Yes,No,No,685,644,41,11
2024-11-10,Sunday,Lunch,585,Rainy,28,Yes,Yes,Yes,537,483,54,54
2024-11-19,Tuesday,Dinner,811,Stormy,20,No,No,No,815,774,41,10
2024-06-02,Sunday,Dinner,797,Sunny,32,No,No,Yes,821,784,37,18
2024-10-04,Friday,Dinner,788,Cloudy,32,Yes,No,No,760,714,46,30
2024-10-05,Saturday,Lunch,552,Sunny,38,Yes,No,Yes,504,459,45,20
2024-06-03,Monday,Breakfast,304,Stormy,22,Yes,Yes,No,352,262,90,44
2024-02-18,Sunday,Dinner,430,Rainy,25,No,No,Yes,434,364,70,70
2024-12-30,Monday,Dinner,843,Cloudy,29,No,Yes,No,892,881,11,7
2024-10-14,Monday,Dinner,783,Sunny,30,Yes,No,No,772,694,78,73
2024-02-02,Friday,Lunch,206,Stormy,25,Yes,No,No,202,156,46,21
2024-09-14,Saturday,Breakfast,301,Rainy,30,Yes,No,Yes,308,290,18,2
2024-12-30,Monday,Lunch,205,Cloudy,28,No,Yes,No,184,103,81,37
2024-12-31,Tuesday,Lunch,588,Sunny,40,No,Yes,No,561,536,25,3
2024-10-11,Friday,Dinner,981,Cloudy,26,No,No,No,1029,986,43,1
2024-08-18,Sunday,Lunch,350,Stormy,21,Yes,No,Yes,397,304,93,42
2024-04-07,Sunday,Dinner,510,Rainy,22,Yes,No,Yes,525,482,43,23
2024-08-13,Tuesday,Lunch,844,Stormy,25,No,No,No,798,771,27,6
2024-11-14,Thursday,Dinner,386,Cloudy,27,No,Yes,No,410,311,99,87
2024-07-31,Wednesday,Dinner,616,Sunny,38,Yes,Yes,No,595,561,34,5
2024-04-25,Thursday,Breakfast,902,Sunny,31,Yes,Yes,No,925,885,40,3
2024-08-30,Friday,Lunch,289,Cloudy,28,No,No,No,300,246,54,42
2024-03-24,Sunday,Breakfast,874,Rainy,25,No,Yes,Yes,895,889,6,5
2024-03-11,Monday,Dinner,473,Cloudy,25,No,No,No,458,435,23,20
2024-04-23,Tuesday,Breakfast,200,Cloudy,32,Yes,No,No,165,88,77,59
2024-12-28,Saturday,Breakfast,202,Rainy,29,No,Yes,Yes,215,189,26,20
2024-02-16,Friday,Dinner,927,Rainy,28,No,No,No,917,904,13,5
2024-02-24,Saturday,Dinner,970,Stormy,21,No,No,Yes,957,890,67,48
2024-03-14,Thursday,Lunch,211,Stormy,24,Yes,No,No,183,96,87,22
2024-01-05,Friday,Breakfast,518,Stormy,21,No,No,No,519,507,12,6
2024-05-27,Monday,Breakfast,375,Sunny,39,Yes,Yes,No,326,293,33,23
2024-08-15,Thursday,Lunch,788,Stormy,26,Yes,Yes,No,740,698,42,30
2024-09-25,Wednesday,Lunch,504,Cloudy,30,No,No,No,488,472,16,1
2024-07-26,Friday,Lunch,959,Stormy,25,Yes,Yes,No,944,895,49,39
2024-05-16,Thursday,Lunch,329,Stormy,20,Yes,Yes,No,300,227,73,68
2024-04-04,Thursday,Lunch,473,Rainy,27,No,No,No,490,423,67,42
2024-03-01,Friday,Dinner,953,Rainy,22,No,Yes,No,930,833,97,82
2024-01-13,Saturday,Lunch,244,Sunny,39,No,Yes,Yes,213,131,82,55
2024-07-22,Monday,Dinner,961,Sunny,40,No,No,No,939,880,59,15
2024-01-04,Thursday,Lunch,993,Sunny,35,No,Yes,No,970,894,76,3
2024-04-19,Friday,Lunch,877,Cloudy,33,Yes,Yes,No,891,854,37,28
2024-05-17,Friday,Dinner,962,Stormy,24,Yes,Yes,No,953,928,25,10
2024-06-26,Wednesday,Breakfast,761,Cloudy,29,No,Yes,No,754,655,99,5
2024-11-11,Monday,Breakfast,813,Rainy,25,Yes,No,No,769,769,0,0
2024-11-26,Tuesday,Breakfast,322,Sunny,33,Yes,No,No,345,252,93,64
2024-07-24,Wednesday,Lunch,245,Sunny,32,No,No,No,229,137,92,64
2024-11-22,Friday,Lunch,320,Stormy,22,Yes,Yes,No,295,281,14,1
2024-03-23,Saturday,Breakfast,782,Sunny,32,No,No,Yes,781,699,82,71
2024-08-30,Friday,Breakfast,270,Rainy,24,No,Yes,No,263,215,48,34
2024-06-23,Sunday,Dinner,980,Sunny,34,No,Yes,Yes,942,883,59,9
2024-09-06,Friday,Breakfast,561,Cloudy,30,Yes,Yes,No,594,509,85,83
2024-08-14,Wednesday,Lunch,629,Sunny,33,No,No,No,638,592,46,43
2024-03-06,Wednesday,Breakfast,830,Sunny,36,No,Yes,No,865,826,39,37
2024-11-18,Monday,Dinner,475,Sunny,31,No,No,No,477,380,97,84
2024-07-16,Tuesday,Breakfast,683,Stormy,23,No,Yes,No,652,578,74,32
2024-12-24,Tuesday,Breakfast,687,Sunny,33,No,No,No,678,597,81,39
2024-04-20,Saturday,Breakfast,535,Sunny,30,No,Yes,Yes,549,529,20,14
2024-12-22,Sunday,Dinner,841,Rainy,23,No,Yes,Yes,882,867,15,11
2024-05-24,Friday,Breakfast,265,Cloudy,33,No,Yes,No,290,249,41,19
2024-12-22,Sunday,Dinner,348,Sunny,39,No,No,Yes,349,312,37,6
2024-05-15,Wednesday,Dinner,317,Sunny,30,Yes,No,No,359,265,94,55
2024-05-06,Monday,Breakfast,465,Rainy,24,Yes,No,No,440,389,51,50
2024-07-07,Sunday,Lunch,683,Rainy,29,No,No,Yes,695,675,20,4
2024-05-04,Saturday,Breakfast,577,Cloudy,28,Yes,No,Yes,552,471,81,75
2024-01-12,Friday,Breakfast,836,Rainy,30,No,No,No,839,836,3,0
2024-01-04,Thursday,Lunch,358,Cloudy,27,No,No,No,314,303,11,5
2024-12-14,Saturday,Dinner,576,Sunny,33,No,Yes,Yes,614,521,93,15
2024-01-22,Monday,Breakfast,411,Rainy,25,Yes,No,No,389,362,27,11
2024-04-14,Sunday,Lunch,375,Sunny,31,Yes,Yes,Yes,339,312,27,9
2024-03-19,Tuesday,Breakfast,274,Stormy,28,Yes,No,No,227,128,99,0
2024-03-25,Monday,Lunch,279,Cloudy,27,No,No,No,300,268,32,23
2024-05-04,Saturday,Dinner,879,Rainy,25,Yes,Yes,Yes,830,746,84,83
2024-02-17,Saturday,Breakfast,503,Rainy,24,No,Yes,Yes,453,442,11,2
2024-12-20,Friday,Lunch,767,Stormy,20,Yes,Yes,No,746,684,62,4
2024-09-27,Friday,Lunch,654,Stormy,20,Yes,Yes,No,654,600,54,48
2024-11-24,Sunday,Lunch,799,Cloudy,32,Yes,Yes,Yes,770,730,40,8
2024-03-04,Monday,Breakfast,206,Sunny,35,No,Yes,No,236,168,68,50
2024-08-03,Saturday,Lunch,974,Sunny,34,Yes,Yes,Yes,965,870,95,12
2024-11-04,Monday,Dinner,462,Sunny,31,Yes,Yes,No,491,470,21,16
2024-02-12,Monday,Breakfast,880,Rainy,24,Yes,No,No,919,868,51,25
2024-07-16,Tuesday,Lunch,226,Cloudy,27,No,Yes,No,251,152,99,85
2024-12-01,Sunday,Breakfast,207,Cloudy,33,No,Yes,Yes,177,106,71,39
2024-12-19,Thursday,Dinner,520,Stormy,28,No,No,No,491,432,59,51
2024-02-20,Tuesday,Dinner,562,Sunny,34,Yes,No,No,582,537,45,7
2024-03-30,Saturday,Dinner,256,Sunny,30,No,No,Yes,292,216,76,44
2024-08-29,Thursday,Breakfast,816,Rainy,29,Yes,No,No,804,757,47,2
2024-11-05,Tuesday,Lunch,350,Stormy,28,Yes,Yes,No,396,360,36,28
2024-06-14,Friday,Lunch,696,Cloudy,30,No,Yes,No,719,622,97,90
2024-07-15,Monday,Breakfast,351,Stormy,20,No,No,No,376,305,71,57
2024-10-02,Wednesday,Breakfast,977,Rainy,23,No,Yes,No,970,871,99,95
2024-02-21,Wednesday,Dinner,592,Cloudy,32,Yes,No,No,627,558,69,58
2024-06-11,Tuesday,Breakfast,447,Rainy,29,Yes,No,No,491,444,47,46
2024-07-11,Thursday,Breakfast,871,Sunny,34,Yes,Yes,No,836,798,38,9
2024-01-21,Sunday,Lunch,955,Rainy,26,No,No,Yes,975,931,44,10
2024-04-23,Tuesday,Breakfast,444,Cloudy,27,No,Yes,No,441,365,76,75
2024-04-09,Tuesday,Breakfast,325,Rainy,28,No,Yes,No,347,273,74,14
2024-01-11,Thursday,Breakfast,354,Cloudy,25,No,Yes,No,331,231,100,36
2024-07-25,Thursday,Breakfast,566,Stormy,27,No,Yes,No,525,456,69,9
2024-08-30,Friday,Dinner,921,Sunny,36,No,Yes,No,887,809,78,27
2024-11-29,Friday,Breakfast,568,Cloudy,33,No,Yes,No,611,573,38,29
2024-12-25,Wednesday,Breakfast,274,Cloudy,29,Yes,No,No,292,279,13,10
2024-03-06,Wednesday,Dinner,424,Rainy,29,No,Yes,No,428,404,24,16
2024-10-27,Sunday,Breakfast,449,Cloudy,28,Yes,No,Yes,468,422,46,1
2024-06-13,Thursday,Lunch,873,Cloudy,31,Yes,Yes,No,911,825,86,82
2024-07-08,Monday,Breakfast,215,Rainy,24,Yes,Yes,No,179,100,79,32
2024-11-23,Saturday,Breakfast,451,Rainy,28,Yes,No,Yes,432,396,36,20
2024-05-19,Sunday,Lunch,616,Stormy,28,Yes,Yes,Yes,581,560,21,11
2024-07-28,Sunday,Dinner,733,Rainy,29,Yes,Yes,Yes,707,661,46,19
2024-06-04,Tuesday,Lunch,675,Stormy,26,No,Yes,No,657,593,64,26
2024-04-25,Thursday,Lunch,958,Rainy,24,Yes,Yes,No,919,913,6,0
2024-10-21,Monday,Dinner,893,Stormy,21,No,No,No,942,912,30,21
2024-01-07,Sunday,Dinner,211,Stormy,28,No,No,Yes,222,176,46,9
2024-09-07,Saturday,Breakfast,259,Cloudy,26,Yes,No,Yes,288,280,8,0
2024-03-25,Monday,Lunch,483,Cloudy,33,Yes,No,No,475,415,60,50
2024-02-05,Monday,Breakfast,334,Stormy,23,No,Yes,No,312,294,18,12
2024-08-27,Tuesday,Lunch,545,Rainy,24,Yes,No,No,549,476,73,8
2024-05-01,Wednesday,Dinner,942,Stormy,28,Yes,No,No,977,961,16,7
2024-03-04,Monday,Lunch,366,Cloudy,32,Yes,Yes,No,366,345,21,12
2024-04-12,Friday,Breakfast,678,Cloudy,29,No,Yes,No,663,628,35,24
2024-03-23,Saturday,Lunch,721,Cloudy,27,Yes,No,Yes,757,657,100,61
2024-07-10,Wednesday,Breakfast,214,Cloudy,28,No,No,No,226,202,24,11
2024-11-26,Tuesday,Lunch,900,Rainy,30,No,No,No,862,777,85,34
2024-07-24,Wednesday,Dinner,708,Rainy,27,No,Yes,No,725,661,64,57
2024-01-13,Saturday,Dinner,216,Stormy,25,No,No,Yes,226,225,1,0
2024-06-26,Wednesday,Lunch,708,Rainy,24,No,Yes,No,732,686,46,43
2024-03-18,Monday,Dinner,789,Sunny,37,Yes,Yes,No,782,711,71,28
2024-10-08,Tuesday,Breakfast,208,Sunny,35,No,No,No,228,196,32,25
2024-05-05,Sunday,Dinner,462,Rainy,29,No,No,Yes,480,382,98,82
2024-10-09,Wednesday,Breakfast,712,Rainy,22,No,No,No,678,668,10,0
2024-04-03,Wednesday,Breakfast,948,Sunny,33,Yes,Yes,No,994,979,15,4
2024-05-12,Sunday,Dinner,304,Rainy,24,No,No,Yes,335,309,26,24
2024-11-21,Thursday,Dinner,296,Stormy,26,No,Yes,No,330,275,55,46
2024-10-28,Monday,Dinner,450,Stormy,25,Yes,Yes,No,491,429,62,39
2024-01-19,Friday,Breakfast,438,Cloudy,31,Yes,No,No,395,367,28,9
2024-01-19,Friday,Lunch,843,Rainy,28,Yes,Yes,No,807,740,67,25
2024-06-27,Thursday,Lunch,369,Sunny,31,Yes,No,No,397,372,25,4
2024-10-03,Thursday,Dinner,736,Rainy,25,Yes,Yes,No,735,671,64,26
2024-12-12,Thursday,Breakfast,397,Sunny,37,Yes,Yes,No,432,358,74,54
2024-03-03,Sunday,Breakfast,667,Cloudy,28,No,Yes,Yes,627,613,14,0
2024-12-01,Sunday,Lunch,691,Cloudy,30,Yes,Yes,Yes,688,604,84,8
2024-07-19,Friday,Dinner,728,Cloudy,31,No,No,No,723,684,39,32
2024-08-28,Wednesday,Dinner,340,Stormy,24,Yes,No,No,365,309,56,13
2024-11-09,Saturday,Dinner,289,Rainy,28,Yes,Yes,Yes,286,236,50,17
2024-04-10,Wednesday,Dinner,567,Cloudy,33,No,Yes,No,543,453,90,71
2024-10-27,Sunday,Lunch,717,Sunny,30,Yes,No,Yes,745,674,71,22
2024-11-30,Saturday,Breakfast,302,Rainy,27,No,Yes,Yes,306,232,74,18
2024-10-03,Thursday,Dinner,717,Rainy,22,No,Yes,No,719,636,83,25
2024-05-27,Monday,Dinner,559,Sunny,40,No,No,No,566,482,84,23
2024-12-01,Sunday,Lunch,604,Cloudy,31,No,No,Yes,585,577,8,2
2024-09-25,Wednesday,Dinner,405,Cloudy,31,Yes,No,No,404,392,12,4
2024-04-20,Saturday,Breakfast,790,Rainy,29,Yes,No,Yes,753,750,3,3
2024-01-06,Saturday,Breakfast,887,Rainy,30,Yes,Yes,Yes,858,795,63,48
2024-09-06,Friday,Dinner,245,Sunny,35,No,No,No,264,188,76,13
2024-07-06,Saturday,Lunch,635,Sunny,35,Yes,No,Yes,615,573,42,14
2024-01-15,Monday,Dinner,599,Cloudy,30,Yes,No,No,556,465,91,36
2024-11-02,Saturday,Lunch,883,Cloudy,28,No,No,Yes,894,825,69,10
2024-08-07,Wednesday,Breakfast,989,Stormy,21,No,Yes,No,1009,938,71,68
2024-03-09,Saturday,Dinner,901,Stormy,24,Yes,No,Yes,937,898,39,8
2024-07-29,Monday,Lunch,570,Sunny,37,No,No,No,532,494,38,24
2024-02-13,Tuesday,Breakfast,952,Rainy,29,No,Yes,No,1002,957,45,42
2024-09-13,Friday,Breakfast,696,Stormy,26,Yes,Yes,No,699,611,88,61
2024-10-11,Friday,Dinner,951,Sunny,35,Yes,No,No,910,830,80,60
2024-04-19,Friday,Lunch,691,Sunny,30,No,Yes,No,677,667,10,7
2024-11-24,Sunday,Breakfast,318,Rainy,27,No,Yes,Yes,312,293,19,0
2024-11-03,Sunday,Dinner,822,Sunny,33,Yes,No,Yes,814,762,52,37
2024-06-16,Sunday,Lunch,559,Sunny,37,No,No,Yes,571,475,96,96
2024-11-06,Wednesday,Breakfast,359,Sunny,37,Yes,No,No,332,275,57,28
2024-07-28,Sunday,Dinner,337,Cloudy,28,No,No,Yes,326,232,94,82
2024-05-19,Sunday,Dinner,504,Rainy,22,Yes,No,Yes,534,466,68,31
2024-06-30,Sunday,Dinner,794,Rainy,23,No,Yes,Yes,749,739,10,4
2024-05-25,Saturday,Lunch,963,Cloudy,25,No,Yes,Yes,954,935,19,14
2024-05-10,Friday,Dinner,389,Stormy,27,No,No,No,349,289,60,53
2024-01-13,Saturday,Breakfast,330,Cloudy,29,No,Yes,Yes,288,202,86,59
2024-12-26,Thursday,Breakfast,742,Rainy,28,Yes,No,No,735,651,84,69
2024-04-04,Thursday,Dinner,473,Stormy,23,Yes,Yes,No,447,378,69,36
2024-03-23,Saturday,Dinner,999,Stormy,20,No,Yes,Yes,1009,1004,5,1
2024-03-29,Friday,Breakfast,581,Cloudy,25,No,No,No,536,473,63,19
2024-02-28,Wednesday,Dinner,398,Cloudy,25,No,Yes,No,351,283,68,37
2024-07-06,Saturday,Lunch,435,Sunny,39,No,Yes,Yes,403,370,33,28
2024-04-30,Tuesday,Lunch,799,Stormy,23,No,No,No,797,741,56,4
2024-11-05,Tuesday,Dinner,849,Rainy,22,Yes,No,No,847,750,97,89
2024-10-04,Friday,Breakfast,639,Rainy,24,Yes,No,No,651,567,84,24
2024-03-31,Sunday,Dinner,920,Stormy,20,No,No,Yes,961,920,41,27
2024-08-31,Saturday,Lunch,744,Stormy,22,Yes,Yes,Yes,696,610,86,83
2024-07-28,Sunday,Dinner,223,Cloudy,29,Yes,No,Yes,234,139,95,50
2024-08-04,Sunday,Lunch,732,Sunny,33,No,No,Yes,691,598,93,63
2024-09-17,Tuesday,Breakfast,682,Cloudy,32,Yes,No,No,634,628,6,2
2024-11-29,Friday,Dinner,796,Sunny,36,Yes,Yes,No,751,663,88,24
2024-09-09,Monday,Lunch,934,Sunny,34,Yes,No,No,958,903,55,51
2024-03-23,Saturday,Lunch,702,Sunny,34,No,Yes,Yes,669,598,71,70
2024-06-10,Monday,Breakfast,971,Rainy,28,Yes,No,No,999,979,20,1
2024-01-05,Friday,Breakfast,358,Stormy,27,Yes,No,No,388,313,75,55
2024-11-01,Friday,Dinner,777,Cloudy,32,Yes,No,No,778,690,88,6
2024-11-05,Tuesday,Lunch,936,Stormy,23,Yes,No,No,975,948,27,15
2024-10-04,Friday,Breakfast,934,Sunny,38,No,Yes,No,915,885,30,20
2024-05-30,Thursday,Lunch,387,Cloudy,32,No,Yes,No,369,320,49,42
2024-07-01,Monday,Breakfast,271,Stormy,28,Yes,No,No,305,262,43,23
2024-12-29,Sunday,Breakfast,929,Rainy,28,Yes,Yes,Yes,925,882,43,22
2024-04-02,Tuesday,Lunch,841,Rainy,27,Yes,Yes,No,843,836,7,3
2024-03-30,Saturday,Lunch,646,Cloudy,27,No,Yes,Yes,660,583,77,27
2024-04-26,Friday,Dinner,428,Rainy,27,Yes,No,No,464,438,26,20
2024-02-07,Wednesday,Lunch,777,Sunny,30,Yes,Yes,No,743,700,43,28
2024-09-07,Saturday,Dinner,580,Sunny,30,Yes,No,Yes,551,477,74,39
2024-04-23,Tuesday,Breakfast,842,Sunny,36,No,Yes,No,851,755,96,85
2024-05-29,Wednesday,Lunch,914,Stormy,21,Yes,No,No,887,845,42,5
2024-10-30,Wednesday,Breakfast,516,Rainy,26,No,No,No,550,472,78,41
2024-09-22,Sunday,Lunch,594,Rainy,22,Yes,No,Yes,609,580,29,5
2024-10-19,Saturday,Breakfast,971,Stormy,22,Yes,No,Yes,986,913,73,13
2024-03-29,Friday,Breakfast,229,Sunny,38,No,No,No,220,146,74,25
2024-11-30,Saturday,Breakfast,1000,Rainy,23,Yes,No,Yes,961,885,76,11
2024-02-19,Monday,Lunch,620,Cloudy,30,No,Yes,No,612,596,16,15
2024-12-20,Friday,Dinner,275,Cloudy,28,Yes,Yes,No,294,246,48,23
2024-06-22,Saturday,Breakfast,527,Cloudy,31,Yes,No,Yes,484,449,35,17
2024-11-17,Sunday,Breakfast,982,Sunny,38,No,No,Yes,977,954,23,1
2024-11-03,Sunday,Lunch,664,Rainy,24,Yes,No,Yes,686,672,14,8
2024-07-21,Sunday,Breakfast,216,Stormy,27,Yes,No,Yes,257,200,57,50
2024-08-17,Saturday,Breakfast,743,Sunny,30,No,No,Yes,731,726,5,3
2024-08-24,Saturday,Lunch,694,Stormy,24,Yes,No,Yes,733,725,8,6
2024-09-26,Thursday,Breakfast,646,Sunny,32,Yes,Yes,No,657,631,26,5
2024-07-26,Friday,Dinner,858,Sunny,33,Yes,No,No,826,775,51,32
2024-06-23,Sunday,Breakfast,649,Stormy,23,Yes,No,Yes,641,622,19,3
2024-04-21,Sunday,Dinner,526,Cloudy,33,No,No,Yes,551,484,67,25
2024-09-24,Tuesday,Dinner,942,Rainy,30,Yes,No,No,984,975,9,1
2024-03-27,Wednesday,Lunch,958,Rainy,26,No,No,No,913,897,16,7
2024-09-27,Friday,Lunch,619,Stormy,22,Yes,No,No,604,553,51,19
2024-08-05,Monday,Dinner,575,Sunny,36,No,No,No,529,491,38,13
2024-09-04,Wednesday,Breakfast,848,Sunny,37,No,Yes,No,860,831,29,5
2024-11-14,Thursday,Dinner,430,Rainy,28,No,No,No,475,383,92,44
2024-08-26,Monday,Dinner,497,Cloudy,31,Yes,No,No,491,444,47,2
2024-06-27,Thursday,Lunch,391,Rainy,28,No,Yes,No,367,347,20,7
2024-07-04,Thursday,Dinner,677,Rainy,25,No,No,No,694,615,79,72
2024-03-27,Wednesday,Dinner,473,Sunny,38,No,No,No,468,378,90,82
2024-03-30,Saturday,Dinner,406,Rainy,23,No,Yes,Yes,442,350,92,42
2024-07-04,Thursday,Dinner,363,Stormy,20,No,Yes,No,384,330,54,2
2024-02-23,Friday,Dinner,509,Sunny,34,No,No,No,533,491,42,15
2024-11-17,Sunday,Dinner,481,Cloudy,33,Yes,No,Yes,436,427,9,9
2024-07-27,Saturday,Lunch,846,Rainy,30,No,Yes,Yes,829,807,22,11
2024-09-17,Tuesday,Dinner,442,Rainy,29,Yes,No,No,475,462,13,10
2024-03-30,Saturday,Lunch,317,Stormy,28,No,No,Yes,291,263,28,2
2024-10-23,Wednesday,Dinner,572,Stormy,20,Yes,No,No,538,530,8,4
2024-01-22,Monday,Dinner,555,Rainy,22,Yes,No,No,588,532,56,42
2024-12-17,Tuesday,Dinner,234,Sunny,38,No,Yes,No,204,185,19,17
2024-02-08,Thursday,Breakfast,897,Stormy,28,No,Yes,No,849,809,40,20
2024-03-12,Tuesday,Lunch,875,Sunny,30,No,No,No,879,790,89,50
2024-10-12,Saturday,Breakfast,416,Sunny,36,No,No,Yes,436,426,10,3
2024-12-03,Tuesday,Lunch,589,Cloudy,30,No,No,No,582,519,63,1
2024-03-05,Tuesday,Lunch,885,Cloudy,27,Yes,Yes,No,922,879,43,31
2024-07-31,Wednesday,Dinner,506,Sunny,30,No,No,No,481,445,36,5
2024-08-19,Monday,Dinner,602,Sunny,36,Yes,Yes,No,597,559,38,32
2024-01-12,Friday,Lunch,770,Rainy,27,No,Yes,No,774,749,25,7
2024-04-20,Saturday,Breakfast,447,Cloudy,27,Yes,Yes,Yes,460,447,13,1
2024-07-31,Wednesday,Breakfast,899,Stormy,28,No,Yes,No,911,815,96,23
2024-12-15,Sunday,Lunch,437,Stormy,22,Yes,No,Yes,396,365,31,28
2024-03-14,Thursday,Dinner,744,Rainy,27,No,No,No,713,625,88,28
2024-05-03,Friday,Lunch,209,Stormy,22,Yes,Yes,No,233,148,85,37
2024-06-18,Tuesday,Dinner,875,Stormy,23,Yes,Yes,No,877,839,38,2
2024-12-04,Wednesday,Dinner,468,Cloudy,29,No,Yes,No,469,391,78,48
2024-11-09,Saturday,Lunch,622,Cloudy,29,No,Yes,Yes,646,611,35,11
2024-05-02,Thursday,Breakfast,913,Sunny,32,Yes,No,No,911,880,31,9
2024-04-06,Saturday,Lunch,742,Rainy,22,No,Yes,Yes,790,725,65,15
2024-10-19,Saturday,Dinner,821,Cloudy,28,No,Yes,Yes,864,830,34,30
2024-02-14,Wednesday,Dinner,320,Stormy,25,Yes,Yes,No,340,325,15,15
2024-05-21,Tuesday,Lunch,885,Rainy,26,No,No,No,890,880,10,0
2024-06-16,Sunday,Lunch,747,Sunny,40,No,Yes,Yes,768,707,61,53
2024-07-27,Saturday,Breakfast,492,Rainy,23,No,No,Yes,536,480,56,45
2024-06-15,Saturday,Dinner,360,Stormy,28,Yes,Yes,Yes,378,302,76,16
2024-10-24,Thursday,Lunch,337,Rainy,26,No,No,No,318,317,1,1
2024-02-08,Thursday,Dinner,920,Cloudy,28,Yes,Yes,No,949,876,73,10
2024-08-29,Thursday,Dinner,735,Cloudy,32,Yes,No,No,704,653,51,32
2024-01-13,Saturday,Breakfast,233,Stormy,26,No,Yes,Yes,264,229,35,33
2024-09-23,Monday,Lunch,793,Sunny,40,Yes,Yes,No,753,724,29,4
2024-01-07,Sunday,Dinner,754,Rainy,26,Yes,Yes,Yes,786,774,12,11
2024-11-03,Sunday,Dinner,586,Rainy,27,No,No,Yes,585,571,14,9
2024-02-14,Wednesday,Dinner,226,Cloudy,32,Yes,Yes,No,177,94,83,27
2024-01-01,Monday,Lunch,410,Stormy,23,No,No,No,456,389,67,48
2024-06-09,Sunday,Breakfast,957,Cloudy,32,No,Yes,Yes,943,895,48,3
2024-09-07,Saturday,Dinner,652,Rainy,29,No,No,Yes,606,557,49,42
2024-10-05,Saturday,Lunch,239,Rainy,26,Yes,Yes,Yes,266,206,60,35
2024-12-22,Sunday,Breakfast,357,Stormy,25,No,Yes,Yes,325,283,42,20
2024-09-07,Saturday,Dinner,827,Rainy,23,Yes,Yes,Yes,802,749,53,6
2024-04-26,Friday,Dinner,315,Sunny,36,No,Yes,No,342,291,51,42
2024-05-24,Friday,Dinner,263,Rainy,28,No,Yes,No,268,184,84,67
2024-12-11,Wednesday,Breakfast,438,Sunny,40,Yes,Yes,No,423,418,5,3
2024-01-01,Monday,Breakfast,965,Rainy,22,No,No,No,918,881,37,32
2024-08-06,Tuesday,Breakfast,954,Stormy,24,No,No,No,922,908,14,8
2024-03-15,Friday,Dinner,682,Rainy,24,No,Yes,No,695,628,67,14
2024-01-24,Wednesday,Dinner,940,Stormy,21,No,Yes,No,981,898,83,50
2024-10-04,Friday,Lunch,328,Rainy,24,No,No,No,353,333,20,5
2024-04-16,Tuesday,Lunch,551,Stormy,25,Yes,No,No,507,457,50,21
2024-02-27,Tuesday,Breakfast,943,Cloudy,29,No,Yes,No,981,935,46,44
2024-12-14,Saturday,Breakfast,201,Sunny,37,Yes,Yes,Yes,233,183,50,26
2024-09-08,Sunday,Breakfast,339,Cloudy,27,No,No,Yes,360,286,74,66
2024-07-21,Sunday,Breakfast,583,Rainy,29,No,Yes,Yes,603,552,51,0
2024-12-27,Friday,Lunch,483,Cloudy,33,No,Yes,No,446,349,97,42
2024-02-08,Thursday,Breakfast,486,Rainy,29,Yes,Yes,No,485,483,2,1
2024-10-05,Saturday,Lunch,895,Sunny,37,Yes,No,Yes,882,859,23,6
2024-07-15,Monday,Breakfast,901,Cloudy,33,No,No,No,856,847,9,4
2024-09-10,Tuesday,Dinner,285,Stormy,27,Yes,Yes,No,333,296,37,21
2024-12-20,Friday,Breakfast,241,Sunny,38,No,No,No,291,204,87,29
2024-06-25,Tuesday,Breakfast,753,Cloudy,33,No,Yes,No,764,753,11,8
2024-01-04,Thursday,Breakfast,201,Rainy,22,No,No,No,233,177,56,17
2024-12-10,Tuesday,Breakfast,462,Cloudy,27,No,No,No,462,393,69,4
2024-09-11,Wednesday,Dinner,591,Cloudy,30,Yes,Yes,No,575,505,70,54
2024-04-11,Thursday,Dinner,496,Stormy,27,No,Yes,No,457,430,27,18
2024-05-20,Monday,Lunch,757,Cloudy,32,No,Yes,No,784,738,46,25
2024-06-16,Sunday,Dinner,608,Stormy,27,No,No,Yes,586,519,67,34
2024-07-21,Sunday,Breakfast,672,Cloudy,25,No,Yes,Yes,630,607,23,15
2024-07-06,Saturday,Dinner,482,Cloudy,32,No,Yes,Yes,452,422,30,27
2024-05-19,Sunday,Dinner,877,Cloudy,25,No,No,Yes,882,876,6,6
2024-12-31,Tuesday,Lunch,855,Stormy,21,No,Yes,No,874,794,80,29
2024-06-08,Saturday,Breakfast,894,Cloudy,27,No,No,Yes,874,826,48,41
2024-07-27,Saturday,Lunch,277,Sunny,36,No,Yes,Yes,251,169,82,37
2024-10-19,Saturday,Lunch,962,Cloudy,31,Yes,Yes,Yes,995,903,92,66
2024-05-16,Thursday,Breakfast,492,Cloudy,30,No,Yes,No,482,457,25,7
2024-12-23,Monday,Breakfast,951,Cloudy,28,No,No,No,918,869,49,10
2024-12-24,Tuesday,Breakfast,435,Stormy,27,Yes,No,No,416,400,16,11
2024-08-24,Saturday,Lunch,699,Stormy,28,No,No,Yes,708,657,51,22
2024-09-08,Sunday,Breakfast,757,Rainy,30,Yes,No,Yes,727,686,41,30
2024-10-18,Friday,Breakfast,373,Rainy,27,Yes,No,No,422,419,3,1
2024-03-31,Sunday,Lunch,882,Rainy,30,No,No,Yes,836,820,16,6
2024-01-29,Monday,Breakfast,630,Sunny,39,No,Yes,No,677,627,50,27
2024-07-17,Wednesday,Breakfast,567,Cloudy,28,No,Yes,No,586,539,47,22
2024-10-24,Thursday,Lunch,724,Rainy,27,No,No,No,771,732,39,32
2024-10-25,Friday,Breakfast,736,Rainy,30,No,No,No,745,687,58,25
2024-04-21,Sunday,Dinner,350,Rainy,29,Yes,Yes,Yes,354,285,69,51
2024-10-25,Friday,Lunch,914,Cloudy,27,No,Yes,No,929,879,50,6
2024-02-04,Sunday,Dinner,826,Sunny,36,Yes,No,Yes,796,762,34,19
2024-11-06,Wednesday,Breakfast,260,Rainy,30,Yes,No,No,269,204,65,47
2024-11-02,Saturday,Lunch,406,Stormy,20,Yes,Yes,Yes,422,417,5,4
2024-06-10,Monday,Dinner,405,Rainy,25,Yes,No,No,383,316,67,59
2024-06-24,Monday,Dinner,634,Sunny,35,No,Yes,No,593,588,5,3
2024-08-23,Friday,Dinner,378,Stormy,25,Yes,Yes,No,381,355,26,20
2024-01-08,Monday,Breakfast,637,Rainy,23,Yes,No,No,687,686,1,0
2024-09-12,Thursday,Lunch,320,Cloudy,29,Yes,No,No,286,250,36,33
2024-04-16,Tuesday,Breakfast,807,Stormy,22,Yes,Yes,No,804,793,11,5
2024-11-17,Sunday,Dinner,397,Sunny,35,Yes,Yes,Yes,380,329,51,5
2024-11-18,Monday,Breakfast,658,Stormy,23,No,No,No,642,554,88,69
2024-12-23,Monday,Breakfast,744,Stormy,27,Yes,Yes,No,697,651,46,38
2024-07-10,Wednesday,Dinner,663,Rainy,24,No,No,No,677,623,54,6
2024-04-10,Wednesday,Dinner,839,Cloudy,30,Yes,Yes,No,807,719,88,37
2024-03-01,Friday,Breakfast,881,Cloudy,30,Yes,No,No,832,774,58,42
2024-10-30,Wednesday,Lunch,700,Cloudy,32,Yes,Yes,No,739,733,6,1
2024-06-21,Friday,Lunch,859,Cloudy,31,No,No,No,824,749,75,35
2024-03-11,Monday,Dinner,900,Stormy,20,Yes,Yes,No,947,867,80,52
2024-05-06,Monday,Breakfast,669,Rainy,28,No,No,No,683,604,79,5
2024-01-18,Thursday,Dinner,888,Rainy,23,No,Yes,No,894,827,67,18
2024-01-12,Friday,Lunch,331,Stormy,27,No,No,No,367,348,19,15
2024-10-04,Friday,Dinner,457,Sunny,40,Yes,No,No,481,477,4,0
2024-09-29,Sunday,Breakfast,256,Stormy,20,Yes,No,Yes,264,216,48,6
2024-09-14,Saturday,Breakfast,895,Rainy,27,Yes,No,Yes,860,853,7,3
2024-11-26,Tuesday,Lunch,781,Rainy,22,No,Yes,No,748,669,79,26
2024-06-19,Wednesday,Breakfast,684,Cloudy,31,No,Yes,No,679,579,100,6
2024-03-07,Thursday,Lunch,793,Sunny,30,No,No,No,747,744,3,2
2024-04-13,Saturday,Lunch,910,Sunny,38,No,No,Yes,947,861,86,6
2024-09-30,Monday,Dinner,760,Rainy,23,No,Yes,No,798,786,12,2
2024-04-26,Friday,Lunch,275,Sunny,34,Yes,No,No,304,215,89,76
2024-07-07,Sunday,Dinner,596,Stormy,26,No,No,Yes,561,527,34,6
2024-03-30,Saturday,Lunch,365,Rainy,28,No,Yes,Yes,389,303,86,2
2024-05-12,Sunday,Lunch,293,Stormy,20,Yes,No,Yes,246,216,30,8
2024-11-25,Monday,Lunch,230,Rainy,30,No,Yes,No,223,213,10,0
2024-11-22,Friday,Breakfast,667,Cloudy,33,Yes,Yes,No,617,561,56,52
2024-05-03,Friday,Breakfast,792,Stormy,28,Yes,No,No,760,692,68,60
2024-03-23,Saturday,Breakfast,587,Rainy,23,Yes,No,Yes,587,571,16,16
2024-03-23,Saturday,Dinner,826,Rainy,22,Yes,No,Yes,797,709,88,35
2024-02-20,Tuesday,Dinner,553,Sunny,36,Yes,No,No,519,426,93,38
2024-04-23,Tuesday,Dinner,768,Stormy,20,No,No,No,734,681,53,52
2024-05-15,Wednesday,Breakfast,947,Sunny,40,Yes,Yes,No,913,878,35,11
2024-07-06,Saturday,Dinner,591,Rainy,23,No,No,Yes,625,599,26,16
2024-09-20,Friday,Breakfast,788,Rainy,28,Yes,Yes,No,758,677,81,22
2024-01-20,Saturday,Dinner,662,Sunny,30,No,No,Yes,685,673,12,12
2024-12-21,Saturday,Lunch,863,Stormy,25,No,No,Yes,846,818,28,7
2024-11-10,Sunday,Lunch,362,Rainy,30,Yes,Yes,Yes,315,291,24,14
2024-03-07,Thursday,Breakfast,791,Stormy,26,Yes,No,No,793,757,36,29
2024-10-13,Sunday,Lunch,739,Cloudy,28,No,No,Yes,764,690,74,42
2024-06-01,Saturday,Breakfast,651,Stormy,28,Yes,Yes,Yes,612,571,41,13
2024-03-27,Wednesday,Lunch,881,Rainy,26,Yes,Yes,No,888,836,52,44
2024-12-24,Tuesday,Lunch,561,Rainy,26,No,Yes,No,560,486,74,37
2024-10-22,Tuesday,Breakfast,605,Sunny,37,No,No,No,640,617,23,4
2024-05-29,Wednesday,Lunch,275,Cloudy,27,No,Yes,No,305,222,83,67
2024-11-30,Saturday,Breakfast,313,Sunny,35,No,Yes,Yes,276,185,91,9
2024-10-07,Monday,Breakfast,389,Stormy,23,Yes,Yes,No,370,309,61,14
2024-03-22,Friday,Breakfast,942,Rainy,26,Yes,Yes,No,983,903,80,0
2024-11-22,Friday,Lunch,796,Stormy,21,Yes,Yes,No,784,698,86,47
2024-07-26,Friday,Breakfast,830,Cloudy,32,Yes,Yes,No,805,787,18,16
2024-01-23,Tuesday,Breakfast,474,Stormy,22,No,Yes,No,449,414,35,13
2024-11-06,Wednesday,Lunch,661,Sunny,31,Yes,No,No,630,552,78,1
2024-03-14,Thursday,Breakfast,753,Cloudy,32,No,Yes,No,733,665,68,54
2024-06-06,Thursday,Breakfast,567,Stormy,27,Yes,Yes,No,593,570,23,22
2024-12-11,Wednesday,Dinner,607,Rainy,26,No,Yes,No,586,560,26,26
2024-03-31,Sunday,Dinner,591,Rainy,27,Yes,Yes,Yes,566,489,77,48
2024-08-23,Friday,Lunch,257,Stormy,22,Yes,No,No,223,123,100,49
2024-03-21,Thursday,Lunch,384,Rainy,28,Yes,Yes,No,367,318,49,4
2024-09-08,Sunday,Lunch,424,Sunny,38,Yes,No,Yes,397,350,47,4
2024-07-31,Wednesday,Lunch,907,Stormy,25,No,No,No,910,873,37,6
2024-05-05,Sunday,Breakfast,625,Rainy,30,Yes,No,Yes,591,584,7,7
2024-06-17,Monday,Lunch,759,Rainy,23,Yes,Yes,No,785,740,45,34
2024-08-11,Sunday,Lunch,201,Sunny,38,Yes,Yes,Yes,184,175,9,5
2024-05-05,Sunday,Breakfast,266,Rainy,26,No,No,Yes,281,200,81,26
2024-06-09,Sunday,Dinner,940,Cloudy,27,No,No,Yes,903,866,37,0
2024-09-18,Wednesday,Dinner,933,Rainy,27,Yes,Yes,No,899,823,76,48
2024-10-11,Friday,Breakfast,417,Stormy,24,Yes,Yes,No,425,413,12,3
2024-02-02,Friday,Breakfast,852,Rainy,25,Yes,No,No,811,771,40,17
2024-04-23,Tuesday,Lunch,780,Stormy,22,No,Yes,No,736,698,38,26
2024-10-21,Monday,Breakfast,436,Sunny,37,No,Yes,No,404,343,61,10
2024-12-19,Thursday,Dinner,564,Rainy,22,Yes,No,No,514,461,53,41
2024-03-20,Wednesday,Breakfast,484,Rainy,27,Yes,No,No,479,421,58,19
2024-01-25,Thursday,Dinner,789,Rainy,26,Yes,Yes,No,740,685,55,27
2024-07-17,Wednesday,Lunch,981,Sunny,37,No,No,No,1007,986,21,15
2024-08-06,Tuesday,Lunch,520,Rainy,26,No,No,No,506,427,79,32
2024-04-25,Thursday,Lunch,302,Sunny,32,No,Yes,No,332,292,40,27
2024-12-05,Thursday,Dinner,976,Stormy,21,No,No,No,959,890,69,19
2024-07-25,Thursday,Lunch,888,Sunny,35,Yes,Yes,No,924,890,34,7
2024-05-30,Thursday,Lunch,837,Stormy,21,Yes,No,No,862,770,92,4
2024-01-05,Friday,Dinner,644,Stormy,26,No,Yes,No,693,638,55,34
2024-06-01,Saturday,Lunch,624,Cloudy,27,Yes,No,Yes,633,561,72,37
2024-02-13,Tuesday,Breakfast,512,Rainy,26,Yes,No,No,492,455,37,7
2024-08-16,Friday,Lunch,608,Stormy,25,Yes,No,No,648,617,31,20
2024-11-18,Monday,Breakfast,788,Sunny,30,No,No,No,765,698,67,49
2024-05-04,Saturday,Dinner,548,Sunny,36,No,No,Yes,548,453,95,59
2024-02-22,Thursday,Breakfast,465,Sunny,40,No,No,No,492,438,54,17
2024-12-24,Tuesday,Breakfast,945,Rainy,24,No,No,No,989,923,66,6
2024-08-11,Sunday,Dinner,787,Sunny,38,No,No,Yes,779,697,82,46
2024-09-26,Thursday,Dinner,782,Stormy,21,No,No,No,824,792,32,20
2024-08-23,Friday,Dinner,250,Stormy,28,Yes,No,No,267,173,94,23
2024-07-23,Tuesday,Dinner,708,Cloudy,28,Yes,Yes,No,750,739,11,7
2024-07-27,Saturday,Dinner,563,Rainy,30,No,No,Yes,515,483,32,15
2024-09-24,Tuesday,Breakfast,804,Cloudy,32,Yes,Yes,No,774,756,18,17
2024-01-16,Tuesday,Breakfast,894,Rainy,25,Yes,Yes,No,917,828,89,32
2024-03-17,Sunday,Dinner,923,Sunny,39,No,No,Yes,938,930,8,5
2024-01-16,Tuesday,Dinner,585,Rainy,27,No,No,No,563,539,24,12
2024-06-21,Friday,Breakfast,397,Sunny,36,Yes,No,No,442,347,95,77
2024-09-02,Monday,Dinner,710,Sunny,32,No,No,No,712,665,47,44
2024-11-28,Thursday,Dinner,862,Sunny,33,Yes,Yes,No,827,772,55,55
2024-07-01,Monday,Lunch,417,Cloudy,31,Yes,No,No,443,414,29,26
2024-08-11,Sunday,Dinner,536,Cloudy,32,Yes,No,Yes,585,565,20,9
2024-01-23,Tuesday,Dinner,719,Rainy,26,No,No,No,739,653,86,76
2024-08-15,Thursday,Dinner,497,Sunny,39,Yes,No,No,536,472,64,31
2024-04-26,Friday,Lunch,244,Sunny,32,No,No,No,207,138,69,8
2024-08-17,Saturday,Lunch,985,Stormy,21,No,No,Yes,968,928,40,9
2024-03-03,Sunday,Lunch,670,Cloudy,27,No,Yes,Yes,681,644,37,17
2024-06-19,Wednesday,Lunch,400,Sunny,34,Yes,No,No,400,342,58,52
2024-06-20,Thursday,Breakfast,313,Cloudy,31,Yes,No,No,263,211,52,14
2024-10-08,Tuesday,Breakfast,298,Rainy,30,No,No,No,248,176,72,11
2024-09-22,Sunday,Lunch,566,Cloudy,33,No,No,Yes,582,564,18,5
2024-03-27,Wednesday,Lunch,670,Sunny,37,No,No,No,620,524,96,41
2024-06-03,Monday,Breakfast,917,Rainy,23,Yes,No,No,949,886,63,49
2024-05-07,Tuesday,Breakfast,378,Cloudy,30,No,Yes,No,404,343,61,54
2024-09-01,Sunday,Breakfast,988,Cloudy,27,Yes,No,Yes,1018,961,57,14
2024-09-07,Saturday,Lunch,211,Stormy,21,No,No,Yes,230,219,11,3
2024-02-02,Friday,Breakfast,666,Stormy,23,No,Yes,No,653,651,2,1
2024-07-25,Thursday,Dinner,321,Stormy,21,Yes,No,No,324,263,61,47
2024-07-17,Wednesday,Breakfast,211,Cloudy,27,Yes,No,No,221,137,84,62
2024-09-04,Wednesday,Dinner,739,Sunny,33,Yes,Yes,No,786,771,15,13
2024-09-23,Monday,Lunch,506,Sunny,40,Yes,No,No,491,454,37,22
2024-04-15,Monday,Lunch,241,Sunny,40,Yes,No,No,227,168,59,30
2024-11-23,Saturday,Lunch,880,Cloudy,31,No,No,Yes,926,865,61,41
2024-05-09,Thursday,Lunch,806,Cloudy,29,Yes,Yes,No,805,785,20,12
2024-01-05,Friday,Breakfast,467,Cloudy,25,No,No,No,501,464,37,26
2024-12-26,Thursday,Lunch,624,Stormy,28,Yes,Yes,No,593,581,12,8
2024-06-03,Monday,Breakfast,590,Cloudy,29,No,No,No,550,503,47,18
2024-02-24,Saturday,Breakfast,290,Rainy,24,No,Yes,Yes,325,308,17,7
2024-10-25,Friday,Dinner,316,Sunny,39,No,Yes,No,319,258,61,20
2024-11-01,Friday,Breakfast,254,Cloudy,33,Yes,Yes,No,284,188,96,16
2024-04-09,Tuesday,Dinner,271,Sunny,30,Yes,No,No,300,225,75,15
2024-04-30,Tuesday,Lunch,945,Sunny,34,No,No,No,896,821,75,23
2024-08-31,Saturday,Breakfast,295,Sunny,32,No,Yes,Yes,272,196,76,38
2024-07-07,Sunday,Dinner,579,Cloudy,25,No,No,Yes,587,505,82,42
2024-07-24,Wednesday,Dinner,855,Rainy,22,No,Yes,No,818,755,63,58
2024-06-29,Saturday,Lunch,531,Rainy,26,No,Yes,Yes,493,459,34,18
2024-05-15,Wednesday,Lunch,992,Sunny,30,Yes,No,No,952,944,8,1
2024-05-10,Friday,Breakfast,828,Sunny,38,Yes,Yes,No,829,809,20,11
2024-11-07,Thursday,Dinner,687,Cloudy,33,Yes,Yes,No,736,730,6,4
2024-06-17,Monday,Lunch,705,Sunny,32,No,Yes,No,712,643,69,49
2024-10-16,Wednesday,Breakfast,882,Cloudy,32,No,No,No,910,831,79,3
2024-01-18,Thursday,Dinner,354,Rainy,25,Yes,No,No,334,235,99,77
2024-12-05,Thursday,Breakfast,834,Stormy,23,No,Yes,No,880,782,98,16
2024-09-12,Thursday,Breakfast,415,Sunny,32,Yes,No,No,409,347,62,54
2024-07-04,Thursday,Dinner,846,Stormy,22,Yes,Yes,No,890,827,63,43
2024-04-05,Friday,Dinner,353,Stormy,27,No,Yes,No,363,301,62,16
2024-12-30,Monday,Lunch,387,Sunny,30,No,No,No,380,379,1,0
2024-08-01,Thursday,Lunch,886,Rainy,22,Yes,Yes,No,841,755,86,40
2024-09-16,Monday,Dinner,690,Cloudy,27,Yes,No,No,703,649,54,28
2024-12-30,Monday,Lunch,533,Cloudy,26,Yes,No,No,572,518,54,35
2024-01-16,Tuesday,Dinner,769,Rainy,24,No,Yes,No,744,699,45,10
2024-11-14,Thursday,Breakfast,394,Rainy,28,Yes,Yes,No,398,324,74,10
2024-02-09,Friday,Dinner,307,Sunny,35,Yes,No,No,257,215,42,6
2024-04-29,Monday,Lunch,668,Sunny,39,No,No,No,671,652,19,13
2024-02-22,Thursday,Dinner,447,Rainy,29,No,Yes,No,416,338,78,2
2024-09-01,Sunday,Breakfast,496,Sunny,34,Yes,No,Yes,447,392,55,44
2024-04-15,Monday,Breakfast,236,Sunny,35,No,Yes,No,215,128,87,16
2024-05-10,Friday,Lunch,429,Rainy,26,No,No,No,479,386,93,88
2024-08-16,Friday,Lunch,794,Cloudy,32,Yes,No,No,825,768,57,44
2024-02-25,Sunday,Lunch,327,Sunny,36,No,Yes,Yes,333,288,45,13
2024-07-23,Tuesday,Breakfast,473,Rainy,24,Yes,No,No,423,413,10,9
2024-04-26,Friday,Breakfast,348,Rainy,22,No,No,No,346,267,79,55
2024-12-30,Monday,Dinner,869,Rainy,30,No,Yes,No,874,776,98,52
2024-06-10,Monday,Breakfast,902,Sunny,30,No,No,No,945,848,97,32
2024-07-05,Friday,Dinner,876,Cloudy,25,Yes,No,No,908,808,100,93
2024-05-13,Monday,Dinner,705,Cloudy,25,Yes,Yes,No,721,631,90,80
2024-01-08,Monday,Breakfast,530,Stormy,25,Yes,No,No,480,456,24,5
2024-11-19,Tuesday,Breakfast,391,Rainy,26,Yes,Yes,No,370,294,76,37
2024-06-22,Saturday,Breakfast,903,Cloudy,29,No,Yes,Yes,853,758,95,18
2024-12-23,Monday,Breakfast,329,Stormy,21,No,Yes,No,280,205,75,46
2024-10-19,Saturday,Dinner,519,Stormy,27,No,Yes,Yes,512,484,28,20
2024-05-04,Saturday,Lunch,813,Rainy,26,Yes,Yes,Yes,775,725,50,38
2024-01-09,Tuesday,Dinner,705,Rainy,26,Yes,Yes,No,663,585,78,62
2024-03-02,Saturday,Breakfast,438,Rainy,30,No,Yes,Yes,404,383,21,15
2024-12-30,Monday,Dinner,319,Stormy,25,No,No,No,322,233,89,39
2024-02-28,Wednesday,Breakfast,243,Sunny,40,No,No,No,238,183,55,25
2024-07-28,Sunday,Breakfast,780,Stormy,24,Yes,No,Yes,819,779,40,36
2024-08-01,Thursday,Lunch,501,Sunny,38,No,No,No,501,441,60,41
2024-11-10,Sunday,Lunch,672,Rainy,25,Yes,No,Yes,645,556,89,33
2024-10-05,Saturday,Breakfast,642,Stormy,27,Yes,Yes,Yes,630,625,5,5
2024-02-16,Friday,Breakfast,785,Stormy,23,No,No,No,788,757,31,21
2024-03-12,Tuesday,Dinner,474,Cloudy,30,No,Yes,No,463,440,23,14
2024-03-27,Wednesday,Breakfast,722,Rainy,25,Yes,No,No,676,613,63,45
2024-07-16,Tuesday,Breakfast,267,Cloudy,29,No,Yes,No,223,170,53,39
2024-04-24,Wednesday,Lunch,482,Rainy,28,No,Yes,No,526,442,84,7
2024-09-23,Monday,Breakfast,935,Sunny,38,Yes,No,No,945,867,78,57
2024-01-05,Friday,Lunch,961,Rainy,29,Yes,Yes,No,941,844,97,3
2024-02-04,Sunday,Breakfast,964,Sunny,32,Yes,Yes,Yes,916,838,78,39
2024-02-10,Saturday,Lunch,718,Rainy,26,Yes,Yes,Yes,764,706,58,30
2024-10-03,Thursday,Breakfast,683,Rainy,24,Yes,Yes,No,665,618,47,40
2024-07-27,Saturday,Dinner,1000,Rainy,26,Yes,No,Yes,1000,903,97,55
2024-12-13,Friday,Dinner,668,Sunny,31,No,No,No,659,561,98,57
2024-09-19,Thursday,Breakfast,506,Sunny,30,Yes,No,No,512,482,30,27
2024-08-16,Friday,Dinner,947,Sunny,35,Yes,Yes,No,964,941,23,5
2024-03-27,Wednesday,Lunch,695,Sunny,35,No,Yes,No,739,699,40,28
2024-12-18,Wednesday,Breakfast,393,Cloudy,30,No,Yes,No,384,292,92,14
2024-11-23,Saturday,Lunch,745,Stormy,28,No,No,Yes,709,695,14,6
2024-07-23,Tuesday,Dinner,885,Sunny,40,No,No,No,847,750,97,77
2024-12-18,Wednesday,Breakfast,807,Sunny,34,Yes,Yes,No,761,719,42,20
2024-10-21,Monday,Dinner,870,Cloudy,29,No,No,No,846,842,4,0
2024-11-07,Thursday,Breakfast,212,Cloudy,26,Yes,No,No,197,134,63,48
2024-05-24,Friday,Lunch,703,Stormy,23,No,Yes,No,743,724,19,13
2024-12-13,Friday,Dinner,245,Sunny,31,No,No,No,276,246,30,10
2024-04-02,Tuesday,Lunch,595,Rainy,22,No,No,No,549,469,80,62
2024-05-12,Sunday,Breakfast,747,Stormy,26,No,No,Yes,790,718,72,35
2024-08-31,Saturday,Dinner,411,Sunny,36,Yes,No,Yes,405,328,77,32
2024-09-19,Thursday,Dinner,699,Rainy,25,No,Yes,No,729,728,1,0
2024-09-28,Saturday,Dinner,969,Rainy,23,Yes,No,Yes,978,898,80,65
2024-02-21,Wednesday,Breakfast,346,Stormy,20,Yes,No,No,394,389,5,0
2024-04-10,Wednesday,Breakfast,604,Sunny,31,Yes,Yes,No,635,549,86,9
2024-08-14,Wednesday,Lunch,849,Stormy,24,No,Yes,No,806,767,39,21
2024-10-01,Tuesday,Lunch,333,Cloudy,27,Yes,No,No,290,207,83,15
2024-04-19,Friday,Breakfast,379,Stormy,24,No,Yes,No,393,380,13,3
2024-12-08,Sunday,Lunch,884,Stormy,26,Yes,Yes,Yes,888,788,100,25
2024-01-12,Friday,Dinner,400,Sunny,37,No,Yes,No,355,288,67,27
2024-03-21,Thursday,Dinner,377,Sunny,34,No,No,No,380,340,40,6
2024-02-11,Sunday,Dinner,988,Stormy,28,No,No,Yes,952,945,7,3
2024-06-12,Wednesday,Dinner,547,Stormy,27,No,No,No,591,553,38,31
2024-03-11,Monday,Dinner,218,Rainy,27,Yes,No,No,217,158,59,37
2024-02-17,Saturday,Dinner,409,Cloudy,27,No,Yes,Yes,365,319,46,13
2024-05-20,Monday,Breakfast,273,Sunny,39,Yes,Yes,No,269,191,78,62
2024-03-26,Tuesday,Dinner,382,Rainy,29,Yes,No,No,385,345,40,9
2024-12-02,Monday,Dinner,232,Sunny,40,No,No,No,238,157,81,53
2024-09-11,Wednesday,Lunch,947,Sunny,39,Yes,No,No,979,973,6,6
2024-10-02,Wednesday,Breakfast,638,Sunny,33,No,Yes,No,640,623,17,16
2024-10-02,Wednesday,Dinner,694,Stormy,24,Yes,No,No,659,599,60,24
2024-06-19,Wednesday,Lunch,225,Rainy,22,No,Yes,No,214,148,66,50
2024-04-03,Wednesday,Dinner,292,Sunny,37,No,No,No,264,179,85,30
2024-06-03,Monday,Lunch,802,Sunny,30,Yes,No,No,852,845,7,4
2024-08-05,Monday,Dinner,740,Rainy,29,Yes,Yes,No,743,646,97,36
2024-05-20,Monday,Lunch,224,Sunny,31,Yes,No,No,258,205,53,15
2024-03-21,Thursday,Breakfast,948,Rainy,29,Yes,Yes,No,900,850,50,3
2024-06-14,Friday,Lunch,733,Cloudy,25,Yes,Yes,No,753,675,78,7
2024-01-07,Sunday,Dinner,362,Cloudy,25,Yes,No,Yes,350,255,95,90
2024-03-24,Sunday,Breakfast,589,Cloudy,28,No,No,Yes,547,509,38,23
2024-01-02,Tuesday,Lunch,607,Rainy,29,Yes,Yes,No,557,551,6,5
2024-12-04,Wednesday,Breakfast,706,Sunny,39,Yes,No,No,668,581,87,79
2024-08-31,Saturday,Dinner,924,Rainy,23,No,Yes,Yes,946,873,73,42
2024-07-30,Tuesday,Breakfast,643,Sunny,40,No,No,No,593,497,96,35
2024-08-27,Tuesday,Lunch,565,Stormy,23,Yes,Yes,No,519,480,39,1
2024-10-03,Thursday,Lunch,577,Stormy,22,No,No,No,612,529,83,19
2024-03-20,Wednesday,Breakfast,777,Stormy,23,No,No,No,784,755,29,29
2024-02-18,Sunday,Dinner,414,Rainy,25,No,Yes,Yes,437,410,27,24
2024-09-01,Sunday,Breakfast,278,Stormy,25,Yes,Yes,Yes,291,258,33,24
2024-12-01,Sunday,Lunch,457,Sunny,38,Yes,Yes,Yes,499,485,14,5
2024-01-12,Friday,Lunch,757,Rainy,26,Yes,Yes,No,735,684,51,47
2024-10-19,Saturday,Lunch,748,Sunny,33,Yes,Yes,Yes,700,642,58,16
2024-12-11,Wednesday,Dinner,796,Rainy,22,Yes,Yes,No,826,784,42,16
2024-05-12,Sunday,Breakfast,569,Stormy,27,No,Yes,Yes,531,461,70,39
2024-06-06,Thursday,Breakfast,980,Sunny,40,No,Yes,No,977,959,18,14
2024-07-27,Saturday,Breakfast,728,Rainy,22,No,No,Yes,770,732,38,19
2024-01-24,Wednesday,Breakfast,475,Stormy,24,No,Yes,No,475,402,73,70
2024-07-25,Thursday,Breakfast,565,Stormy,24,No,No,No,579,518,61,6
2024-10-24,Thursday,Lunch,797,Cloudy,31,No,No,No,844,773,71,7
2024-02-19,Monday,Dinner,895,Cloudy,26,No,No,No,871,781,90,32
2024-08-06,Tuesday,Breakfast,378,Rainy,24,Yes,No,No,342,312,30,19
2024-01-26,Friday,Breakfast,750,Rainy,23,Yes,Yes,No,753,752,1,1
2024-07-06,Saturday,Dinner,882,Rainy,23,Yes,No,Yes,861,837,24,12
2024-03-20,Wednesday,Lunch,752,Cloudy,29,No,No,No,766,751,15,8
2024-08-05,Monday,Dinner,582,Sunny,40,No,No,No,610,522,88,20
2024-08-16,Friday,Breakfast,943,Stormy,27,No,No,No,948,867,81,51
2024-08-27,Tuesday,Dinner,765,Stormy,28,Yes,Yes,No,810,809,1,0
2024-10-27,Sunday,Breakfast,710,Stormy,27,No,No,Yes,755,734,21,14
2024-04-30,Tuesday,Lunch,960,Cloudy,28,No,Yes,No,932,869,63,28
2024-08-09,Friday,Dinner,514,Stormy,20,Yes,Yes,No,560,554,6,0
2024-08-16,Friday,Lunch,573,Sunny,33,No,Yes,No,622,587,35,28
2024-02-24,Saturday,Breakfast,952,Stormy,28,No,No,Yes,994,975,19,5
2024-03-30,Saturday,Breakfast,371,Cloudy,29,Yes,No,Yes,410,402,8,8
2024-07-03,Wednesday,Dinner,741,Rainy,30,No,Yes,No,744,687,57,9
2024-01-07,Sunday,Lunch,644,Stormy,25,No,Yes,Yes,635,630,5,3
2024-01-16,Tuesday,Dinner,657,Rainy,25,Yes,Yes,No,620,549,71,15
2024-01-07,Sunday,Lunch,636,Stormy,22,No,Yes,Yes,685,616,69,9
2024-08-27,Tuesday,Dinner,212,Sunny,33,Yes,Yes,No,241,157,84,1
2024-10-23,Wednesday,Breakfast,508,Rainy,26,No,Yes,No,486,477,9,9
2024-03-09,Saturday,Lunch,445,Stormy,21,Yes,No,Yes,445,412,33,18
2024-08-06,Tuesday,Breakfast,723,Sunny,37,No,No,No,720,689,31,31
2024-05-07,Tuesday,Lunch,451,Rainy,30,No,No,No,490,434,56,29
2024-05-29,Wednesday,Dinner,497,Rainy,30,No,Yes,No,488,465,23,22
2024-07-11,Thursday,Breakfast,635,Stormy,21,No,Yes,No,641,624,17,9
2024-01-02,Tuesday,Dinner,376,Cloudy,30,No,Yes,No,413,400,13,7
2024-03-16,Saturday,Dinner,563,Sunny,35,No,No,Yes,606,558,48,29
2024-04-09,Tuesday,Dinner,547,Cloudy,33,No,No,No,561,489,72,32
2024-03-23,Saturday,Lunch,862,Rainy,26,Yes,No,Yes,868,793,75,16
2024-08-26,Monday,Dinner,290,Rainy,29,Yes,Yes,No,274,211,63,54
2024-01-18,Thursday,Lunch,233,Sunny,39,No,No,No,249,221,28,16
2024-11-01,Friday,Lunch,718,Stormy,23,No,No,No,758,695,63,44
2024-12-08,Sunday,Dinner,220,Cloudy,31,No,Yes,Yes,175,169,6,4
2024-05-25,Saturday,Dinner,677,Stormy,24,No,Yes,Yes,671,573,98,18
2024-05-13,Monday,Dinner,890,Cloudy,25,No,No,No,842,772,70,49
2024-05-21,Tuesday,Dinner,547,Cloudy,33,No,Yes,No,592,528,64,14
2024-08-10,Saturday,Lunch,344,Cloudy,32,No,Yes,Yes,391,305,86,74
2024-05-18,Saturday,Dinner,815,Stormy,28,Yes,No,Yes,842,782,60,8
2024-05-21,Tuesday,Lunch,584,Sunny,34,No,No,No,591,561,30,25
2024-12-18,Wednesday,Lunch,203,Stormy,23,Yes,Yes,No,230,214,16,10
2024-12-12,Thursday,Breakfast,991,Cloudy,26,Yes,Yes,No,991,923,68,39
2024-01-03,Wednesday,Lunch,593,Cloudy,30,No,Yes,No,562,483,79,45
2024-12-19,Thursday,Dinner,546,Stormy,25,No,Yes,No,558,557,1,0
2024-03-08,Friday,Dinner,447,Cloudy,27,Yes,No,No,479,385,94,74
2024-12-30,Monday,Dinner,954,Cloudy,27,No,No,No,905,904,1,1
2024-03-05,Tuesday,Dinner,397,Sunny,35,No,Yes,No,418,409,9,1
2024-01-02,Tuesday,Lunch,906,Cloudy,28,No,Yes,No,902,830,72,66
2024-10-06,Sunday,Lunch,394,Rainy,27,No,Yes,Yes,407,338,69,24
2024-04-16,Tuesday,Lunch,319,Rainy,22,Yes,Yes,No,363,355,8,5
2024-05-23,Thursday,Dinner,260,Stormy,20,No,No,No,234,208,26,2
2024-06-26,Wednesday,Lunch,764,Stormy,24,Yes,No,No,720,720,0,0
2024-11-13,Wednesday,Lunch,201,Rainy,26,Yes,Yes,No,195,107,88,26
2024-03-30,Saturday,Breakfast,806,Stormy,26,No,No,Yes,789,787,2,1
2024-05-17,Friday,Dinner,475,Cloudy,25,Yes,Yes,No,509,411,98,64
2024-07-28,Sunday,Lunch,525,Stormy,21,Yes,Yes,Yes,481,446,35,31
2024-07-13,Saturday,Lunch,616,Sunny,34,Yes,No,Yes,574,559,15,15
2024-04-16,Tuesday,Dinner,236,Stormy,28,No,Yes,No,230,146,84,76
2024-03-04,Monday,Breakfast,403,Stormy,25,No,Yes,No,419,349,70,44
2024-04-04,Thursday,Breakfast,286,Rainy,28,No,No,No,236,217,19,15
2024-12-10,Tuesday,Dinner,674,Cloudy,25,Yes,No,No,631,626,5,3
2024-01-19,Friday,Breakfast,646,Cloudy,28,No,Yes,No,662,626,36,8
2024-03-02,Saturday,Dinner,254,Rainy,30,Yes,No,Yes,301,220,81,81
2024-11-14,Thursday,Dinner,710,Sunny,34,Yes,No,No,691,632,59,19
2024-01-18,Thursday,Lunch,355,Stormy,26,No,Yes,No,305,269,36,22
2024-05-05,Sunday,Dinner,250,Stormy,20,No,No,Yes,254,221,33,30
2024-06-12,Wednesday,Breakfast,645,Rainy,23,Yes,No,No,647,587,60,24
2024-02-07,Wednesday,Dinner,982,Rainy,26,No,Yes,No,971,890,81,60
2024-08-22,Thursday,Dinner,462,Cloudy,33,No,Yes,No,480,437,43,38
2024-09-13,Friday,Breakfast,862,Rainy,27,Yes,No,No,817,780,37,24
2024-05-05,Sunday,Lunch,911,Cloudy,28,Yes,Yes,Yes,936,836,100,2
2024-11-05,Tuesday,Lunch,598,Stormy,21,No,Yes,No,642,623,19,17
2024-05-12,Sunday,Dinner,677,Sunny,37,Yes,Yes,Yes,637,615,22,22
2024-12-07,Saturday,Dinner,214,Cloudy,27,Yes,No,Yes,257,221,36,19
2024-02-14,Wednesday,Lunch,238,Cloudy,28,Yes,Yes,No,208,144,64,21
2024-02-08,Thursday,Lunch,268,Rainy,23,No,No,No,282,213,69,34
2024-08-08,Thursday,Breakfast,338,Cloudy,30,Yes,Yes,No,310,230,80,61
2024-03-05,Tuesday,Dinner,250,Rainy,28,No,No,No,278,209,69,23
2024-03-11,Monday,Breakfast,813,Cloudy,29,No,Yes,No,863,772,91,67
2024-09-29,Sunday,Breakfast,249,Sunny,30,No,Yes,Yes,200,119,81,80
2024-12-21,Saturday,Lunch,901,Rainy,28,No,No,Yes,887,813,74,73
2024-04-28,Sunday,Dinner,317,Cloudy,27,No,Yes,Yes,286,249,37,16
2024-08-20,Tuesday,Breakfast,971,Sunny,38,No,No,No,966,944,22,5
2024-07-28,Sunday,Dinner,464,Rainy,24,Yes,Yes,Yes,481,470,11,4
2024-05-16,Thursday,Lunch,541,Sunny,37,No,Yes,No,491,455,36,26
2024-03-07,Thursday,Lunch,705,Cloudy,30,Yes,No,No,666,596,70,61
2024-07-16,Tuesday,Dinner,780,Stormy,23,No,No,No,733,727,6,5
2024-04-28,Sunday,Breakfast,876,Cloudy,29,Yes,Yes,Yes,896,833,63,34
2024-02-04,Sunday,Lunch,490,Stormy,23,Yes,No,Yes,534,488,46,0
2024-07-18,Thursday,Lunch,310,Rainy,23,No,No,No,332,250,82,79
2024-04-13,Saturday,Breakfast,526,Stormy,23,Yes,Yes,Yes,499,468,31,19
2024-12-23,Monday,Dinner,897,Cloudy,25,Yes,No,No,936,923,13,3
2024-05-16,Thursday,Dinner,868,Stormy,27,No,Yes,No,892,859,33,1
2024-04-24,Wednesday,Breakfast,214,Stormy,26,No,No,No,182,160,22,5
2024-01-08,Monday,Breakfast,773,Sunny,38,No,Yes,No,746,680,66,64
2024-06-09,Sunday,Dinner,777,Rainy,22,Yes,Yes,Yes,806,745,61,53
2024-06-18,Tuesday,Dinner,894,Cloudy,25,Yes,Yes,No,906,892,14,6
2024-07-22,Monday,Lunch,472,Sunny,35,Yes,No,No,460,418,42,34
2024-07-24,Wednesday,Lunch,722,Stormy,28,Yes,No,No,697,599,98,61
2024-06-05,Wednesday,Dinner,505,Stormy,23,No,No,No,469,458,11,1
2024-12-14,Saturday,Lunch,249,Stormy,21,Yes,Yes,Yes,212,148,64,15
2024-09-19,Thursday,Lunch,259,Rainy,28,Yes,Yes,No,253,189,64,57
2024-09-05,Thursday,Dinner,650,Cloudy,28,No,No,No,623,554,69,67
2024-09-30,Monday,Breakfast,413,Cloudy,27,Yes,Yes,No,374,320,54,28
2024-07-04,Thursday,Breakfast,710,Rainy,22,Yes,No,No,739,678,61,19
2024-09-22,Sunday,Dinner,262,Stormy,22,Yes,Yes,Yes,279,263,16,16
2024-02-25,Sunday,Dinner,821,Sunny,30,No,No,Yes,785,718,67,25
2024-02-19,Monday,Lunch,367,Rainy,29,Yes,Yes,No,374,300,74,0
2024-09-11,Wednesday,Lunch,721,Sunny,39,Yes,No,No,767,677,90,3
2024-07-26,Friday,Breakfast,665,Rainy,30,No,No,No,617,543,74,33
2024-04-26,Friday,Dinner,713,Stormy,22,No,No,No,744,704,40,1
2024-03-05,Tuesday,Dinner,930,Cloudy,32,No,Yes,No,927,827,100,63
2024-09-02,Monday,Dinner,449,Cloudy,33,No,No,No,489,441,48,5
2024-07-02,Tuesday,Dinner,299,Cloudy,26,No,Yes,No,299,247,52,47
2024-08-09,Friday,Dinner,741,Sunny,35,No,Yes,No,773,720,53,3
2024-11-05,Tuesday,Dinner,587,Cloudy,28,Yes,Yes,No,582,486,96,82
2024-07-06,Saturday,Lunch,787,Rainy,24,Yes,Yes,Yes,753,666,87,73
2024-08-24,Saturday,Breakfast,824,Stormy,28,Yes,Yes,Yes,790,695,95,86
2024-05-22,Wednesday,Lunch,273,Sunny,40,Yes,No,No,290,229,61,46
2024-02-12,Monday,Dinner,245,Rainy,26,No,Yes,No,234,172,62,9
2024-06-06,Thursday,Dinner,624,Cloudy,28,Yes,No,No,668,610,58,12
2024-12-17,Tuesday,Lunch,824,Rainy,22,No,No,No,809,724,85,41
2024-06-11,Tuesday,Lunch,336,Stormy,22,No,Yes,No,297,276,21,7
2024-07-05,Friday,Breakfast,540,Rainy,22,Yes,No,No,534,455,79,75
2024-01-15,Monday,Lunch,727,Sunny,40,No,No,No,677,614,63,16
2024-10-22,Tuesday,Dinner,844,Rainy,24,No,No,No,837,744,93,22
2024-12-18,Wednesday,Lunch,602,Rainy,22,Yes,Yes,No,609,571,38,29
2024-11-25,Monday,Lunch,625,Sunny,32,No,Yes,No,584,528,56,40
2024-08-17,Saturday,Dinner,490,Cloudy,30,No,No,Yes,493,463,30,22
2024-11-25,Monday,Lunch,615,Sunny,35,Yes,Yes,No,591,522,69,36
2024-02-09,Friday,Lunch,628,Stormy,25,Yes,No,No,620,564,56,24
2024-04-03,Wednesday,Dinner,923,Rainy,25,No,No,No,927,886,41,9
2024-04-15,Monday,Dinner,305,Stormy,23,Yes,Yes,No,355,315,40,2
2024-12-04,Wednesday,Lunch,646,Rainy,29,Yes,No,No,643,587,56,55
2024-01-27,Saturday,Breakfast,675,Rainy,28,Yes,No,Yes,691,618,73,4
2024-04-28,Sunday,Lunch,755,Sunny,35,Yes,No,Yes,733,639,94,23
2024-01-18,Thursday,Lunch,816,Cloudy,29,No,Yes,No,797,700,97,52
2024-01-20,Saturday,Lunch,758,Stormy,27,Yes,No,Yes,778,688,90,29
2024-02-07,Wednesday,Lunch,242,Stormy,23,No,Yes,No,238,177,61,27
2024-09-04,Wednesday,Dinner,997,Stormy,26,No,Yes,No,1003,916,87,17
2024-07-23,Tuesday,Dinner,458,Sunny,40,Yes,No,No,500,429,71,37
2024-04-04,Thursday,Breakfast,750,Rainy,22,Yes,Yes,No,780,760,20,6
2024-03-16,Saturday,Dinner,770,Stormy,22,Yes,No,Yes,760,726,34,4
2024-07-05,Friday,Lunch,367,Sunny,34,No,Yes,No,320,272,48,37
2024-02-06,Tuesday,Breakfast,757,Rainy,28,No,Yes,No,773,718,55,29
2024-08-25,Sunday,Breakfast,621,Rainy,30,No,No,Yes,601,524,77,35
2024-06-28,Friday,Lunch,964,Stormy,20,No,Yes,No,980,886,94,25
2024-02-20,Tuesday,Breakfast,844,Rainy,25,No,Yes,No,801,727,74,37
2024-05-12,Sunday,Breakfast,577,Stormy,26,No,No,Yes,584,512,72,43
2024-09-21,Saturday,Breakfast,928,Stormy,28,Yes,No,Yes,906,866,40,3
2024-08-15,Thursday,Lunch,829,Cloudy,31,No,Yes,No,842,764,78,57
2024-11-19,Tuesday,Lunch,778,Stormy,25,No,Yes,No,818,770,48,19
2024-01-06,Saturday,Dinner,912,Rainy,25,Yes,Yes,Yes,927,876,51,2
2024-02-10,Saturday,Dinner,620,Stormy,28,Yes,Yes,Yes,653,555,98,63
2024-05-10,Friday,Breakfast,838,Stormy,26,No,Yes,No,874,843,31,4
2024-04-20,Saturday,Dinner,297,Cloudy,25,Yes,No,Yes,275,200,75,9
2024-10-03,Thursday,Dinner,915,Cloudy,25,Yes,No,No,959,934,25,16
2024-11-17,Sunday,Dinner,678,Stormy,24,No,Yes,Yes,684,683,1,1
2024-06-03,Monday,Dinner,464,Sunny,34,Yes,No,No,474,401,73,23
2024-08-21,Wednesday,Lunch,617,Cloudy,27,No,Yes,No,614,529,85,19
2024-12-27,Friday,Breakfast,921,Stormy,27,Yes,No,No,916,826,90,52
2024-06-04,Tuesday,Lunch,754,Sunny,35,Yes,Yes,No,723,697,26,3
2024-08-21,Wednesday,Breakfast,835,Rainy,26,No,No,No,870,816,54,39
2024-01-16,Tuesday,Dinner,919,Sunny,38,No,No,No,915,859,56,31
2024-02-11,Sunday,Breakfast,432,Rainy,24,Yes,No,Yes,411,408,3,3
2024-06-26,Wednesday,Breakfast,624,Stormy,25,Yes,Yes,No,639,622,17,3
2024-05-13,Monday,Breakfast,769,Rainy,28,Yes,No,No,747,716,31,14
2024-03-22,Friday,Breakfast,488,Stormy,20,No,Yes,No,479,431,48,22
2024-07-08,Monday,Dinner,203,Sunny,34,No,Yes,No,176,100,76,0
2024-04-10,Wednesday,Dinner,226,Cloudy,31,No,No,No,216,211,5,3
2024-03-26,Tuesday,Lunch,381,Cloudy,26,No,No,No,394,329,65,13
2024-05-04,Saturday,Dinner,940,Stormy,22,Yes,No,Yes,898,813,85,9
2024-06-10,Monday,Breakfast,415,Cloudy,33,Yes,No,No,457,433,24,24
2024-12-02,Monday,Dinner,785,Cloudy,28,No,No,No,790,744,46,42
2024-05-08,Wednesday,Lunch,632,Cloudy,25,Yes,Yes,No,600,572,28,14
2024-12-11,Wednesday,Breakfast,916,Sunny,39,No,No,No,942,906,36,34
2024-04-20,Saturday,Breakfast,429,Sunny,31,Yes,No,Yes,405,322,83,39
2024-03-17,Sunday,Dinner,643,Rainy,26,Yes,Yes,Yes,658,623,35,4
2024-03-21,Thursday,Dinner,771,Cloudy,26,Yes,Yes,No,819,727,92,47
2024-07-26,Friday,Dinner,983,Sunny,35,Yes,Yes,No,1031,998,33,7
2024-08-04,Sunday,Lunch,621,Rainy,27,No,No,Yes,648,591,57,16
2024-03-12,Tuesday,Lunch,655,Stormy,28,Yes,Yes,No,614,588,26,17
2024-04-26,Friday,Lunch,874,Sunny,31,Yes,Yes,No,869,799,70,43
2024-12-16,Monday,Breakfast,854,Cloudy,29,Yes,No,No,885,870,15,2
2024-06-14,Friday,Breakfast,955,Stormy,20,No,Yes,No,919,891,28,2
2024-04-15,Monday,Dinner,943,Stormy,20,Yes,Yes,No,977,977,0,0
2024-02-29,Thursday,Dinner,204,Rainy,24,Yes,No,No,174,77,97,47
2024-04-24,Wednesday,Dinner,265,Sunny,31,Yes,No,No,276,180,96,18
2024-01-25,Thursday,Lunch,921,Stormy,23,Yes,No,No,923,827,96,66
2024-01-06,Saturday,Lunch,918,Cloudy,29,Yes,No,Yes,923,877,46,46
2024-02-22,Thursday,Lunch,977,Rainy,28,Yes,Yes,No,941,882,59,26
2024-08-24,Saturday,Dinner,551,Cloudy,27,No,Yes,Yes,523,445,78,75
2024-03-16,Saturday,Breakfast,881,Rainy,22,Yes,No,Yes,851,815,36,3
2024-10-04,Friday,Breakfast,531,Sunny,32,No,Yes,No,513,468,45,15
2024-01-25,Thursday,Breakfast,877,Cloudy,33,Yes,Yes,No,838,811,27,27
2024-08-29,Thursday,Breakfast,944,Sunny,34,Yes,Yes,No,990,983,7,4
2024-12-22,Sunday,Dinner,706,Sunny,38,No,Yes,Yes,661,651,10,9
2024-07-01,Monday,Dinner,980,Sunny,35,Yes,Yes,No,958,957,1,0
2024-02-05,Monday,Dinner,605,Cloudy,33,No,No,No,577,557,20,15
2024-09-26,Thursday,Dinner,224,Stormy,24,Yes,No,No,214,126,88,86
2024-09-09,Monday,Lunch,215,Cloudy,30,No,No,No,260,196,64,46
2024-11-12,Tuesday,Breakfast,789,Stormy,24,Yes,Yes,No,770,673,97,52
2024-05-10,Friday,Dinner,588,Stormy,25,No,No,No,561,489,72,33
2024-12-25,Wednesday,Lunch,904,Cloudy,29,Yes,Yes,No,883,881,2,1
2024-03-15,Friday,Dinner,983,Cloudy,33,Yes,Yes,No,982,958,24,15
2024-06-07,Friday,Breakfast,241,Rainy,30,No,Yes,No,268,183,85,1
2024-10-08,Tuesday,Lunch,594,Stormy,21,No,No,No,598,558,40,30
2024-06-07,Friday,Lunch,647,Cloudy,32,Yes,Yes,No,609,569,40,0
2024-05-06,Monday,Breakfast,576,Cloudy,30,No,No,No,623,534,89,87
2024-02-12,Monday,Dinner,792,Rainy,25,No,Yes,No,788,739,49,42
2024-10-09,Wednesday,Dinner,450,Sunny,36,No,No,No,439,405,34,22
2024-05-26,Sunday,Dinner,365,Stormy,28,No,Yes,Yes,331,247,84,70
2024-12-16,Monday,Lunch,483,Rainy,26,No,Yes,No,522,460,62,59
2024-07-14,Sunday,Lunch,785,Sunny,40,Yes,No,Yes,825,823,2,0
2024-12-27,Friday,Lunch,265,Rainy,26,No,No,No,254,230,24,18
2024-03-22,Friday,Breakfast,341,Rainy,28,No,No,No,388,328,60,26
2024-09-28,Saturday,Lunch,989,Rainy,22,Yes,Yes,Yes,986,939,47,4
2024-08-16,Friday,Breakfast,445,Cloudy,28,Yes,Yes,No,401,370,31,0
2024-01-16,Tuesday,Breakfast,553,Sunny,38,No,Yes,No,512,422,90,86
2024-12-20,Friday,Dinner,461,Rainy,27,Yes,No,No,412,412,0,0
2024-01-13,Saturday,Lunch,731,Rainy,30,No,No,Yes,731,720,11,1
2024-05-23,Thursday,Breakfast,644,Sunny,33,No,No,No,669,639,30,23
2024-03-02,Saturday,Breakfast,380,Rainy,29,Yes,Yes,Yes,410,344,66,59
2024-06-28,Friday,Dinner,247,Stormy,20,No,Yes,No,274,257,17,15
2024-05-08,Wednesday,Breakfast,656,Cloudy,25,Yes,No,No,698,673,25,20
2024-02-25,Sunday,Breakfast,469,Rainy,29,No,Yes,Yes,479,462,17,7
2024-05-22,Wednesday,Lunch,919,Stormy,24,Yes,Yes,No,898,822,76,28
2024-04-23,Tuesday,Dinner,558,Cloudy,32,No,Yes,No,563,533,30,21
2024-03-07,Thursday,Breakfast,724,Stormy,25,No,Yes,No,676,622,54,22
2024-11-09,Saturday,Dinner,361,Cloudy,26,Yes,No,Yes,406,359,47,37
2024-03-20,Wednesday,Breakfast,964,Rainy,29,Yes,Yes,No,933,899,34,4
2024-03-02,Saturday,Breakfast,705,Cloudy,25,Yes,No,Yes,712,621,91,67
2024-07-23,Tuesday,Dinner,451,Cloudy,30,No,Yes,No,423,336,87,79
2024-11-28,Thursday,Dinner,228,Stormy,27,Yes,Yes,No,226,214,12,0
2024-05-02,Thursday,Dinner,406,Rainy,30,Yes,No,No,400,391,9,4
2024-10-27,Sunday,Dinner,661,Cloudy,30,No,No,Yes,643,638,5,3
2024-07-29,Monday,Lunch,894,Cloudy,33,Yes,Yes,No,942,934,8,3
2024-11-01,Friday,Lunch,349,Stormy,20,Yes,Yes,No,373,345,28,14
2024-10-08,Tuesday,Breakfast,699,Cloudy,31,No,Yes,No,729,658,71,16
2024-03-24,Sunday,Dinner,687,Sunny,38,Yes,Yes,Yes,652,640,12,10
2024-11-22,Friday,Lunch,414,Stormy,25,No,No,No,411,399,12,12
2024-03-01,Friday,Lunch,525,Sunny,30,Yes,No,No,569,497,72,18
2024-08-02,Friday,Breakfast,956,Rainy,28,Yes,No,No,923,832,91,37
2024-07-30,Tuesday,Lunch,750,Sunny,38,No,Yes,No,774,732,42,5
2024-08-18,Sunday,Breakfast,281,Stormy,25,No,No,Yes,282,209,73,7
2024-10-15,Tuesday,Breakfast,964,Rainy,25,No,No,No,928,871,57,20
2024-01-08,Monday,Dinner,857,Stormy,23,Yes,Yes,No,875,836,39,7
2024-11-24,Sunday,Breakfast,407,Cloudy,28,Yes,Yes,Yes,376,329,47,5
2024-05-29,Wednesday,Breakfast,622,Cloudy,28,No,Yes,No,631,579,52,19
2024-06-29,Saturday,Lunch,639,Sunny,37,Yes,Yes,Yes,667,625,42,36
2024-08-04,Sunday,Breakfast,299,Cloudy,30,No,Yes,Yes,280,262,18,4
2024-03-08,Friday,Breakfast,319,Cloudy,33,Yes,No,No,361,291,70,11
2024-08-15,Thursday,Dinner,751,Rainy,22,Yes,Yes,No,777,767,10,1
2024-06-26,Wednesday,Breakfast,497,Cloudy,26,Yes,Yes,No,456,356,100,64
2024-09-16,Monday,Breakfast,452,Sunny,33,Yes,No,No,461,385,76,56
2024-04-22,Monday,Breakfast,595,Stormy,21,Yes,No,No,551,460,91,73
2024-06-04,Tuesday,Breakfast,202,Sunny,40,No,No,No,217,145,72,49
2024-07-12,Friday,Breakfast,826,Rainy,23,No,Yes,No,859,847,12,0
2024-11-05,Tuesday,Dinner,612,Cloudy,32,Yes,No,No,640,580,60,34
2024-08-07,Wednesday,Lunch,319,Cloudy,30,Yes,Yes,No,314,221,93,54
2024-12-06,Friday,Breakfast,490,Stormy,21,Yes,Yes,No,494,441,53,42
2024-01-01,Monday,Dinner,606,Rainy,30,No,Yes,No,562,480,82,61
2024-03-13,Wednesday,Breakfast,392,Sunny,39,Yes,No,No,399,384,15,13
2024-06-05,Wednesday,Breakfast,795,Stormy,24,No,Yes,No,752,717,35,9
2024-04-28,Sunday,Lunch,665,Rainy,23,No,Yes,Yes,664,628,36,24
2024-06-20,Thursday,Dinner,463,Sunny,35,Yes,Yes,No,484,410,74,40
2024-06-10,Monday,Dinner,644,Sunny,38,Yes,Yes,No,619,589,30,10
2024-07-18,Thursday,Dinner,330,Stormy,20,No,Yes,No,357,332,25,2
2024-05-02,Thursday,Breakfast,831,Rainy,23,Yes,No,No,782,703,79,33
2024-10-14,Monday,Dinner,918,Stormy,22,No,No,No,872,837,35,14
2024-10-15,Tuesday,Lunch,626,Stormy,26,No,Yes,No,605,595,10,9
2024-04-11,Thursday,Dinner,953,Cloudy,25,No,No,No,942,876,66,52
2024-03-17,Sunday,Lunch,859,Stormy,20,Yes,No,Yes,836,755,81,4
2024-05-28,Tuesday,Lunch,861,Cloudy,27,No,No,No,861,799,62,60
2024-06-30,Sunday,Lunch,587,Cloudy,29,Yes,No,Yes,606,606,0,0
2024-10-24,Thursday,Breakfast,589,Cloudy,27,No,No,No,593,537,56,30
2024-02-10,Saturday,Dinner,518,Sunny,31,Yes,Yes,Yes,568,476,92,8
2024-11-13,Wednesday,Lunch,681,Stormy,25,No,Yes,No,668,570,98,84
2024-11-04,Monday,Lunch,842,Sunny,38,Yes,Yes,No,806,753,53,18
2024-06-07,Friday,Lunch,363,Sunny,40,No,No,No,315,314,1,1
2024-05-14,Tuesday,Dinner,998,Cloudy,26,No,Yes,No,1001,941,60,43
2024-12-01,Sunday,Breakfast,983,Stormy,23,No,Yes,Yes,1011,948,63,29
2024-12-06,Friday,Lunch,221,Cloudy,32,Yes,No,No,172,76,96,14
2024-02-16,Friday,Breakfast,591,Cloudy,27,No,No,No,631,599,32,22
2024-10-14,Monday,Lunch,710,Stormy,26,No,No,No,713,666,47,3
2024-08-04,Sunday,Breakfast,765,Sunny,32,Yes,Yes,Yes,725,699,26,5
2024-05-14,Tuesday,Lunch,702,Cloudy,32,Yes,Yes,No,752,738,14,14
2024-10-23,Wednesday,Lunch,891,Sunny,32,No,Yes,No,854,815,39,36
2024-09-08,Sunday,Lunch,581,Cloudy,25,Yes,Yes,Yes,618,604,14,7
2024-12-22,Sunday,Lunch,785,Rainy,25,Yes,Yes,Yes,772,711,61,61
2024-11-04,Monday,Dinner,675,Sunny,32,Yes,No,No,639,549,90,73
2024-10-22,Tuesday,Breakfast,677,Stormy,22,No,Yes,No,724,629,95,31
2024-04-14,Sunday,Dinner,322,Cloudy,28,Yes,Yes,Yes,316,315,1,0
2024-02-05,Monday,Dinner,664,Stormy,25,No,Yes,No,698,678,20,15
2024-11-02,Saturday,Lunch,349,Rainy,28,Yes,Yes,Yes,316,282,34,33
2024-09-07,Saturday,Breakfast,453,Rainy,26,No,Yes,Yes,479,445,34,25
2024-11-28,Thursday,Lunch,932,Cloudy,31,Yes,No,No,945,900,45,40
2024-02-21,Wednesday,Dinner,241,Sunny,31,No,No,No,195,142,53,0
2024-12-07,Saturday,Breakfast,671,Cloudy,27,No,No,Yes,710,673,37,25
2024-09-30,Monday,Breakfast,594,Rainy,22,Yes,Yes,No,577,506,71,18
2024-07-15,Monday,Lunch,668,Cloudy,33,Yes,No,No,643,567,76,19
2024-10-04,Friday,Lunch,214,Rainy,24,Yes,Yes,No,237,235,2,2
2024-05-08,Wednesday,Lunch,612,Cloudy,25,No,Yes,No,626,527,99,26
2024-04-09,Tuesday,Lunch,212,Rainy,28,No,No,No,244,244,0,0
2024-03-23,Saturday,Dinner,706,Stormy,21,No,Yes,Yes,738,693,45,12
2024-06-18,Tuesday,Breakfast,552,Stormy,21,No,Yes,No,529,498,31,0
2024-11-04,Monday,Lunch,825,Rainy,27,No,No,No,815,800,15,11
2024-07-16,Tuesday,Dinner,900,Cloudy,29,No,Yes,No,922,880,42,4
2024-08-06,Tuesday,Lunch,230,Sunny,36,Yes,Yes,No,232,187,45,37
2024-05-30,Thursday,Dinner,734,Sunny,35,Yes,No,No,769,752,17,2
2024-08-28,Wednesday,Dinner,206,Rainy,29,No,No,No,207,138,69,19
2024-01-29,Monday,Dinner,329,Stormy,20,No,Yes,No,339,317,22,13
2024-08-03,Saturday,Dinner,871,Cloudy,27,Yes,Yes,Yes,860,788,72,28
2024-06-08,Saturday,Breakfast,746,Cloudy,25,Yes,No,Yes,731,652,79,17
2024-08-19,Monday,Dinner,766,Rainy,26,Yes,Yes,No,771,685,86,86
2024-05-10,Friday,Dinner,262,Stormy,28,No,Yes,No,239,193,46,17
2024-03-11,Monday,Lunch,247,Cloudy,29,Yes,No,No,249,205,44,44
2024-06-24,Monday,Breakfast,801,Rainy,28,No,No,No,801,780,21,1
2024-08-31,Saturday,Dinner,552,Stormy,28,Yes,No,Yes,549,493,56,18
2024-03-01,Friday,Dinner,612,Cloudy,29,No,Yes,No,578,516,62,11
2024-08-30,Friday,Breakfast,555,Stormy,23,No,No,No,549,535,14,1
2024-08-15,Thursday,Lunch,668,Sunny,36,No,No,No,649,627,22,21
2024-02-20,Tuesday,Lunch,329,Stormy,21,No,No,No,324,229,95,51
2024-12-17,Tuesday,Breakfast,225,Stormy,27,No,Yes,No,181,87,94,40
2024-01-06,Saturday,Breakfast,734,Sunny,30,Yes,No,Yes,775,766,9,9
2024-08-21,Wednesday,Lunch,577,Cloudy,31,No,Yes,No,565,526,39,11
2024-03-10,Sunday,Dinner,898,Cloudy,28,No,Yes,Yes,941,923,18,7
2024-07-23,Tuesday,Dinner,499,Stormy,23,Yes,No,No,515,432,83,51
2024-09-20,Friday,Dinner,478,Stormy,23,Yes,No,No,520,520,0,0
2024-07-11,Thursday,Breakfast,870,Cloudy,25,No,No,No,864,855,9,9
2024-10-23,Wednesday,Breakfast,495,Sunny,30,Yes,Yes,No,541,489,52,22
2024-10-04,Friday,Breakfast,932,Cloudy,28,No,Yes,No,964,902,62,10
2024-03-02,Saturday,Dinner,612,Cloudy,25,No,No,Yes,574,515,59,9
2024-04-26,Friday,Lunch,293,Sunny,33,No,Yes,No,285,260,25,24
2024-07-28,Sunday,Dinner,434,Rainy,27,Yes,Yes,Yes,484,480,4,1
2024-12-26,Thursday,Lunch,306,Cloudy,28,Yes,Yes,No,257,197,60,40
2024-02-18,Sunday,Lunch,457,Stormy,26,No,No,Yes,469,449,20,1
2024-07-04,Thursday,Lunch,932,Sunny,39,Yes,No,No,904,824,80,3
2024-03-15,Friday,Lunch,730,Cloudy,27,Yes,Yes,No,694,613,81,58
2024-02-20,Tuesday,Dinner,875,Cloudy,27,Yes,No,No,883,857,26,26
2024-02-10,Saturday,Dinner,602,Cloudy,29,No,Yes,Yes,613,579,34,26
2024-09-29,Sunday,Lunch,893,Sunny,35,Yes,No,Yes,929,880,49,28
2024-10-29,Tuesday,Dinner,686,Rainy,27,No,No,No,648,568,80,20
2024-12-23,Monday,Dinner,416,Sunny,34,No,No,No,456,432,24,7
2024-02-15,Thursday,Breakfast,708,Sunny,33,No,Yes,No,715,655,60,56
2024-09-23,Monday,Lunch,930,Stormy,25,Yes,Yes,No,949,943,6,1
2024-03-29,Friday,Lunch,545,Cloudy,30,No,No,No,546,531,15,8
2024-10-24,Thursday,Dinner,916,Rainy,26,Yes,No,No,961,961,0,0
2024-02-19,Monday,Dinner,459,Sunny,36,No,Yes,No,483,428,55,53
2024-08-12,Monday,Breakfast,500,Cloudy,32,Yes,Yes,No,516,471,45,29
2024-05-20,Monday,Breakfast,928,Rainy,27,No,No,No,959,936,23,17
2024-07-28,Sunday,Lunch,663,Rainy,26,No,Yes,Yes,634,616,18,12
2024-08-16,Friday,Lunch,415,Cloudy,31,Yes,No,No,397,310,87,3
2024-08-12,Monday,Dinner,512,Sunny,38,Yes,Yes,No,510,474,36,26
2024-05-10,Friday,Lunch,519,Sunny,39,Yes,No,No,519,455,64,32
2024-02-17,Saturday,Breakfast,710,Cloudy,29,Yes,No,Yes,758,728,30,28
2024-07-01,Monday,Dinner,693,Cloudy,27,Yes,No,No,657,615,42,14
2024-06-21,Friday,Dinner,868,Rainy,25,Yes,Yes,No,870,862,8,7
2024-11-28,Thursday,Lunch,956,Cloudy,30,Yes,No,No,975,917,58,20
2024-10-25,Friday,Dinner,234,Sunny,30,No,Yes,No,216,150,66,36
2024-08-29,Thursday,Lunch,706,Rainy,24,Yes,No,No,732,633,99,72
2024-07-27,Saturday,Breakfast,617,Rainy,22,No,Yes,Yes,626,581,45,25
2024-09-24,Tuesday,Breakfast,255,Rainy,22,No,Yes,No,271,203,68,37
2024-10-11,Friday,Dinner,443,Rainy,30,No,No,No,456,376,80,79
2024-10-14,Monday,Dinner,786,Cloudy,32,No,No,No,765,703,62,46
2024-01-25,Thursday,Breakfast,285,Rainy,23,No,No,No,248,170,78,12
2024-02-27,Tuesday,Breakfast,216,Cloudy,32,Yes,Yes,No,251,186,65,35
2024-08-20,Tuesday,Dinner,744,Sunny,36,No,Yes,No,760,685,75,48
2024-05-10,Friday,Lunch,411,Stormy,27,No,Yes,No,370,341,29,8
2024-08-30,Friday,Lunch,296,Stormy,28,Yes,Yes,No,344,321,23,17
2024-05-21,Tuesday,Lunch,945,Rainy,26,No,No,No,967,961,6,5
2024-11-15,Friday,Lunch,370,Stormy,28,Yes,Yes,No,404,330,74,17
2024-12-04,Wednesday,Breakfast,886,Rainy,28,Yes,No,No,893,843,50,36
2024-08-23,Friday,Dinner,702,Sunny,38,Yes,Yes,No,712,696,16,2
2024-12-05,Thursday,Breakfast,463,Cloudy,28,Yes,No,No,449,391,58,14
2024-12-31,Tuesday,Lunch,314,Stormy,24,No,No,No,340,281,59,37
2024-07-28,Sunday,Lunch,288,Stormy,27,Yes,No,Yes,332,255,77,39
2024-10-06,Sunday,Breakfast,913,Cloudy,30,No,Yes,Yes,869,856,13,13
2024-01-15,Monday,Breakfast,301,Rainy,22,No,No,No,281,222,59,39
2024-12-02,Monday,Dinner,224,Cloudy,30,Yes,Yes,No,199,189,10,10
2024-03-12,Tuesday,Dinner,718,Sunny,33,Yes,No,No,698,688,10,0
2024-12-14,Saturday,Lunch,413,Rainy,22,Yes,No,Yes,448,368,80,52
2024-03-01,Friday,Lunch,268,Rainy,27,No,Yes,No,306,303,3,3
2024-04-08,Monday,Dinner,417,Sunny,32,No,No,No,427,334,93,23
2024-02-21,Wednesday,Breakfast,308,Stormy,25,Yes,No,No,288,247,41,41
2024-06-05,Wednesday,Lunch,721,Cloudy,27,Yes,Yes,No,710,621,89,6
2024-05-23,Thursday,Lunch,307,Rainy,30,No,No,No,302,274,28,0
2024-08-20,Tuesday,Dinner,622,Rainy,26,Yes,No,No,655,609,46,8
2024-07-24,Wednesday,Dinner,580,Cloudy,33,No,Yes,No,596,547,49,32
2024-07-17,Wednesday,Breakfast,435,Rainy,24,Yes,Yes,No,477,413,64,11
2024-09-16,Monday,Lunch,939,Rainy,25,Yes,No,No,913,841,72,15
2024-03-20,Wednesday,Dinner,503,Sunny,40,Yes,No,No,532,509,23,8
2024-04-08,Monday,Breakfast,755,Rainy,30,No,Yes,No,749,666,83,79
2024-11-01,Friday,Lunch,724,Sunny,32,Yes,Yes,No,708,674,34,15
2024-08-01,Thursday,Dinner,666,Cloudy,29,Yes,No,No,653,555,98,65
2024-12-06,Friday,Breakfast,754,Sunny,31,No,No,No,753,667,86,66
2024-07-10,Wednesday,Breakfast,365,Rainy,29,No,Yes,No,351,280,71,61
2024-10-09,Wednesday,Dinner,523,Rainy,23,No,Yes,No,514,434,80,6
2024-02-19,Monday,Dinner,673,Rainy,29,Yes,No,No,658,601,57,15
2024-05-11,Saturday,Dinner,572,Cloudy,33,Yes,No,Yes,587,555,32,23
2024-01-07,Sunday,Dinner,837,Rainy,27,Yes,No,Yes,806,795,11,6
2024-03-25,Monday,Dinner,203,Sunny,32,Yes,Yes,No,194,176,18,3
2024-07-12,Friday,Lunch,326,Cloudy,32,No,Yes,No,359,278,81,69
2024-04-10,Wednesday,Lunch,555,Cloudy,29,Yes,No,No,562,462,100,32
2024-11-30,Saturday,Dinner,809,Cloudy,30,Yes,Yes,Yes,780,775,5,2
2024-06-05,Wednesday,Lunch,571,Sunny,35,No,Yes,No,525,428,97,12
2024-12-16,Monday,Dinner,477,Sunny,31,No,Yes,No,467,440,27,19
2024-08-23,Friday,Breakfast,892,Stormy,26,Yes,No,No,890,828,62,55
2024-07-10,Wednesday,Lunch,480,Rainy,22,No,No,No,490,390,100,2
2024-02-08,Thursday,Lunch,865,Rainy,22,No,No,No,846,832,14,13
2024-08-02,Friday,Lunch,316,Stormy,24,Yes,No,No,359,269,90,52
2024-11-07,Thursday,Breakfast,839,Stormy,25,No,Yes,No,857,762,95,5
2024-01-10,Wednesday,Breakfast,854,Sunny,37,Yes,No,No,883,834,49,34
2024-10-05,Saturday,Dinner,755,Cloudy,31,No,No,Yes,775,759,16,4
2024-02-02,Friday,Dinner,749,Cloudy,26,Yes,Yes,No,763,727,36,3
2024-12-22,Sunday,Lunch,741,Stormy,27,Yes,No,Yes,738,690,48,34
2024-01-31,Wednesday,Breakfast,639,Sunny,33,Yes,Yes,No,662,596,66,55
2024-08-06,Tuesday,Lunch,454,Rainy,26,Yes,No,No,442,407,35,24
2024-04-02,Tuesday,Breakfast,649,Rainy,23,Yes,Yes,No,632,617,15,13
2024-04-12,Friday,Lunch,852,Cloudy,31,Yes,No,No,847,785,62,25
2024-03-16,Saturday,Breakfast,502,Cloudy,30,No,No,Yes,521,486,35,20
2024-04-04,Thursday,Lunch,882,Rainy,27,Yes,Yes,No,880,849,31,5
2024-07-04,Thursday,Lunch,380,Stormy,26,Yes,No,No,355,300,55,50
2024-05-04,Saturday,Breakfast,765,Stormy,27,No,Yes,Yes,740,661,79,18
2024-08-15,Thursday,Breakfast,923,Stormy,22,No,Yes,No,931,863,68,7
2024-06-09,Sunday,Dinner,385,Cloudy,30,Yes,No,Yes,405,352,53,4
2024-09-02,Monday,Breakfast,689,Stormy,27,No,Yes,No,670,587,83,52
2024-04-26,Friday,Dinner,792,Rainy,24,No,Yes,No,745,721,24,4
2024-02-12,Monday,Lunch,298,Cloudy,26,No,No,No,253,200,53,48
2024-05-31,Friday,Dinner,741,Sunny,31,No,No,No,709,685,24,4
2024-05-13,Monday,Breakfast,383,Rainy,27,Yes,No,No,334,242,92,23
2024-05-28,Tuesday,Lunch,253,Rainy,24,Yes,No,No,292,237,55,44
2024-08-13,Tuesday,Lunch,314,Rainy,28,No,Yes,No,320,242,78,51
2024-05-24,Friday,Dinner,205,Stormy,22,Yes,Yes,No,214,159,55,4
2024-01-10,Wednesday,Lunch,220,Rainy,22,Yes,Yes,No,249,179,70,10
2024-10-11,Friday,Breakfast,904,Cloudy,26,Yes,No,No,854,830,24,12
2024-12-18,Wednesday,Dinner,929,Stormy,26,Yes,Yes,No,976,910,66,52
2024-08-10,Saturday,Lunch,645,Stormy,27,Yes,No,Yes,642,551,91,79
2024-01-29,Monday,Dinner,814,Cloudy,31,No,No,No,856,775,81,33
2024-09-03,Tuesday,Lunch,592,Rainy,27,Yes,Yes,No,607,535,72,48
2024-06-10,Monday,Lunch,319,Sunny,39,No,No,No,293,246,47,4
2024-05-24,Friday,Dinner,272,Sunny,33,No,No,No,317,279,38,10
2024-01-19,Friday,Dinner,818,Rainy,22,Yes,No,No,828,813,15,13
2024-11-23,Saturday,Dinner,908,Sunny,34,Yes,No,Yes,885,871,14,6
2024-12-13,Friday,Dinner,432,Stormy,23,No,Yes,No,431,381,50,24
2024-02-23,Friday,Dinner,872,Stormy,27,No,No,No,858,825,33,20
2024-05-24,Friday,Lunch,494,Rainy,24,Yes,No,No,484,409,75,27
2024-04-19,Friday,Breakfast,553,Stormy,22,No,No,No,548,469,79,63
2024-03-15,Friday,Breakfast,731,Stormy,28,Yes,Yes,No,683,591,92,38
2024-07-16,Tuesday,Dinner,819,Sunny,33,No,No,No,773,766,7,5
2024-11-15,Friday,Dinner,242,Cloudy,28,No,No,No,215,116,99,37
2024-04-20,Saturday,Breakfast,953,Cloudy,26,Yes,No,Yes,981,947,34,25
2024-06-20,Thursday,Dinner,203,Stormy,22,Yes,Yes,No,195,138,57,54
2024-05-05,Sunday,Lunch,419,Rainy,24,No,No,Yes,380,367,13,2
2024-12-06,Friday,Lunch,828,Stormy,27,No,No,No,824,801,23,6
2024-12-03,Tuesday,Dinner,503,Stormy,27,Yes,Yes,No,520,474,46,46
2024-10-15,Tuesday,Dinner,384,Rainy,24,Yes,No,No,407,352,55,8
2024-11-02,Saturday,Dinner,438,Sunny,36,Yes,No,Yes,410,405,5,3
2024-06-19,Wednesday,Dinner,857,Rainy,24,No,No,No,879,865,14,3
2024-12-31,Tuesday,Dinner,298,Cloudy,31,No,Yes,No,289,208,81,81
2024-01-07,Sunday,Dinner,647,Rainy,27,No,No,Yes,664,662,2,0
2024-05-26,Sunday,Dinner,822,Cloudy,32,Yes,No,Yes,860,817,43,36
2024-01-29,Monday,Lunch,838,Rainy,30,No,Yes,No,814,732,82,32
2024-06-03,Monday,Breakfast,432,Sunny,40,Yes,No,No,391,299,92,82
2024-09-23,Monday,Breakfast,398,Rainy,23,No,No,No,392,334,58,34
2024-02-29,Thursday,Lunch,458,Sunny,37,Yes,No,No,415,386,29,4
2024-09-05,Thursday,Lunch,919,Sunny,37,No,Yes,No,891,884,7,1
2024-10-20,Sunday,Breakfast,695,Stormy,24,No,Yes,Yes,656,650,6,0
2024-06-22,Saturday,Lunch,610,Stormy,24,No,Yes,Yes,603,512,91,3
2024-08-27,Tuesday,Dinner,395,Stormy,28,No,No,No,408,378,30,30
2024-10-27,Sunday,Breakfast,458,Cloudy,26,No,No,Yes,508,494,14,9
2024-05-04,Saturday,Dinner,885,Sunny,30,No,Yes,Yes,850,770,80,60
2024-09-04,Wednesday,Dinner,726,Cloudy,27,No,No,No,682,656,26,9
2024-10-17,Thursday,Dinner,832,Sunny,39,No,Yes,No,837,790,47,21
2024-06-14,Friday,Lunch,918,Rainy,23,No,Yes,No,953,897,56,44
2024-05-01,Wednesday,Dinner,712,Stormy,24,No,Yes,No,712,658,54,29
2024-09-09,Monday,Lunch,478,Cloudy,27,Yes,No,No,497,459,38,1
2024-04-22,Monday,Breakfast,908,Cloudy,26,No,No,No,910,853,57,39
2024-06-01,Saturday,Breakfast,644,Cloudy,26,No,Yes,Yes,679,620,59,56
2024-08-02,Friday,Dinner,451,Stormy,22,Yes,Yes,No,470,392,78,55
2024-12-11,Wednesday,Lunch,730,Rainy,26,No,Yes,No,738,706,32,27
2024-12-10,Tuesday,Dinner,440,Cloudy,29,Yes,No,No,454,430,24,9
2024-10-28,Monday,Breakfast,525,Rainy,27,No,Yes,No,554,554,0,0
2024-02-29,Thursday,Dinner,521,Stormy,28,No,No,No,482,391,91,91
2024-05-14,Tuesday,Dinner,747,Rainy,28,Yes,Yes,No,712,684,28,17
2024-04-26,Friday,Breakfast,479,Rainy,23,Yes,Yes,No,453,406,47,33
2024-05-22,Wednesday,Dinner,362,Sunny,33,Yes,Yes,No,377,330,47,45
2024-09-10,Tuesday,Breakfast,877,Sunny,38,No,Yes,No,858,847,11,6
2024-02-26,Monday,Dinner,418,Rainy,30,Yes,No,No,376,309,67,33
2024-09-22,Sunday,Lunch,726,Cloudy,25,Yes,Yes,Yes,720,624,96,0
2024-07-22,Monday,Lunch,517,Rainy,23,No,No,No,523,474,49,33
2024-07-13,Saturday,Breakfast,480,Stormy,24,Yes,Yes,Yes,473,384,89,64
2024-06-12,Wednesday,Breakfast,607,Rainy,25,No,Yes,No,574,531,43,22
2024-01-07,Sunday,Dinner,607,Stormy,20,No,Yes,Yes,600,586,14,7
2024-02-20,Tuesday,Dinner,442,Stormy,26,Yes,Yes,No,408,339,69,44
2024-11-04,Monday,Breakfast,200,Stormy,24,No,No,No,206,153,53,53
2024-01-27,Saturday,Breakfast,819,Stormy,26,No,Yes,Yes,847,838,9,1
2024-01-22,Monday,Lunch,242,Cloudy,31,No,No,No,242,207,35,16
2024-05-11,Saturday,Lunch,700,Cloudy,31,Yes,No,Yes,700,662,38,27
2024-02-19,Monday,Dinner,910,Rainy,22,Yes,No,No,954,940,14,4
2024-10-23,Wednesday,Dinner,544,Sunny,31,No,Yes,No,584,536,48,29
2024-07-23,Tuesday,Lunch,916,Sunny,33,Yes,Yes,No,872,830,42,38
2024-06-25,Tuesday,Dinner,557,Stormy,23,Yes,No,No,562,523,39,15
2024-04-22,Monday,Lunch,785,Cloudy,32,Yes,No,No,817,753,64,38
2024-12-15,Sunday,Breakfast,361,Stormy,20,Yes,Yes,Yes,410,331,79,64
2024-07-11,Thursday,Dinner,261,Rainy,29,No,Yes,No,275,184,91,56
2024-04-27,Saturday,Lunch,480,Stormy,21,Yes,Yes,Yes,440,429,11,3
2024-08-06,Tuesday,Breakfast,579,Stormy,22,No,Yes,No,583,509,74,62
2024-06-04,Tuesday,Breakfast,850,Rainy,28,No,No,No,846,786,60,50
2024-06-20,Thursday,Breakfast,931,Sunny,34,Yes,Yes,No,905,903,2,0
2024-12-23,Monday,Lunch,958,Stormy,28,No,Yes,No,930,883,47,13
2024-08-22,Thursday,Lunch,306,Sunny,37,Yes,No,No,346,253,93,91
2024-10-06,Sunday,Lunch,998,Rainy,23,Yes,No,Yes,973,877,96,37
2024-11-03,Sunday,Breakfast,349,Rainy,30,Yes,No,Yes,319,255,64,28
2024-07-15,Monday,Breakfast,396,Stormy,25,No,Yes,No,369,365,4,2
2024-09-03,Tuesday,Lunch,290,Rainy,28,No,Yes,No,328,279,49,37
2024-01-20,Saturday,Breakfast,537,Cloudy,32,Yes,Yes,Yes,528,463,65,6
2024-10-05,Saturday,Lunch,291,Cloudy,28,No,No,Yes,278,221,57,19
2024-12-29,Sunday,Dinner,441,Sunny,33,No,No,Yes,422,376,46,10
2024-09-09,Monday,Dinner,426,Rainy,22,No,Yes,No,382,341,41,23
2024-07-31,Wednesday,Breakfast,389,Rainy,30,No,Yes,No,416,326,90,62
2024-10-18,Friday,Dinner,643,Sunny,38,No,No,No,641,544,97,66
2024-09-27,Friday,Breakfast,829,Stormy,25,No,Yes,No,879,785,94,92
2024-08-12,Monday,Dinner,300,Rainy,25,Yes,No,No,251,211,40,20
2024-05-04,Saturday,Lunch,282,Stormy,23,Yes,No,Yes,290,268,22,0
2024-11-06,Wednesday,Lunch,458,Sunny,30,No,Yes,No,508,415,93,70
2024-07-30,Tuesday,Breakfast,892,Stormy,23,No,Yes,No,873,859,14,5
2024-07-03,Wednesday,Breakfast,299,Sunny,37,Yes,Yes,No,305,237,68,6
2024-01-05,Friday,Lunch,724,Stormy,27,No,No,No,706,688,18,15
2024-03-12,Tuesday,Breakfast,297,Stormy,26,No,No,No,325,296,29,2
2024-01-26,Friday,Breakfast,361,Cloudy,29,Yes,No,No,352,328,24,5
2024-01-25,Thursday,Dinner,377,Cloudy,26,Yes,No,No,426,426,0,0
2024-09-05,Thursday,Lunch,752,Cloudy,31,Yes,No,No,727,669,58,1
2024-11-10,Sunday,Dinner,856,Rainy,29,No,Yes,Yes,814,746,68,26
2024-04-22,Monday,Breakfast,854,Sunny,30,Yes,Yes,No,837,817,20,2
2024-12-20,Friday,Breakfast,829,Rainy,23,Yes,No,No,872,863,9,5
2024-01-03,Wednesday,Breakfast,727,Stormy,22,No,Yes,No,775,756,19,15
2024-11-08,Friday,Dinner,641,Cloudy,29,Yes,No,No,601,584,17,0
2024-01-07,Sunday,Dinner,568,Cloudy,27,Yes,No,Yes,606,603,3,0
2024-02-12,Monday,Lunch,251,Rainy,27,Yes,Yes,No,230,131,99,56
2024-01-28,Sunday,Breakfast,438,Stormy,26,No,Yes,Yes,472,463,9,3
2024-07-19,Friday,Lunch,957,Cloudy,33,Yes,No,No,990,919,71,39
2024-04-30,Tuesday,Lunch,982,Stormy,27,No,Yes,No,1022,939,83,14
2024-07-12,Friday,Breakfast,788,Stormy,27,No,Yes,No,815,744,71,55
2024-04-21,Sunday,Breakfast,395,Cloudy,32,Yes,Yes,Yes,397,355,42,18
2024-02-23,Friday,Dinner,200,Sunny,30,No,Yes,No,242,227,15,1
2024-04-04,Thursday,Lunch,201,Cloudy,29,Yes,No,No,187,179,8,8
2024-07-14,Sunday,Breakfast,386,Sunny,37,No,No,Yes,381,355,26,17
2024-11-15,Friday,Lunch,829,Cloudy,25,Yes,No,No,847,832,15,5
2024-06-22,Saturday,Dinner,914,Stormy,22,Yes,No,Yes,871,793,78,17
2024-09-27,Friday,Dinner,435,Stormy,20,No,No,No,462,413,49,12
2024-01-29,Monday,Lunch,474,Stormy,22,No,No,No,490,430,60,47
2024-07-09,Tuesday,Lunch,466,Cloudy,25,No,No,No,453,358,95,38
2024-08-20,Tuesday,Lunch,880,Rainy,26,No,No,No,837,757,80,16
2024-03-05,Tuesday,Breakfast,611,Cloudy,32,No,No,No,587,554,33,23
2024-03-07,Thursday,Dinner,320,Rainy,26,Yes,Yes,No,277,203,74,39
2024-11-08,Friday,Lunch,798,Rainy,25,Yes,Yes,No,770,696,74,26
2024-02-14,Wednesday,Lunch,644,Cloudy,26,Yes,Yes,No,596,586,10,7
2024-05-31,Friday,Breakfast,889,Sunny,32,Yes,Yes,No,858,825,33,9
2024-10-12,Saturday,Lunch,726,Sunny,32,Yes,No,Yes,688,669,19,8
2024-03-04,Monday,Breakfast,585,Stormy,26,No,Yes,No,546,491,55,15
2024-06-03,Monday,Dinner,721,Sunny,30,Yes,Yes,No,767,671,96,82
2024-08-04,Sunday,Lunch,871,Cloudy,32,Yes,Yes,Yes,862,807,55,9
2024-02-03,Saturday,Breakfast,748,Stormy,24,No,Yes,Yes,748,700,48,46
2024-12-24,Tuesday,Dinner,837,Rainy,23,Yes,No,No,871,796,75,70
2024-06-08,Saturday,Dinner,390,Rainy,30,Yes,Yes,Yes,424,356,68,13
2024-01-18,Thursday,Lunch,725,Rainy,23,No,Yes,No,771,712,59,23
2024-07-16,Tuesday,Lunch,300,Stormy,24,Yes,Yes,No,267,247,20,18
2024-05-14,Tuesday,Dinner,419,Cloudy,32,No,No,No,376,338,38,4
2024-05-07,Tuesday,Breakfast,258,Cloudy,31,No,Yes,No,284,241,43,36
2024-06-10,Monday,Lunch,895,Sunny,31,No,Yes,No,928,919,9,8
2024-03-13,Wednesday,Lunch,620,Sunny,32,Yes,Yes,No,600,588,12,3
2024-12-02,Monday,Lunch,972,Rainy,22,No,Yes,No,990,966,24,12
2024-02-22,Thursday,Dinner,421,Rainy,27,Yes,Yes,No,460,368,92,84
2024-05-06,Monday,Dinner,672,Rainy,23,No,Yes,No,666,602,64,10
2024-11-20,Wednesday,Breakfast,348,Sunny,33,No,Yes,No,341,247,94,78
2024-04-28,Sunday,Dinner,443,Rainy,22,No,No,Yes,427,379,48,18
2024-06-08,Saturday,Breakfast,687,Rainy,26,Yes,Yes,Yes,640,594,46,6
2024-05-01,Wednesday,Lunch,394,Sunny,34,No,Yes,No,400,398,2,1
2024-11-09,Saturday,Breakfast,282,Rainy,27,Yes,Yes,Yes,239,235,4,0
2024-05-13,Monday,Lunch,959,Stormy,24,Yes,No,No,954,861,93,88
2024-07-12,Friday,Dinner,571,Stormy,20,Yes,Yes,No,522,484,38,3
2024-02-14,Wednesday,Lunch,651,Stormy,21,No,Yes,No,618,614,4,0
2024-02-26,Monday,Breakfast,840,Rainy,30,Yes,Yes,No,821,821,0,0
2024-06-03,Monday,Breakfast,459,Sunny,32,No,Yes,No,440,386,54,50
2024-08-12,Monday,Dinner,923,Stormy,22,Yes,No,No,933,918,15,6
2024-01-09,Tuesday,Breakfast,556,Sunny,36,Yes,No,No,580,502,78,6
2024-09-16,Monday,Lunch,726,Rainy,27,No,Yes,No,741,654,87,0
2024-11-06,Wednesday,Dinner,814,Cloudy,27,No,No,No,860,846,14,10
2024-08-11,Sunday,Dinner,701,Sunny,35,Yes,Yes,Yes,749,691,58,53
2024-11-23,Saturday,Lunch,374,Sunny,39,No,Yes,Yes,345,261,84,46
2024-01-29,Monday,Dinner,582,Stormy,26,Yes,No,No,609,599,10,3
2024-06-10,Monday,Lunch,234,Stormy,26,Yes,No,No,251,160,91,4
2024-03-04,Monday,Dinner,643,Rainy,27,No,Yes,No,646,595,51,33
2024-12-13,Friday,Breakfast,993,Stormy,21,Yes,Yes,No,994,985,9,1
2024-12-25,Wednesday,Lunch,709,Rainy,26,Yes,No,No,711,613,98,75
2024-12-18,Wednesday,Breakfast,472,Rainy,22,Yes,No,No,440,394,46,26
2024-10-23,Wednesday,Breakfast,696,Sunny,35,Yes,No,No,688,617,71,40
2024-02-24,Saturday,Dinner,216,Cloudy,31,No,Yes,Yes,237,211,26,26
2024-10-30,Wednesday,Lunch,546,Cloudy,28,No,No,No,543,528,15,1
2024-10-23,Wednesday,Lunch,658,Cloudy,29,No,Yes,No,680,637,43,28
2024-06-18,Tuesday,Lunch,959,Sunny,40,No,Yes,No,944,910,34,27
2024-09-27,Friday,Lunch,278,Stormy,21,No,Yes,No,261,241,20,5
2024-06-16,Sunday,Breakfast,735,Stormy,26,No,No,Yes,703,683,20,1
2024-04-23,Tuesday,Dinner,377,Stormy,21,No,Yes,No,398,334,64,9
2024-07-24,Wednesday,Dinner,402,Stormy,28,Yes,Yes,No,427,359,68,7
2024-10-10,Thursday,Dinner,578,Rainy,28,Yes,Yes,No,624,535,89,17
2024-05-01,Wednesday,Dinner,955,Sunny,33,No,No,No,966,960,6,2
2024-03-15,Friday,Lunch,762,Stormy,20,Yes,No,No,785,720,65,17
2024-03-03,Sunday,Dinner,457,Sunny,35,No,No,Yes,487,470,17,17
2024-03-19,Tuesday,Dinner,674,Rainy,27,No,Yes,No,674,619,55,15
2024-04-13,Saturday,Lunch,230,Cloudy,28,Yes,Yes,Yes,185,96,89,47
2024-04-28,Sunday,Dinner,482,Rainy,23,Yes,Yes,Yes,472,425,47,26
2024-09-09,Monday,Dinner,562,Cloudy,30,Yes,No,No,588,549,39,37
2024-06-23,Sunday,Lunch,775,Stormy,21,No,Yes,Yes,769,760,9,7
2024-07-15,Monday,Dinner,824,Cloudy,28,No,No,No,841,768,73,44
2024-02-22,Thursday,Dinner,625,Cloudy,26,Yes,No,No,610,516,94,9
2024-07-18,Thursday,Dinner,677,Stormy,25,Yes,Yes,No,699,640,59,9
2024-01-04,Thursday,Dinner,981,Rainy,22,No,No,No,950,907,43,43
2024-10-02,Wednesday,Breakfast,307,Cloudy,26,Yes,No,No,322,320,2,0
2024-06-23,Sunday,Dinner,758,Stormy,22,Yes,Yes,Yes,785,726,59,10
2024-10-26,Saturday,Breakfast,456,Sunny,31,Yes,No,Yes,429,343,86,85
2024-05-18,Saturday,Breakfast,714,Stormy,20,No,No,Yes,745,684,61,16
2024-08-24,Saturday,Breakfast,215,Sunny,32,No,No,Yes,248,221,27,3
2024-05-04,Saturday,Breakfast,748,Cloudy,26,Yes,Yes,Yes,767,700,67,64
2024-07-05,Friday,Breakfast,708,Stormy,28,Yes,Yes,No,746,729,17,0
2024-11-27,Wednesday,Dinner,806,Stormy,26,No,No,No,771,716,55,4
2024-05-27,Monday,Dinner,542,Rainy,23,Yes,No,No,543,493,50,36
2024-10-07,Monday,Breakfast,341,Cloudy,26,Yes,Yes,No,339,306,33,18
2024-08-28,Wednesday,Lunch,431,Sunny,38,Yes,Yes,No,427,427,0,0
2024-12-01,Sunday,Breakfast,440,Stormy,27,Yes,Yes,Yes,482,400,82,41
2024-02-24,Saturday,Breakfast,861,Stormy,26,Yes,No,Yes,826,809,17,11
2024-11-11,Monday,Breakfast,888,Rainy,24,Yes,Yes,No,931,845,86,76
2024-09-27,Friday,Lunch,789,Cloudy,31,Yes,Yes,No,819,733,86,54
2024-01-20,Saturday,Breakfast,368,Cloudy,32,No,Yes,Yes,376,344,32,2
2024-05-04,Saturday,Lunch,292,Rainy,23,No,No,Yes,319,285,34,6
2024-10-17,Thursday,Lunch,754,Cloudy,28,Yes,Yes,No,743,670,73,29
2024-01-12,Friday,Dinner,375,Rainy,29,Yes,Yes,No,345,268,77,11
2024-08-14,Wednesday,Breakfast,889,Rainy,23,No,Yes,No,881,832,49,15
2024-09-05,Thursday,Dinner,409,Rainy,22,Yes,Yes,No,371,359,12,12
2024-09-20,Friday,Dinner,604,Cloudy,26,No,Yes,No,567,473,94,71
2024-05-14,Tuesday,Breakfast,516,Sunny,30,No,Yes,No,502,463,39,8
2024-09-18,Wednesday,Breakfast,752,Sunny,37,Yes,Yes,No,724,675,49,11
2024-08-05,Monday,Dinner,984,Stormy,27,No,Yes,No,1026,971,55,22
2024-11-03,Sunday,Dinner,966,Rainy,27,Yes,No,Yes,953,905,48,5
2024-08-03,Saturday,Lunch,490,Sunny,33,Yes,No,Yes,495,416,79,5
2024-05-29,Wednesday,Lunch,307,Cloudy,26,Yes,No,No,267,191,76,11
2024-03-27,Wednesday,Lunch,828,Stormy,20,No,Yes,No,794,714,80,29
2024-12-04,Wednesday,Dinner,466,Rainy,28,Yes,Yes,No,421,323,98,49
2024-09-17,Tuesday,Dinner,935,Cloudy,29,Yes,Yes,No,888,839,49,6
2024-10-01,Tuesday,Breakfast,314,Sunny,30,No,No,No,310,247,63,27
2024-03-08,Friday,Breakfast,917,Cloudy,27,Yes,Yes,No,899,856,43,36
2024-08-01,Thursday,Dinner,281,Stormy,22,Yes,No,No,256,256,0,0
2024-06-11,Tuesday,Lunch,510,Stormy,24,No,Yes,No,473,390,83,57
2024-06-22,Saturday,Breakfast,200,Stormy,27,No,Yes,Yes,161,113,48,9
2024-07-10,Wednesday,Lunch,259,Cloudy,25,Yes,No,No,287,277,10,4
2024-03-27,Wednesday,Lunch,424,Cloudy,30,Yes,Yes,No,461,421,40,35
2024-04-18,Thursday,Lunch,720,Rainy,28,Yes,Yes,No,693,672,21,8
2024-07-17,Wednesday,Lunch,613,Sunny,33,No,Yes,No,602,504,98,23
2024-10-28,Monday,Lunch,399,Rainy,23,No,No,No,383,284,99,54
2024-09-18,Wednesday,Dinner,622,Cloudy,32,No,Yes,No,603,508,95,63
2024-07-08,Monday,Dinner,804,Rainy,29,No,No,No,834,766,68,14
2024-03-31,Sunday,Dinner,589,Stormy,26,Yes,Yes,Yes,614,609,5,5
2024-11-11,Monday,Dinner,202,Stormy,21,Yes,Yes,No,183,83,100,34
2024-03-30,Saturday,Dinner,282,Cloudy,32,Yes,Yes,Yes,329,299,30,7
2024-01-15,Monday,Lunch,593,Stormy,26,No,Yes,No,543,509,34,25
2024-05-26,Sunday,Breakfast,635,Sunny,30,Yes,No,Yes,606,514,92,9
2024-01-15,Monday,Dinner,342,Sunny,36,Yes,Yes,No,326,236,90,53
2024-08-08,Thursday,Dinner,606,Stormy,20,No,Yes,No,640,549,91,80
2024-08-23,Friday,Breakfast,863,Stormy,24,Yes,No,No,899,799,100,43
2024-02-19,Monday,Dinner,524,Stormy,28,Yes,No,No,511,490,21,4
2024-07-01,Monday,Dinner,316,Sunny,38,Yes,Yes,No,308,278,30,30
2024-03-26,Tuesday,Dinner,770,Sunny,39,No,No,No,774,687,87,61
2024-04-23,Tuesday,Lunch,387,Rainy,22,Yes,Yes,No,368,296,72,31
2024-01-22,Monday,Dinner,505,Stormy,28,Yes,No,No,474,395,79,8
2024-07-20,Saturday,Breakfast,879,Cloudy,25,Yes,No,Yes,880,797,83,37
2024-07-21,Sunday,Lunch,231,Cloudy,27,No,Yes,Yes,218,162,56,37
2024-07-25,Thursday,Lunch,389,Sunny,38,No,No,No,435,384,51,31
2024-08-24,Saturday,Lunch,908,Rainy,25,No,No,Yes,945,869,76,53
2024-01-23,Tuesday,Dinner,275,Cloudy,27,No,Yes,No,271,185,86,35
2024-03-04,Monday,Breakfast,537,Rainy,26,Yes,Yes,No,494,475,19,5
2024-08-20,Tuesday,Lunch,617,Cloudy,25,No,Yes,No,661,651,10,7
2024-04-09,Tuesday,Dinner,651,Cloudy,26,No,No,No,695,600,95,56
2024-08-21,Wednesday,Lunch,285,Cloudy,28,No,Yes,No,319,224,95,56
2024-03-25,Monday,Breakfast,243,Stormy,23,Yes,No,No,290,259,31,23
2024-01-06,Saturday,Lunch,898,Sunny,32,No,No,Yes,933,840,93,42
2024-04-02,Tuesday,Breakfast,635,Stormy,22,No,No,No,613,569,44,11
2024-12-01,Sunday,Lunch,798,Cloudy,25,Yes,No,Yes,770,680,90,63
2024-12-02,Monday,Dinner,484,Stormy,25,No,No,No,480,478,2,1
2024-07-25,Thursday,Dinner,352,Cloudy,26,No,No,No,366,284,82,39
2024-05-17,Friday,Dinner,647,Cloudy,28,No,Yes,No,634,577,57,14
2024-07-15,Monday,Breakfast,858,Rainy,28,Yes,No,No,820,727,93,51
2024-01-31,Wednesday,Lunch,641,Cloudy,27,No,No,No,652,554,98,89
2024-05-25,Saturday,Breakfast,686,Rainy,29,No,Yes,Yes,652,569,83,35
2024-07-29,Monday,Lunch,596,Sunny,37,No,No,No,582,529,53,17
2024-02-02,Friday,Breakfast,339,Rainy,28,No,No,No,379,377,2,1
2024-01-07,Sunday,Dinner,361,Stormy,23,No,No,Yes,345,325,20,13
2024-03-04,Monday,Breakfast,951,Sunny,39,Yes,Yes,No,923,844,79,47
2024-01-27,Saturday,Breakfast,643,Stormy,28,No,No,Yes,659,659,0,0
2024-05-30,Thursday,Lunch,992,Stormy,22,Yes,No,No,951,882,69,35
2024-09-28,Saturday,Breakfast,430,Rainy,27,Yes,No,Yes,399,312,87,15
2024-04-30,Tuesday,Lunch,509,Stormy,25,No,No,No,484,433,51,30
2024-02-29,Thursday,Lunch,437,Stormy,24,No,No,No,443,367,76,42
2024-07-19,Friday,Lunch,639,Sunny,31,No,Yes,No,652,609,43,35
2024-04-19,Friday,Breakfast,772,Stormy,21,No,No,No,782,780,2,2
2024-06-17,Monday,Breakfast,881,Sunny,35,Yes,Yes,No,872,870,2,1
2024-05-01,Wednesday,Breakfast,623,Cloudy,25,No,Yes,No,664,605,59,3
2024-04-26,Friday,Dinner,859,Cloudy,26,No,Yes,No,865,803,62,17
2024-03-09,Saturday,Breakfast,910,Rainy,26,No,Yes,Yes,948,930,18,6
2024-11-17,Sunday,Breakfast,300,Cloudy,33,No,No,Yes,251,203,48,36
2024-01-08,Monday,Lunch,663,Cloudy,29,No,No,No,694,683,11,1
2024-12-24,Tuesday,Breakfast,868,Cloudy,32,Yes,No,No,858,820,38,34
2024-11-29,Friday,Dinner,280,Cloudy,31,Yes,No,No,272,187,85,49
2024-07-04,Thursday,Breakfast,570,Stormy,25,No,No,No,580,531,49,30
2024-06-28,Friday,Dinner,688,Stormy,23,No,Yes,No,695,654,41,15
2024-12-09,Monday,Breakfast,270,Cloudy,32,Yes,No,No,309,246,63,31
2024-01-10,Wednesday,Breakfast,306,Cloudy,28,No,Yes,No,295,291,4,3
2024-07-01,Monday,Breakfast,798,Stormy,20,Yes,Yes,No,749,702,47,22
2024-07-14,Sunday,Dinner,931,Cloudy,26,No,Yes,Yes,937,889,48,10
2024-07-06,Saturday,Breakfast,242,Stormy,23,No,Yes,Yes,260,202,58,52
2024-11-11,Monday,Lunch,869,Stormy,23,No,Yes,No,848,837,11,7
2024-12-29,Sunday,Breakfast,965,Sunny,40,No,Yes,Yes,942,909,33,13
2024-10-23,Wednesday,Lunch,613,Cloudy,27,Yes,No,No,625,596,29,17
2024-02-22,Thursday,Lunch,893,Sunny,35,No,Yes,No,868,768,100,18
2024-12-03,Tuesday,Breakfast,251,Sunny,39,No,No,No,236,218,18,8
2024-04-13,Saturday,Dinner,552,Sunny,34,Yes,Yes,Yes,530,434,96,46
2024-06-04,Tuesday,Breakfast,267,Stormy,24,No,No,No,309,271,38,38
2024-02-08,Thursday,Lunch,647,Sunny,40,No,No,No,640,574,66,3
2024-11-25,Monday,Breakfast,201,Cloudy,33,Yes,No,No,194,158,36,36
2024-08-07,Wednesday,Breakfast,217,Stormy,22,Yes,No,No,243,230,13,6
2024-12-22,Sunday,Lunch,589,Sunny,34,No,No,Yes,612,553,59,10
2024-11-22,Friday,Lunch,307,Cloudy,33,Yes,Yes,No,265,195,70,8
2024-02-04,Sunday,Lunch,584,Rainy,28,No,Yes,Yes,576,494,82,76
2024-03-10,Sunday,Lunch,371,Sunny,39,No,No,Yes,345,304,41,0
2024-03-20,Wednesday,Dinner,216,Rainy,30,Yes,Yes,No,179,86,93,72
2024-07-31,Wednesday,Lunch,923,Sunny,33,No,Yes,No,884,878,6,4
2024-08-19,Monday,Breakfast,758,Sunny,35,Yes,No,No,770,730,40,29
2024-12-16,Monday,Breakfast,320,Sunny,37,No,Yes,No,334,306,28,21
2024-01-08,Monday,Breakfast,257,Sunny,35,No,No,No,224,152,72,28
2024-05-05,Sunday,Breakfast,451,Stormy,28,No,No,Yes,499,454,45,4
2024-10-07,Monday,Dinner,316,Stormy,20,Yes,Yes,No,269,214,55,38
2024-07-03,Wednesday,Breakfast,932,Stormy,23,Yes,No,No,897,799,98,24
2024-07-30,Tuesday,Breakfast,798,Rainy,28,No,Yes,No,840,762,78,50
2024-01-06,Saturday,Lunch,524,Rainy,28,Yes,Yes,Yes,523,484,39,15
2024-06-06,Thursday,Lunch,855,Sunny,37,Yes,No,No,811,728,83,37
2024-04-03,Wednesday,Lunch,797,Cloudy,29,No,Yes,No,809,750,59,17
2024-09-28,Saturday,Lunch,431,Stormy,23,No,No,Yes,418,357,61,60
2024-09-24,Tuesday,Dinner,501,Cloudy,27,Yes,Yes,No,479,443,36,18
2024-07-02,Tuesday,Breakfast,363,Sunny,32,Yes,Yes,No,392,368,24,15
2024-12-15,Sunday,Breakfast,220,Sunny,40,Yes,No,Yes,270,198,72,23
2024-07-26,Friday,Lunch,816,Rainy,22,No,Yes,No,785,755,30,27
2024-11-20,Wednesday,Dinner,686,Stormy,22,No,Yes,No,681,606,75,24
2024-04-27,Saturday,Dinner,227,Sunny,30,Yes,No,Yes,234,144,90,4
2024-09-26,Thursday,Breakfast,743,Cloudy,28,No,Yes,No,740,706,34,16
2024-09-18,Wednesday,Lunch,762,Cloudy,31,No,No,No,809,725,84,25
2024-05-16,Thursday,Breakfast,704,Rainy,27,No,Yes,No,709,685,24,1
2024-02-19,Monday,Dinner,689,Rainy,29,No,Yes,No,663,564,99,9
2024-03-16,Saturday,Breakfast,673,Stormy,21,No,Yes,Yes,630,556,74,49
2024-10-19,Saturday,Dinner,685,Sunny,39,No,Yes,Yes,635,621,14,11
2024-08-31,Saturday,Breakfast,929,Stormy,27,Yes,Yes,Yes,922,829,93,77
2024-09-12,Thursday,Lunch,859,Stormy,23,No,Yes,No,886,847,39,22
2024-05-11,Saturday,Lunch,231,Stormy,27,Yes,Yes,Yes,235,139,96,21
2024-09-02,Monday,Breakfast,522,Sunny,30,No,Yes,No,572,475,97,56
2024-12-05,Thursday,Lunch,343,Rainy,22,No,No,No,338,314,24,9
2024-06-17,Monday,Lunch,559,Cloudy,32,Yes,No,No,547,473,74,69
2024-10-19,Saturday,Breakfast,948,Sunny,38,Yes,No,Yes,962,903,59,49
2024-03-26,Tuesday,Dinner,977,Rainy,29,Yes,Yes,No,988,890,98,38
2024-01-14,Sunday,Lunch,683,Rainy,29,No,No,Yes,722,647,75,46
2024-09-28,Saturday,Breakfast,975,Cloudy,25,No,Yes,Yes,1018,996,22,0
2024-09-14,Saturday,Dinner,312,Stormy,20,No,Yes,Yes,270,255,15,1
2024-11-29,Friday,Dinner,448,Cloudy,25,No,Yes,No,464,372,92,68
2024-09-04,Wednesday,Dinner,440,Cloudy,28,Yes,No,No,428,408,20,11
2024-04-27,Saturday,Lunch,946,Rainy,24,Yes,Yes,Yes,991,896,95,33
2024-09-24,Tuesday,Breakfast,897,Rainy,22,No,Yes,No,918,827,91,68
2024-11-18,Monday,Dinner,934,Rainy,27,Yes,Yes,No,922,850,72,28
2024-08-26,Monday,Breakfast,677,Stormy,28,No,No,No,703,667,36,20
2024-06-09,Sunday,Dinner,788,Cloudy,28,No,Yes,Yes,755,721,34,8
2024-03-08,Friday,Lunch,286,Cloudy,25,Yes,Yes,No,311,306,5,5
2024-10-29,Tuesday,Dinner,864,Rainy,26,Yes,Yes,No,886,790,96,80
2024-09-20,Friday,Breakfast,701,Rainy,23,Yes,Yes,No,751,708,43,39
2024-05-31,Friday,Breakfast,219,Sunny,38,Yes,Yes,No,194,159,35,17
2024-10-22,Tuesday,Breakfast,636,Cloudy,33,No,Yes,No,633,591,42,28
2024-06-29,Saturday,Dinner,893,Stormy,26,Yes,No,Yes,934,839,95,61
2024-09-04,Wednesday,Lunch,867,Stormy,20,No,Yes,No,849,763,86,33
2024-07-29,Monday,Dinner,311,Sunny,32,Yes,Yes,No,355,291,64,61
2024-03-08,Friday,Dinner,222,Cloudy,26,Yes,Yes,No,267,256,11,4
2024-05-13,Monday,Breakfast,627,Cloudy,27,Yes,No,No,676,606,70,29
2024-07-02,Tuesday,Lunch,494,Sunny,37,No,No,No,488,420,68,51
2024-05-17,Friday,Dinner,691,Rainy,25,Yes,No,No,703,666,37,3
2024-01-24,Wednesday,Lunch,286,Stormy,23,Yes,No,No,335,243,92,90
2024-03-11,Monday,Lunch,994,Stormy,27,No,No,No,950,938,12,3
2024-05-27,Monday,Breakfast,473,Rainy,27,Yes,No,No,499,423,76,45
2024-11-12,Tuesday,Dinner,882,Rainy,26,Yes,Yes,No,836,777,59,46
2024-07-27,Saturday,Lunch,831,Rainy,29,No,Yes,Yes,856,781,75,40
2024-04-08,Monday,Breakfast,304,Sunny,32,No,No,No,307,261,46,17
2024-02-15,Thursday,Dinner,660,Rainy,29,No,Yes,No,677,649,28,8
2024-01-12,Friday,Breakfast,701,Sunny,38,No,Yes,No,718,629,89,31
2024-07-30,Tuesday,Breakfast,821,Stormy,24,No,Yes,No,820,775,45,33
2024-11-27,Wednesday,Breakfast,602,Stormy,28,Yes,Yes,No,599,569,30,10
2024-09-04,Wednesday,Lunch,606,Cloudy,29,Yes,No,No,649,584,65,29
2024-04-17,Wednesday,Breakfast,572,Sunny,37,Yes,No,No,607,563,44,27
2024-02-18,Sunday,Breakfast,725,Rainy,28,No,Yes,Yes,740,736,4,0
2024-06-28,Friday,Breakfast,700,Sunny,31,No,Yes,No,655,577,78,33
2024-12-08,Sunday,Breakfast,624,Cloudy,32,No,Yes,Yes,614,582,32,0
2024-06-23,Sunday,Breakfast,988,Stormy,20,No,Yes,Yes,947,888,59,9
2024-11-29,Friday,Breakfast,730,Sunny,31,No,No,No,754,741,13,13
2024-05-14,Tuesday,Dinner,740,Rainy,27,No,Yes,No,708,617,91,6
2024-07-10,Wednesday,Dinner,863,Cloudy,31,Yes,No,No,840,839,1,0
2024-09-14,Saturday,Dinner,249,Sunny,30,Yes,Yes,Yes,265,225,40,16
2024-08-31,Saturday,Breakfast,757,Rainy,29,No,Yes,Yes,752,716,36,4
2024-03-25,Monday,Breakfast,730,Rainy,23,Yes,Yes,No,778,715,63,53
2024-08-17,Saturday,Lunch,938,Stormy,23,Yes,No,Yes,981,943,38,35
2024-10-04,Friday,Lunch,733,Cloudy,31,No,Yes,No,728,655,73,5
2024-07-05,Friday,Dinner,680,Cloudy,25,Yes,No,No,700,689,11,9
2024-06-15,Saturday,Dinner,228,Sunny,39,No,No,Yes,266,182,84,67
2024-06-30,Sunday,Dinner,547,Sunny,35,Yes,No,Yes,550,460,90,48
2024-06-24,Monday,Breakfast,382,Cloudy,26,No,No,No,402,378,24,3
2024-05-20,Monday,Lunch,411,Sunny,37,No,Yes,No,461,387,74,45
2024-09-07,Saturday,Breakfast,511,Rainy,23,No,Yes,Yes,503,459,44,1
2024-10-07,Monday,Lunch,280,Rainy,25,Yes,No,No,281,267,14,0
2024-02-15,Thursday,Dinner,930,Cloudy,28,Yes,No,No,920,828,92,56
2024-07-22,Monday,Lunch,600,Stormy,20,No,Yes,No,648,556,92,27
2024-04-11,Thursday,Breakfast,923,Rainy,22,No,Yes,No,961,898,63,10
2024-08-18,Sunday,Breakfast,630,Rainy,26,Yes,No,Yes,636,627,9,4
2024-10-01,Tuesday,Dinner,427,Sunny,34,Yes,No,No,455,388,67,45
2024-04-27,Saturday,Dinner,245,Cloudy,28,No,Yes,Yes,270,247,23,10
2024-08-12,Monday,Lunch,241,Sunny,39,Yes,Yes,No,199,125,74,65
2024-08-11,Sunday,Breakfast,450,Sunny,38,Yes,No,Yes,498,497,1,1
2024-01-29,Monday,Lunch,915,Rainy,23,No,No,No,918,894,24,18
2024-02-14,Wednesday,Dinner,324,Stormy,20,No,Yes,No,280,253,27,6
2024-07-20,Saturday,Breakfast,481,Sunny,36,No,Yes,Yes,502,407,95,33
2024-10-28,Monday,Lunch,537,Sunny,37,Yes,Yes,No,575,478,97,93
2024-04-17,Wednesday,Breakfast,333,Cloudy,26,Yes,Yes,No,383,310,73,2
2024-02-20,Tuesday,Breakfast,886,Cloudy,26,Yes,Yes,No,857,825,32,4
2024-08-19,Monday,Dinner,654,Sunny,35,No,No,No,637,562,75,57
2024-03-03,Sunday,Breakfast,258,Rainy,25,Yes,No,Yes,260,255,5,0
2024-12-31,Tuesday,Breakfast,967,Cloudy,25,No,Yes,No,924,836,88,85
2024-06-12,Wednesday,Lunch,549,Stormy,21,No,No,No,596,502,94,86
2024-11-29,Friday,Dinner,904,Stormy,20,Yes,No,No,881,810,71,3
2024-01-16,Tuesday,Breakfast,392,Rainy,29,No,Yes,No,368,316,52,48
2024-03-23,Saturday,Lunch,388,Rainy,26,No,No,Yes,374,355,19,1
2024-09-18,Wednesday,Dinner,610,Stormy,24,Yes,Yes,No,563,509,54,25
2024-03-23,Saturday,Breakfast,962,Sunny,37,No,No,Yes,985,972,13,9
2024-02-17,Saturday,Dinner,421,Rainy,29,Yes,Yes,Yes,378,286,92,81
2024-08-19,Monday,Dinner,238,Sunny,39,No,Yes,No,229,227,2,1
2024-10-13,Sunday,Breakfast,946,Cloudy,31,Yes,Yes,Yes,962,923,39,35
2024-08-01,Thursday,Dinner,608,Sunny,40,Yes,Yes,No,615,553,62,30
2024-11-28,Thursday,Dinner,439,Rainy,30,Yes,No,No,478,402,76,20
2024-01-22,Monday,Dinner,561,Rainy,30,No,No,No,567,539,28,6
2024-11-18,Monday,Lunch,438,Sunny,33,Yes,No,No,444,363,81,73
2024-01-18,Thursday,Lunch,913,Stormy,21,Yes,Yes,No,947,900,47,10
2024-12-05,Thursday,Breakfast,725,Cloudy,29,Yes,No,No,769,710,59,55
2024-03-24,Sunday,Lunch,323,Sunny,30,No,Yes,Yes,318,316,2,1
2024-12-01,Sunday,Dinner,473,Stormy,24,No,No,Yes,469,375,94,3
2024-09-24,Tuesday,Dinner,395,Sunny,36,No,No,No,346,340,6,4
2024-02-01,Thursday,Breakfast,204,Rainy,22,Yes,Yes,No,224,191,33,16
2024-12-02,Monday,Lunch,313,Sunny,34,Yes,No,No,283,268,15,6
2024-07-11,Thursday,Breakfast,377,Cloudy,27,Yes,No,No,342,295,47,41
2024-04-01,Monday,Lunch,624,Sunny,34,Yes,No,No,650,645,5,1
2024-01-11,Thursday,Dinner,228,Stormy,27,Yes,No,No,267,176,91,37
2024-06-11,Tuesday,Lunch,492,Rainy,22,No,Yes,No,499,432,67,9
2024-05-08,Wednesday,Dinner,616,Rainy,26,No,No,No,597,566,31,1
2024-09-14,Saturday,Breakfast,970,Cloudy,26,No,No,Yes,977,962,15,0
2024-11-25,Monday,Dinner,350,Sunny,34,Yes,Yes,No,333,237,96,89
2024-05-06,Monday,Breakfast,871,Stormy,28,Yes,No,No,861,803,58,55
2024-09-29,Sunday,Dinner,539,Rainy,28,No,No,Yes,554,506,48,24
2024-01-30,Tuesday,Breakfast,462,Rainy,25,No,No,No,428,365,63,34
2024-11-07,Thursday,Dinner,294,Rainy,29,Yes,No,No,337,256,81,42
2024-10-23,Wednesday,Lunch,856,Stormy,27,Yes,No,No,839,829,10,2
2024-09-05,Thursday,Dinner,781,Cloudy,30,No,Yes,No,764,748,16,13
2024-09-15,Sunday,Breakfast,439,Cloudy,29,Yes,Yes,Yes,409,320,89,9
2024-11-05,Tuesday,Dinner,288,Cloudy,33,No,No,No,325,250,75,39
2024-05-04,Saturday,Dinner,653,Cloudy,29,Yes,No,Yes,686,600,86,52
2024-07-22,Monday,Dinner,368,Cloudy,26,No,Yes,No,338,332,6,2
2024-04-23,Tuesday,Dinner,369,Cloudy,31,No,No,No,416,349,67,11
2024-05-31,Friday,Lunch,499,Stormy,22,Yes,No,No,497,403,94,30
2024-08-16,Friday,Lunch,317,Stormy,24,Yes,Yes,No,319,244,75,20
2024-12-12,Thursday,Lunch,671,Stormy,22,Yes,No,No,646,597,49,2
2024-02-06,Tuesday,Lunch,247,Cloudy,28,No,No,No,228,216,12,12
2024-10-25,Friday,Lunch,776,Stormy,28,No,No,No,826,750,76,26
2024-09-15,Sunday,Dinner,261,Stormy,24,No,Yes,Yes,256,208,48,25
2024-08-12,Monday,Dinner,886,Cloudy,32,No,No,No,890,834,56,4
2024-09-24,Tuesday,Dinner,933,Rainy,22,Yes,Yes,No,956,903,53,22
2024-02-17,Saturday,Lunch,610,Cloudy,32,No,Yes,Yes,572,556,16,15
2024-07-12,Friday,Breakfast,870,Cloudy,26,Yes,No,No,855,778,77,29
2024-01-05,Friday,Lunch,910,Cloudy,26,Yes,Yes,No,922,883,39,28
2024-03-11,Monday,Dinner,723,Cloudy,26,Yes,Yes,No,765,690,75,27
2024-11-01,Friday,Lunch,645,Rainy,24,No,Yes,No,649,580,69,54
2024-08-10,Saturday,Breakfast,717,Rainy,27,No,Yes,Yes,730,704,26,0
2024-01-27,Saturday,Breakfast,269,Stormy,20,Yes,Yes,Yes,249,222,27,3
2024-07-12,Friday,Lunch,488,Stormy,27,Yes,Yes,No,498,491,7,0
2024-05-10,Friday,Lunch,698,Cloudy,30,Yes,No,No,720,621,99,76
2024-01-21,Sunday,Lunch,302,Stormy,28,Yes,No,Yes,304,273,31,6
2024-08-30,Friday,Breakfast,312,Stormy,21,No,Yes,No,264,196,68,42
2024-12-24,Tuesday,Dinner,313,Rainy,22,Yes,Yes,No,359,272,87,51
2024-04-09,Tuesday,Breakfast,276,Sunny,32,No,Yes,No,271,178,93,38
2024-06-08,Saturday,Dinner,715,Stormy,26,No,No,Yes,710,680,30,7
2024-11-16,Saturday,Dinner,795,Sunny,37,Yes,Yes,Yes,813,777,36,16
2024-04-13,Saturday,Breakfast,834,Cloudy,33,No,Yes,Yes,880,830,50,47
2024-09-24,Tuesday,Dinner,552,Sunny,31,Yes,No,No,586,487,99,18
2024-06-01,Saturday,Dinner,233,Stormy,27,No,Yes,Yes,261,201,60,39
2024-11-11,Monday,Dinner,348,Cloudy,26,No,Yes,No,339,305,34,15
2024-06-18,Tuesday,Breakfast,609,Rainy,27,Yes,Yes,No,632,570,62,11
2024-07-14,Sunday,Lunch,576,Sunny,33,Yes,No,Yes,569,473,96,9
2024-08-27,Tuesday,Breakfast,981,Stormy,24,No,Yes,No,993,919,74,6
2024-08-07,Wednesday,Dinner,670,Sunny,36,No,Yes,No,622,612,10,6
2024-02-02,Friday,Dinner,500,Rainy,27,No,No,No,465,404,61,39
2024-03-14,Thursday,Dinner,608,Cloudy,32,No,Yes,No,579,558,21,3
2024-11-30,Saturday,Breakfast,366,Rainy,23,No,Yes,Yes,377,323,54,14
2024-05-28,Tuesday,Breakfast,656,Cloudy,25,No,No,No,612,544,68,59
2024-09-10,Tuesday,Dinner,981,Cloudy,27,Yes,No,No,993,964,29,28
2024-04-14,Sunday,Dinner,446,Cloudy,31,Yes,Yes,Yes,442,390,52,16
2024-11-14,Thursday,Lunch,265,Stormy,26,No,No,No,242,228,14,14
2024-07-09,Tuesday,Breakfast,720,Stormy,21,No,No,No,761,682,79,24
2024-06-27,Thursday,Dinner,448,Rainy,22,No,No,No,488,481,7,7
2024-12-10,Tuesday,Breakfast,844,Sunny,39,Yes,Yes,No,877,859,18,5
2024-08-12,Monday,Lunch,712,Stormy,25,Yes,No,No,706,672,34,11
2024-07-20,Saturday,Breakfast,765,Rainy,28,No,Yes,Yes,792,700,92,55
2024-09-07,Saturday,Dinner,918,Sunny,37,Yes,No,Yes,936,907,29,7
2024-03-04,Monday,Dinner,209,Rainy,23,Yes,No,No,180,89,91,91
2024-07-14,Sunday,Dinner,890,Sunny,33,Yes,Yes,Yes,924,835,89,89
2024-12-11,Wednesday,Lunch,876,Stormy,24,No,No,No,873,799,74,47
2024-03-13,Wednesday,Dinner,639,Rainy,30,Yes,No,No,617,530,87,11
2024-10-24,Thursday,Lunch,556,Cloudy,33,Yes,Yes,No,549,483,66,12
2024-01-31,Wednesday,Lunch,811,Stormy,22,No,Yes,No,816,732,84,59
2024-09-25,Wednesday,Breakfast,258,Cloudy,26,Yes,Yes,No,279,182,97,81
2024-07-17,Wednesday,Lunch,628,Sunny,31,No,No,No,613,612,1,0
2024-05-12,Sunday,Lunch,805,Stormy,24,No,Yes,Yes,830,768,62,26
2024-03-18,Monday,Dinner,207,Sunny,30,Yes,Yes,No,199,157,42,4
2024-05-26,Sunday,Lunch,648,Sunny,30,Yes,No,Yes,620,538,82,74
2024-01-09,Tuesday,Lunch,291,Cloudy,31,Yes,Yes,No,242,211,31,12
2024-08-18,Sunday,Breakfast,900,Cloudy,31,Yes,Yes,Yes,897,891,6,5
2024-08-12,Monday,Lunch,985,Sunny,40,Yes,No,No,971,962,9,0
2024-11-07,Thursday,Dinner,991,Rainy,28,Yes,No,No,966,880,86,20
2024-05-02,Thursday,Breakfast,312,Sunny,34,No,No,No,344,312,32,7
2024-05-23,Thursday,Lunch,210,Cloudy,25,No,Yes,No,208,122,86,35
2024-03-26,Tuesday,Dinner,315,Rainy,30,No,No,No,286,266,20,3
2024-10-30,Wednesday,Breakfast,267,Rainy,24,No,No,No,311,293,18,10
2024-10-12,Saturday,Lunch,437,Cloudy,32,No,No,Yes,401,359,42,0
2024-03-09,Saturday,Dinner,440,Rainy,25,No,Yes,Yes,433,428,5,3
2024-12-06,Friday,Dinner,480,Cloudy,33,No,Yes,No,463,373,90,89
2024-08-15,Thursday,Breakfast,266,Stormy,28,Yes,No,No,251,239,12,9
2024-05-11,Saturday,Breakfast,543,Sunny,31,No,No,Yes,559,529,30,9
2024-10-18,Friday,Breakfast,678,Sunny,31,Yes,Yes,No,659,613,46,21
2024-11-11,Monday,Dinner,311,Stormy,21,Yes,Yes,No,320,317,3,3
2024-08-04,Sunday,Dinner,732,Stormy,28,No,No,Yes,708,624,84,21
2024-04-25,Thursday,Breakfast,802,Stormy,28,No,No,No,778,739,39,37
2024-12-29,Sunday,Dinner,330,Sunny,40,Yes,No,Yes,316,316,0,0
2024-04-21,Sunday,Lunch,388,Sunny,30,No,No,Yes,385,326,59,24
2024-07-23,Tuesday,Lunch,728,Sunny,38,Yes,No,No,776,775,1,0
2024-02-08,Thursday,Dinner,210,Sunny,30,No,No,No,241,231,10,4
2024-01-14,Sunday,Breakfast,799,Stormy,27,Yes,No,Yes,804,794,10,4
2024-06-10,Monday,Breakfast,882,Sunny,35,No,No,No,878,788,90,33
2024-01-16,Tuesday,Breakfast,398,Stormy,28,Yes,Yes,No,390,329,61,15
2024-08-16,Friday,Lunch,536,Sunny,40,Yes,No,No,492,477,15,9
2024-11-26,Tuesday,Lunch,900,Cloudy,25,Yes,No,No,931,866,65,57
2024-07-03,Wednesday,Lunch,202,Sunny,34,No,No,No,172,128,44,12
2024-05-26,Sunday,Dinner,251,Sunny,30,No,No,Yes,214,168,46,28
2024-07-09,Tuesday,Dinner,846,Stormy,20,Yes,No,No,886,809,77,7
2024-11-30,Saturday,Dinner,667,Stormy,23,Yes,Yes,Yes,624,623,1,0
2024-11-03,Sunday,Lunch,493,Cloudy,33,Yes,No,Yes,528,519,9,4
2024-07-30,Tuesday,Lunch,813,Stormy,27,Yes,No,No,812,781,31,15
2024-10-18,Friday,Lunch,960,Cloudy,26,Yes,Yes,No,926,875,51,24
2024-10-31,Thursday,Breakfast,255,Cloudy,28,Yes,Yes,No,241,232,9,6
2024-01-01,Monday,Dinner,956,Cloudy,28,No,Yes,No,936,856,80,8
2024-02-01,Thursday,Lunch,595,Cloudy,30,No,No,No,639,556,83,71
2024-11-02,Saturday,Lunch,882,Sunny,38,Yes,No,Yes,845,760,85,25
2024-06-02,Sunday,Breakfast,261,Rainy,28,No,No,Yes,280,260,20,8
2024-12-15,Sunday,Breakfast,676,Rainy,27,No,Yes,Yes,725,648,77,54
2024-09-04,Wednesday,Breakfast,298,Sunny,36,No,Yes,No,331,290,41,7
2024-03-25,Monday,Dinner,428,Cloudy,33,No,No,No,387,295,92,57
2024-06-15,Saturday,Lunch,485,Stormy,20,No,Yes,Yes,523,481,42,0
2024-05-28,Tuesday,Lunch,681,Stormy,21,No,Yes,No,688,604,84,71
2024-09-13,Friday,Dinner,740,Rainy,30,Yes,Yes,No,766,756,10,3
2024-06-26,Wednesday,Lunch,939,Rainy,29,Yes,Yes,No,942,903,39,4
2024-09-30,Monday,Breakfast,964,Stormy,25,No,No,No,954,943,11,0
2024-05-01,Wednesday,Breakfast,260,Sunny,39,Yes,Yes,No,282,255,27,3
2024-01-06,Saturday,Breakfast,732,Cloudy,30,No,Yes,Yes,774,709,65,58
2024-10-28,Monday,Lunch,664,Stormy,20,Yes,Yes,No,668,664,4,2
2024-05-21,Tuesday,Breakfast,711,Rainy,26,No,Yes,No,668,575,93,40
2024-08-14,Wednesday,Dinner,558,Cloudy,25,Yes,Yes,No,543,535,8,4
2024-11-16,Saturday,Breakfast,911,Sunny,38,No,Yes,Yes,890,820,70,54
2024-01-24,Wednesday,Dinner,489,Stormy,21,No,No,No,533,439,94,62
2024-07-22,Monday,Lunch,287,Cloudy,30,Yes,Yes,No,291,253,38,18
2024-08-01,Thursday,Lunch,517,Stormy,23,Yes,Yes,No,518,462,56,48
2024-06-20,Thursday,Dinner,255,Stormy,25,Yes,Yes,No,218,202,16,14
2024-04-05,Friday,Lunch,737,Stormy,22,No,Yes,No,758,742,16,3
2024-02-29,Thursday,Dinner,854,Sunny,34,Yes,Yes,No,831,812,19,12
2024-02-18,Sunday,Breakfast,565,Cloudy,29,No,Yes,Yes,614,544,70,29
2024-02-18,Sunday,Breakfast,544,Sunny,30,No,No,Yes,519,446,73,44
2024-02-26,Monday,Breakfast,785,Sunny,34,Yes,Yes,No,820,772,48,28
2024-05-28,Tuesday,Dinner,819,Stormy,25,No,Yes,No,861,803,58,36
2024-12-31,Tuesday,Dinner,936,Stormy,28,Yes,No,No,923,858,65,58
2024-05-31,Friday,Lunch,440,Cloudy,31,Yes,No,No,480,450,30,30
2024-08-29,Thursday,Lunch,826,Sunny,31,No,No,No,873,854,19,16
2024-12-05,Thursday,Lunch,601,Rainy,23,No,Yes,No,582,558,24,1
2024-11-14,Thursday,Lunch,828,Stormy,21,No,Yes,No,834,737,97,29
2024-08-09,Friday,Dinner,850,Sunny,39,Yes,Yes,No,844,771,73,23
2024-10-10,Thursday,Dinner,330,Rainy,27,No,Yes,No,333,322,11,9
2024-11-05,Tuesday,Lunch,674,Rainy,28,No,No,No,698,664,34,16
2024-07-27,Saturday,Lunch,340,Stormy,25,No,No,Yes,358,303,55,33
2024-07-28,Sunday,Lunch,547,Rainy,23,Yes,No,Yes,548,481,67,42
2024-11-11,Monday,Breakfast,900,Rainy,30,No,Yes,No,918,893,25,25
2024-10-14,Monday,Breakfast,804,Stormy,25,Yes,Yes,No,768,685,83,28
2024-08-10,Saturday,Dinner,792,Rainy,25,No,Yes,Yes,842,745,97,71
2024-06-22,Saturday,Lunch,799,Stormy,21,Yes,Yes,Yes,839,739,100,35
2024-10-27,Sunday,Dinner,756,Cloudy,28,No,No,Yes,789,760,29,16
2024-05-23,Thursday,Lunch,997,Stormy,20,No,No,No,955,944,11,9
2024-08-06,Tuesday,Dinner,616,Sunny,32,No,Yes,No,625,566,59,45
2024-03-25,Monday,Dinner,762,Stormy,24,Yes,No,No,790,788,2,0
2024-08-08,Thursday,Lunch,348,Rainy,29,No,No,No,324,243,81,4
2024-02-26,Monday,Breakfast,748,Rainy,23,Yes,Yes,No,797,712,85,82
2024-08-17,Saturday,Lunch,861,Stormy,28,Yes,No,Yes,871,821,50,28
2024-03-03,Sunday,Breakfast,974,Sunny,34,Yes,Yes,Yes,994,909,85,1
2024-02-20,Tuesday,Dinner,504,Rainy,27,No,No,No,481,452,29,18
2024-02-05,Monday,Lunch,592,Rainy,29,No,Yes,No,627,555,72,15
2024-08-29,Thursday,Lunch,853,Rainy,24,No,No,No,836,822,14,8
2024-03-13,Wednesday,Dinner,887,Cloudy,26,Yes,No,No,854,848,6,1
2024-09-11,Wednesday,Lunch,744,Stormy,26,Yes,No,No,706,689,17,10
2024-10-26,Saturday,Breakfast,939,Stormy,26,No,Yes,Yes,921,904,17,15
2024-11-23,Saturday,Breakfast,490,Rainy,30,No,Yes,Yes,517,503,14,10
2024-05-03,Friday,Dinner,321,Stormy,25,No,No,No,340,334,6,0
2024-07-03,Wednesday,Lunch,296,Rainy,24,Yes,Yes,No,261,222,39,6
2024-07-31,Wednesday,Lunch,485,Sunny,38,Yes,Yes,No,493,491,2,0
2024-05-21,Tuesday,Dinner,902,Sunny,36,Yes,Yes,No,880,842,38,34
2024-12-18,Wednesday,Breakfast,699,Stormy,26,No,No,No,680,617,63,47
2024-05-08,Wednesday,Dinner,612,Sunny,37,Yes,Yes,No,650,576,74,29
2024-02-23,Friday,Dinner,345,Cloudy,26,Yes,Yes,No,344,294,50,43
2024-12-08,Sunday,Lunch,507,Rainy,22,No,No,Yes,483,391,92,3
2024-07-25,Thursday,Dinner,848,Sunny,32,No,No,No,839,814,25,3
2024-07-27,Saturday,Lunch,830,Sunny,30,Yes,No,Yes,872,827,45,17
2024-11-24,Sunday,Lunch,456,Rainy,26,Yes,Yes,Yes,424,338,86,86
2024-12-01,Sunday,Dinner,584,Stormy,21,Yes,Yes,Yes,609,556,53,8
2024-06-07,Friday,Lunch,534,Stormy,26,Yes,Yes,No,549,500,49,35
2024-02-24,Saturday,Breakfast,905,Cloudy,26,Yes,Yes,Yes,857,796,61,20
2024-09-12,Thursday,Breakfast,846,Stormy,20,No,Yes,No,800,766,34,15
2024-08-23,Friday,Lunch,608,Stormy,21,Yes,Yes,No,645,592,53,48
2024-07-24,Wednesday,Dinner,993,Stormy,21,Yes,Yes,No,980,976,4,4
2024-11-16,Saturday,Dinner,511,Stormy,28,Yes,Yes,Yes,506,473,33,24
2024-08-06,Tuesday,Lunch,841,Cloudy,30,No,Yes,No,819,736,83,51
2024-05-28,Tuesday,Dinner,703,Stormy,23,Yes,Yes,No,736,709,27,24
2024-05-13,Monday,Dinner,402,Stormy,24,No,Yes,No,355,342,13,4
2024-10-26,Saturday,Dinner,760,Stormy,25,Yes,No,Yes,711,688,23,13
2024-01-05,Friday,Lunch,820,Sunny,30,No,No,No,827,772,55,33
2024-11-02,Saturday,Breakfast,751,Sunny,38,No,Yes,Yes,780,721,59,52
2024-09-15,Sunday,Dinner,782,Cloudy,30,No,Yes,Yes,767,670,97,12
2024-04-20,Saturday,Lunch,755,Stormy,28,No,No,Yes,767,700,67,40
2024-10-12,Saturday,Dinner,553,Rainy,25,Yes,No,Yes,528,495,33,16
2024-02-17,Saturday,Lunch,429,Stormy,25,Yes,Yes,Yes,464,422,42,24
2024-11-27,Wednesday,Dinner,446,Stormy,26,No,No,No,446,348,98,27
2024-04-02,Tuesday,Dinner,889,Sunny,38,No,Yes,No,885,848,37,3
2024-06-28,Friday,Lunch,817,Cloudy,30,Yes,Yes,No,827,822,5,1
2024-11-08,Friday,Lunch,207,Cloudy,25,No,Yes,No,164,103,61,14
2024-04-21,Sunday,Dinner,588,Cloudy,27,Yes,No,Yes,608,526,82,3
2024-04-16,Tuesday,Dinner,925,Stormy,28,Yes,Yes,No,915,879,36,1
2024-12-17,Tuesday,Dinner,685,Cloudy,31,Yes,No,No,637,545,92,5
2024-04-15,Monday,Dinner,383,Sunny,33,No,Yes,No,376,368,8,4
2024-02-19,Monday,Lunch,634,Sunny,31,Yes,No,No,592,592,0,0
2024-10-28,Monday,Lunch,848,Cloudy,28,Yes,Yes,No,817,806,11,6
2024-11-02,Saturday,Dinner,631,Cloudy,30,No,Yes,Yes,585,529,56,9
2024-03-29,Friday,Breakfast,325,Rainy,24,Yes,Yes,No,282,269,13,13
2024-09-12,Thursday,Dinner,503,Cloudy,31,No,Yes,No,537,461,76,48
2024-02-18,Sunday,Breakfast,790,Sunny,38,No,No,Yes,800,751,49,0
2024-09-05,Thursday,Lunch,204,Rainy,22,Yes,Yes,No,200,187,13,13
2024-02-22,Thursday,Lunch,721,Sunny,40,Yes,Yes,No,682,614,68,4
2024-04-12,Friday,Lunch,330,Cloudy,28,Yes,No,No,301,251,50,16
2024-08-06,Tuesday,Lunch,790,Rainy,29,No,No,No,762,663,99,20
2024-07-01,Monday,Dinner,969,Rainy,23,No,Yes,No,1019,1009,10,4
2024-07-01,Monday,Lunch,844,Rainy,25,No,Yes,No,795,713,82,58
2024-01-20,Saturday,Dinner,494,Stormy,20,Yes,Yes,Yes,522,496,26,4
2024-12-31,Tuesday,Lunch,441,Stormy,20,No,Yes,No,464,452,12,0
2024-04-08,Monday,Dinner,558,Cloudy,32,Yes,Yes,No,543,479,64,34
2024-05-27,Monday,Breakfast,938,Rainy,22,No,Yes,No,932,888,44,37
2024-07-08,Monday,Dinner,604,Rainy,30,No,No,No,581,513,68,29
2024-09-23,Monday,Lunch,939,Cloudy,31,No,No,No,923,910,13,6
2024-05-08,Wednesday,Dinner,247,Rainy,30,No,Yes,No,287,276,11,5
2024-06-16,Sunday,Dinner,957,Rainy,27,Yes,No,Yes,963,908,55,50
2024-11-27,Wednesday,Dinner,590,Stormy,27,No,No,No,596,517,79,31
2024-12-27,Friday,Breakfast,689,Rainy,25,No,No,No,643,603,40,17
2024-08-02,Friday,Dinner,223,Sunny,38,No,No,No,272,236,36,16
2024-12-09,Monday,Breakfast,326,Rainy,26,Yes,No,No,311,227,84,74
2024-12-26,Thursday,Lunch,233,Stormy,25,Yes,No,No,185,97,88,9
2024-12-03,Tuesday,Dinner,952,Rainy,30,Yes,Yes,No,987,952,35,11
2024-05-31,Friday,Lunch,543,Sunny,40,Yes,Yes,No,535,494,41,10
2024-01-13,Saturday,Breakfast,826,Rainy,27,Yes,No,Yes,871,778,93,5
2024-03-08,Friday,Lunch,764,Sunny,36,Yes,No,No,734,702,32,26
2024-10-26,Saturday,Lunch,756,Stormy,25,Yes,No,Yes,732,661,71,42
2024-01-30,Tuesday,Dinner,718,Cloudy,26,Yes,Yes,No,705,667,38,20
2024-07-24,Wednesday,Dinner,392,Sunny,30,Yes,Yes,No,381,359,22,6
2024-12-27,Friday,Dinner,840,Rainy,28,No,No,No,840,758,82,14
2024-02-28,Wednesday,Lunch,751,Cloudy,31,Yes,Yes,No,701,649,52,5
2024-11-24,Sunday,Lunch,481,Cloudy,28,No,No,Yes,453,422,31,20
2024-03-27,Wednesday,Lunch,574,Sunny,31,Yes,Yes,No,555,550,5,3
2024-06-01,Saturday,Dinner,411,Rainy,26,Yes,No,Yes,379,371,8,5
2024-07-29,Monday,Dinner,457,Stormy,27,No,Yes,No,420,330,90,61
2024-07-19,Friday,Dinner,434,Rainy,26,Yes,No,No,386,339,47,1
2024-08-01,Thursday,Lunch,774,Sunny,34,No,No,No,737,669,68,40
2024-11-21,Thursday,Breakfast,996,Sunny,38,Yes,No,No,978,966,12,9
2024-01-15,Monday,Lunch,307,Rainy,28,Yes,No,No,307,242,65,50
2024-08-24,Saturday,Dinner,214,Stormy,23,Yes,Yes,Yes,262,208,54,15
2024-08-07,Wednesday,Lunch,761,Stormy,28,No,Yes,No,758,691,67,16
2024-10-09,Wednesday,Dinner,352,Stormy,23,Yes,No,No,342,300,42,1
2024-05-10,Friday,Dinner,868,Cloudy,25,Yes,Yes,No,891,864,27,27
2024-07-07,Sunday,Breakfast,448,Sunny,34,Yes,No,Yes,497,477,20,0
2024-07-06,Saturday,Lunch,254,Sunny,38,Yes,Yes,Yes,262,203,59,53
2024-06-23,Sunday,Breakfast,451,Rainy,30,Yes,Yes,Yes,484,436,48,11
2024-04-09,Tuesday,Lunch,704,Rainy,24,No,No,No,712,632,80,29
2024-07-21,Sunday,Dinner,717,Stormy,23,Yes,No,Yes,763,683,80,14
2024-04-16,Tuesday,Breakfast,213,Sunny,35,No,Yes,No,227,162,65,18
2024-08-10,Saturday,Dinner,378,Rainy,28,No,Yes,Yes,328,287,41,40
2024-03-31,Sunday,Breakfast,586,Sunny,39,Yes,Yes,Yes,587,521,66,34
2024-02-06,Tuesday,Lunch,485,Rainy,29,Yes,Yes,No,489,424,65,44
2024-11-10,Sunday,Dinner,774,Sunny,31,No,Yes,Yes,775,769,6,3
2024-10-06,Sunday,Breakfast,268,Cloudy,32,No,No,Yes,301,284,17,3
2024-02-07,Wednesday,Lunch,988,Rainy,29,No,Yes,No,999,933,66,40
2024-09-29,Sunday,Breakfast,863,Stormy,23,Yes,No,Yes,878,869,9,8
2024-12-22,Sunday,Lunch,622,Rainy,30,No,No,Yes,605,600,5,1
2024-10-30,Wednesday,Breakfast,832,Stormy,20,No,No,No,828,803,25,9
2024-12-16,Monday,Dinner,883,Stormy,24,No,Yes,No,908,828,80,28
2024-12-26,Thursday,Lunch,676,Sunny,35,Yes,No,No,661,573,88,3
2024-09-07,Saturday,Dinner,241,Sunny,38,Yes,No,Yes,276,210,66,58
2024-03-27,Wednesday,Lunch,998,Cloudy,27,No,Yes,No,1022,965,57,40
2024-09-20,Friday,Dinner,419,Sunny,34,No,Yes,No,460,418,42,38
2024-09-30,Monday,Lunch,360,Stormy,27,No,No,No,336,317,19,0
2024-03-26,Tuesday,Dinner,222,Stormy,22,Yes,Yes,No,269,267,2,0
2024-09-11,Wednesday,Lunch,228,Stormy,27,Yes,Yes,No,228,192,36,35
2024-02-14,Wednesday,Lunch,708,Stormy,25,Yes,Yes,No,706,639,67,30
2024-05-17,Friday,Dinner,661,Rainy,22,No,Yes,No,655,560,95,91
2024-05-17,Friday,Breakfast,683,Sunny,40,No,Yes,No,641,541,100,48
2024-05-29,Wednesday,Dinner,741,Rainy,30,Yes,Yes,No,783,779,4,4
2024-11-26,Tuesday,Dinner,456,Stormy,25,No,Yes,No,458,424,34,0
2024-07-09,Tuesday,Breakfast,297,Cloudy,28,Yes,Yes,No,331,327,4,4
2024-05-27,Monday,Dinner,322,Stormy,24,No,Yes,No,323,262,61,31
2024-07-06,Saturday,Dinner,209,Rainy,29,Yes,No,Yes,257,182,75,22
2024-01-07,Sunday,Dinner,335,Sunny,35,Yes,No,Yes,368,367,1,1
2024-05-06,Monday,Lunch,991,Stormy,27,No,Yes,No,975,959,16,9
2024-01-06,Saturday,Breakfast,466,Rainy,24,Yes,Yes,Yes,466,414,52,52
2024-03-22,Friday,Lunch,662,Stormy,28,Yes,No,No,699,658,41,23
2024-10-16,Wednesday,Breakfast,978,Cloudy,31,Yes,No,No,1016,992,24,4
2024-01-10,Wednesday,Dinner,468,Cloudy,26,Yes,No,No,466,443,23,15
2024-08-09,Friday,Lunch,813,Cloudy,26,No,Yes,No,799,790,9,7
2024-03-05,Tuesday,Lunch,470,Cloudy,32,No,Yes,No,459,434,25,4
2024-11-08,Friday,Breakfast,569,Stormy,22,No,Yes,No,598,514,84,28
2024-07-01,Monday,Lunch,225,Cloudy,25,Yes,No,No,175,124,51,44
2024-07-30,Tuesday,Breakfast,527,Sunny,33,No,Yes,No,577,517,60,2
2024-04-23,Tuesday,Lunch,207,Rainy,23,Yes,No,No,252,199,53,23
2024-02-20,Tuesday,Breakfast,874,Stormy,21,No,Yes,No,884,818,66,57
2024-12-10,Tuesday,Dinner,538,Stormy,26,No,Yes,No,543,465,78,27
2024-11-08,Friday,Breakfast,212,Stormy,22,No,No,No,259,180,79,17
2024-09-24,Tuesday,Lunch,857,Cloudy,33,Yes,Yes,No,811,749,62,17
2024-01-11,Thursday,Lunch,453,Cloudy,29,No,Yes,No,410,313,97,40
2024-07-31,Wednesday,Lunch,260,Rainy,27,Yes,Yes,No,294,208,86,55
2024-12-19,Thursday,Breakfast,703,Rainy,30,No,Yes,No,673,597,76,71
2024-10-15,Tuesday,Breakfast,537,Cloudy,32,No,No,No,562,544,18,8
2024-04-12,Friday,Dinner,436,Stormy,26,Yes,No,No,444,361,83,39
2024-09-21,Saturday,Dinner,325,Cloudy,33,Yes,Yes,Yes,339,328,11,11
2024-03-24,Sunday,Dinner,423,Rainy,27,Yes,Yes,Yes,384,300,84,68
2024-06-15,Saturday,Breakfast,625,Sunny,38,Yes,No,Yes,579,543,36,19
2024-10-17,Thursday,Lunch,553,Stormy,21,Yes,Yes,No,520,459,61,22
2024-10-19,Saturday,Breakfast,362,Cloudy,32,No,No,Yes,316,225,91,34
2024-07-18,Thursday,Lunch,577,Rainy,28,No,Yes,No,560,522,38,37
2024-06-04,Tuesday,Breakfast,283,Rainy,26,Yes,Yes,No,298,251,47,16
2024-01-23,Tuesday,Dinner,374,Cloudy,33,Yes,No,No,408,314,94,16
2024-10-15,Tuesday,Lunch,433,Sunny,40,No,Yes,No,446,381,65,19
2024-10-29,Tuesday,Dinner,770,Cloudy,30,Yes,Yes,No,817,719,98,73
2024-09-23,Monday,Lunch,293,Rainy,28,Yes,Yes,No,256,182,74,10
2024-08-03,Saturday,Lunch,820,Stormy,22,Yes,Yes,Yes,807,767,40,30
2024-11-18,Monday,Dinner,502,Sunny,36,No,Yes,No,548,465,83,1
2024-11-04,Monday,Dinner,882,Rainy,22,No,Yes,No,855,786,69,8
2024-02-03,Saturday,Breakfast,608,Sunny,32,No,Yes,Yes,634,581,53,16
2024-01-31,Wednesday,Dinner,866,Stormy,24,Yes,No,No,912,906,6,2
2024-12-28,Saturday,Dinner,761,Rainy,22,Yes,No,Yes,714,670,44,13
2024-04-10,Wednesday,Breakfast,684,Stormy,27,No,No,No,669,665,4,3
2024-12-27,Friday,Breakfast,912,Stormy,25,No,No,No,935,853,82,2
2024-01-08,Monday,Dinner,919,Stormy,22,No,Yes,No,913,866,47,27
2024-03-12,Tuesday,Breakfast,230,Sunny,38,No,Yes,No,266,183,83,43
2024-02-22,Thursday,Breakfast,229,Cloudy,25,No,No,No,217,163,54,32
2024-02-21,Wednesday,Breakfast,238,Rainy,24,No,Yes,No,280,192,88,13
2024-04-02,Tuesday,Breakfast,220,Rainy,23,Yes,Yes,No,223,200,23,1
2024-09-29,Sunday,Lunch,688,Cloudy,33,No,No,Yes,738,729,9,9
2024-09-17,Tuesday,Dinner,636,Cloudy,29,Yes,No,No,633,558,75,65
2024-05-10,Friday,Dinner,838,Stormy,28,No,Yes,No,854,772,82,60
2024-07-22,Monday,Lunch,283,Sunny,38,Yes,Yes,No,275,224,51,25
2024-03-09,Saturday,Lunch,902,Rainy,30,Yes,Yes,Yes,883,853,30,1
2024-01-07,Sunday,Dinner,330,Sunny,32,Yes,No,Yes,380,346,34,21
2024-04-02,Tuesday,Dinner,852,Sunny,36,No,Yes,No,872,854,18,13
2024-07-28,Sunday,Breakfast,405,Sunny,39,Yes,No,Yes,399,299,100,58
2024-06-17,Monday,Dinner,822,Stormy,21,No,No,No,780,752,28,3
2024-02-25,Sunday,Breakfast,677,Stormy,27,No,No,Yes,650,649,1,1
2024-07-31,Wednesday,Breakfast,733,Rainy,25,No,No,No,699,697,2,0
2024-06-01,Saturday,Lunch,584,Cloudy,31,No,No,Yes,550,542,8,3
2024-10-27,Sunday,Lunch,353,Rainy,24,Yes,Yes,Yes,317,250,67,33
2024-05-08,Wednesday,Dinner,825,Sunny,39,Yes,No,No,875,845,30,14
2024-01-30,Tuesday,Lunch,657,Cloudy,29,No,Yes,No,664,598,66,23
2024-02-02,Friday,Dinner,560,Sunny,39,Yes,No,No,608,586,22,8
2024-04-23,Tuesday,Dinner,829,Cloudy,33,No,Yes,No,794,751,43,37
2024-04-03,Wednesday,Breakfast,472,Stormy,21,Yes,No,No,518,492,26,5
2024-09-29,Sunday,Lunch,588,Rainy,25,No,Yes,Yes,591,524,67,65
2024-05-24,Friday,Dinner,973,Cloudy,29,Yes,Yes,No,957,897,60,54
2024-10-27,Sunday,Breakfast,378,Rainy,24,Yes,No,Yes,364,344,20,15
2024-12-12,Thursday,Dinner,622,Cloudy,27,Yes,Yes,No,649,644,5,2
2024-08-16,Friday,Breakfast,206,Cloudy,32,Yes,Yes,No,188,136,52,26
2024-06-18,Tuesday,Lunch,645,Sunny,32,Yes,No,No,645,545,100,79
2024-10-11,Friday,Lunch,466,Rainy,27,No,No,No,509,432,77,19
2024-02-14,Wednesday,Dinner,687,Rainy,25,No,Yes,No,685,637,48,25
2024-08-19,Monday,Breakfast,513,Stormy,20,Yes,Yes,No,485,397,88,80
2024-11-20,Wednesday,Dinner,669,Stormy,28,Yes,No,No,717,628,89,53
2024-03-06,Wednesday,Dinner,233,Sunny,39,No,No,No,210,119,91,21
2024-02-13,Tuesday,Breakfast,319,Sunny,32,Yes,Yes,No,312,304,8,8
2024-06-15,Saturday,Breakfast,614,Sunny,39,No,No,Yes,650,642,8,3
2024-11-14,Thursday,Breakfast,608,Rainy,23,Yes,No,No,612,570,42,35
2024-10-15,Tuesday,Lunch,294,Cloudy,28,Yes,Yes,No,312,249,63,4
2024-04-15,Monday,Breakfast,762,Cloudy,26,No,Yes,No,734,637,97,47
2024-11-25,Monday,Breakfast,628,Rainy,30,Yes,Yes,No,640,605,35,34
2024-02-21,Wednesday,Breakfast,322,Stormy,24,Yes,No,No,280,270,10,10
2024-09-05,Thursday,Dinner,409,Rainy,28,Yes,No,No,436,398,38,13
2024-02-18,Sunday,Dinner,647,Stormy,21,Yes,Yes,Yes,673,573,100,73
2024-10-05,Saturday,Dinner,220,Sunny,40,Yes,Yes,Yes,236,178,58,18
2024-10-26,Saturday,Lunch,844,Sunny,40,Yes,Yes,Yes,846,790,56,26
2024-01-11,Thursday,Dinner,558,Sunny,35,No,Yes,No,569,503,66,21
2024-03-06,Wednesday,Breakfast,427,Cloudy,26,No,Yes,No,429,381,48,37
2024-10-31,Thursday,Dinner,545,Cloudy,31,No,Yes,No,538,504,34,5
2024-09-02,Monday,Dinner,803,Stormy,28,No,No,No,786,742,44,2
2024-07-24,Wednesday,Dinner,276,Stormy,21,No,Yes,No,287,262,25,13
2024-02-19,Monday,Lunch,748,Rainy,24,No,Yes,No,781,741,40,9
2024-08-12,Monday,Dinner,867,Sunny,37,Yes,No,No,837,764,73,40
2024-09-30,Monday,Dinner,293,Cloudy,32,No,No,No,343,268,75,44
2024-01-24,Wednesday,Breakfast,804,Rainy,28,Yes,No,No,772,763,9,5
2024-12-24,Tuesday,Breakfast,845,Rainy,25,Yes,No,No,864,804,60,56
2024-04-05,Friday,Breakfast,712,Stormy,26,Yes,Yes,No,721,642,79,70
2024-10-27,Sunday,Dinner,905,Sunny,39,No,No,Yes,875,789,86,70
2024-03-20,Wednesday,Lunch,574,Sunny,35,Yes,No,No,604,508,96,22
2024-12-15,Sunday,Dinner,580,Stormy,22,No,Yes,Yes,609,580,29,8
2024-06-03,Monday,Breakfast,495,Sunny,30,Yes,No,No,533,457,76,29
2024-03-28,Thursday,Lunch,804,Cloudy,30,Yes,No,No,765,733,32,6
2024-12-04,Wednesday,Breakfast,287,Cloudy,31,No,Yes,No,324,281,43,41
2024-12-06,Friday,Breakfast,962,Rainy,25,Yes,No,No,959,865,94,21
2024-01-03,Wednesday,Dinner,278,Stormy,21,Yes,No,No,228,183,45,22
2024-11-08,Friday,Lunch,966,Sunny,38,Yes,No,No,990,941,49,18
2024-12-04,Wednesday,Lunch,235,Sunny,37,Yes,No,No,278,258,20,8
2024-07-21,Sunday,Dinner,985,Cloudy,31,No,Yes,Yes,989,935,54,22
2024-07-27,Saturday,Breakfast,781,Cloudy,27,Yes,Yes,Yes,785,769,16,8
2024-12-04,Wednesday,Lunch,336,Sunny,30,Yes,No,No,362,285,77,69
2024-10-03,Thursday,Lunch,667,Cloudy,33,Yes,No,No,709,683,26,20
2024-09-28,Saturday,Breakfast,269,Sunny,31,No,Yes,Yes,267,186,81,58
2024-11-17,Sunday,Lunch,673,Sunny,34,Yes,No,Yes,651,635,16,9
2024-03-16,Saturday,Dinner,258,Cloudy,25,Yes,No,Yes,262,254,8,4
2024-05-04,Saturday,Breakfast,580,Cloudy,30,No,No,Yes,588,584,4,4
2024-05-22,Wednesday,Breakfast,852,Sunny,32,No,Yes,No,846,839,7,5
2024-01-03,Wednesday,Lunch,361,Sunny,35,No,No,No,388,291,97,28
2024-02-25,Sunday,Dinner,882,Rainy,26,Yes,Yes,Yes,894,846,48,31
2024-10-13,Sunday,Breakfast,477,Rainy,30,Yes,Yes,Yes,506,447,59,34
2024-11-21,Thursday,Lunch,293,Cloudy,26,Yes,No,No,295,201,94,36
2024-01-24,Wednesday,Breakfast,788,Sunny,32,Yes,Yes,No,837,794,43,38
2024-01-28,Sunday,Breakfast,350,Rainy,30,Yes,No,Yes,371,284,87,5
2024-02-24,Saturday,Breakfast,333,Rainy,26,No,Yes,Yes,356,348,8,2
2024-08-10,Saturday,Dinner,368,Rainy,24,Yes,Yes,Yes,323,284,39,13
2024-08-17,Saturday,Lunch,419,Stormy,21,No,Yes,Yes,442,433,9,7
2024-07-30,Tuesday,Breakfast,290,Sunny,39,No,No,No,271,262,9,8
2024-04-08,Monday,Dinner,701,Stormy,25,Yes,Yes,No,713,659,54,18
2024-09-19,Thursday,Dinner,647,Stormy,23,No,Yes,No,655,587,68,43
2024-06-06,Thursday,Dinner,838,Stormy,27,Yes,No,No,873,807,66,50
2024-06-03,Monday,Lunch,899,Sunny,39,No,No,No,860,797,63,55
2024-02-15,Thursday,Breakfast,909,Sunny,36,No,Yes,No,955,868,87,21
2024-12-22,Sunday,Lunch,781,Sunny,34,Yes,No,Yes,793,766,27,4
2024-08-24,Saturday,Lunch,356,Sunny,35,Yes,No,Yes,372,372,0,0
2024-12-15,Sunday,Dinner,568,Sunny,31,Yes,No,Yes,541,462,79,79
2024-02-05,Monday,Dinner,908,Stormy,21,No,No,No,911,908,3,3
2024-03-31,Sunday,Dinner,406,Rainy,28,Yes,Yes,Yes,422,362,60,20
2024-02-29,Thursday,Breakfast,846,Rainy,29,Yes,Yes,No,815,793,22,4
2024-11-08,Friday,Breakfast,672,Cloudy,27,Yes,Yes,No,648,624,24,10
2024-12-16,Monday,Lunch,313,Rainy,22,Yes,No,No,356,257,99,83
2024-02-11,Sunday,Breakfast,834,Cloudy,33,Yes,No,Yes,801,767,34,12
2024-04-05,Friday,Dinner,872,Rainy,24,No,No,No,864,855,9,8
2024-10-01,Tuesday,Breakfast,553,Cloudy,27,Yes,No,No,513,460,53,32
2024-02-22,Thursday,Dinner,279,Rainy,27,No,No,No,293,268,25,10
2024-10-17,Thursday,Breakfast,401,Cloudy,31,No,Yes,No,390,302,88,0
2024-10-22,Tuesday,Breakfast,590,Rainy,30,Yes,Yes,No,584,487,97,5
2024-10-22,Tuesday,Lunch,347,Sunny,30,Yes,Yes,No,376,348,28,9
2024-12-21,Saturday,Breakfast,889,Cloudy,29,No,Yes,Yes,891,879,12,9
2024-12-05,Thursday,Dinner,445,Rainy,24,Yes,Yes,No,476,429,47,6
2024-09-09,Monday,Dinner,976,Sunny,30,Yes,Yes,No,1008,928,80,5
2024-05-07,Tuesday,Lunch,395,Stormy,21,No,No,No,418,345,73,38
2024-10-26,Saturday,Lunch,863,Stormy,23,No,No,Yes,843,803,40,12
2024-12-31,Tuesday,Breakfast,314,Stormy,28,Yes,No,No,314,286,28,21
2024-01-14,Sunday,Dinner,684,Cloudy,28,No,Yes,Yes,700,640,60,13
2024-03-30,Saturday,Lunch,247,Stormy,26,Yes,No,Yes,276,197,79,61
2024-06-10,Monday,Dinner,304,Rainy,26,Yes,No,No,300,293,7,2
2024-12-14,Saturday,Dinner,316,Sunny,33,No,Yes,Yes,356,328,28,20
2024-10-21,Monday,Lunch,592,Sunny,38,No,Yes,No,554,532,22,9
2024-12-14,Saturday,Breakfast,235,Stormy,23,No,Yes,Yes,261,237,24,5
2024-05-17,Friday,Dinner,831,Rainy,28,No,Yes,No,817,788,29,21
2024-03-27,Wednesday,Lunch,326,Stormy,21,Yes,No,No,309,283,26,14
2024-08-19,Monday,Breakfast,884,Sunny,34,No,No,No,898,855,43,18
2024-03-12,Tuesday,Breakfast,354,Sunny,38,No,No,No,343,295,48,20
2024-04-02,Tuesday,Lunch,216,Stormy,21,Yes,Yes,No,210,136,74,46
2024-02-05,Monday,Breakfast,911,Cloudy,31,No,Yes,No,911,874,37,20
2024-03-11,Monday,Lunch,748,Stormy,27,No,No,No,779,716,63,9
2024-11-18,Monday,Dinner,337,Sunny,35,No,Yes,No,294,211,83,60
2024-12-23,Monday,Breakfast,716,Cloudy,32,Yes,Yes,No,669,655,14,2
2024-06-02,Sunday,Breakfast,891,Cloudy,27,Yes,No,Yes,915,908,7,4
2024-01-11,Thursday,Lunch,801,Cloudy,29,Yes,Yes,No,846,796,50,30
2024-09-13,Friday,Dinner,744,Rainy,25,No,Yes,No,779,728,51,30
2024-03-18,Monday,Breakfast,915,Cloudy,28,Yes,Yes,No,930,858,72,10
2024-03-25,Monday,Lunch,489,Sunny,34,No,Yes,No,467,463,4,2
2024-12-04,Wednesday,Lunch,425,Rainy,22,Yes,No,No,421,378,43,31
2024-03-12,Tuesday,Breakfast,300,Cloudy,28,No,No,No,286,281,5,2
2024-08-07,Wednesday,Breakfast,508,Sunny,37,No,Yes,No,476,426,50,24
2024-04-20,Saturday,Breakfast,528,Cloudy,30,No,No,Yes,490,425,65,58
2024-01-13,Saturday,Lunch,322,Stormy,23,Yes,No,Yes,291,201,90,64
2024-11-17,Sunday,Breakfast,1000,Cloudy,28,Yes,Yes,Yes,1033,1024,9,3
2024-05-10,Friday,Dinner,415,Sunny,32,Yes,Yes,No,454,440,14,8
2024-10-13,Sunday,Dinner,996,Cloudy,32,No,Yes,Yes,971,968,3,3
2024-04-08,Monday,Lunch,406,Rainy,24,No,No,No,392,319,73,21
2024-05-15,Wednesday,Dinner,994,Stormy,25,Yes,No,No,989,957,32,32
2024-10-21,Monday,Lunch,443,Stormy,24,No,Yes,No,450,442,8,3
2024-04-04,Thursday,Dinner,566,Sunny,40,No,No,No,585,541,44,0
2024-12-01,Sunday,Lunch,754,Cloudy,29,Yes,No,Yes,782,731,51,47
2024-01-30,Tuesday,Dinner,553,Rainy,29,No,No,No,524,451,73,1
2024-09-03,Tuesday,Breakfast,262,Rainy,23,No,No,No,254,233,21,18
2024-09-22,Sunday,Dinner,306,Cloudy,29,Yes,Yes,Yes,274,190,84,41
2024-07-20,Saturday,Dinner,313,Rainy,28,No,No,Yes,344,251,93,9
2024-06-30,Sunday,Breakfast,403,Rainy,27,No,Yes,Yes,365,292,73,5
2024-07-05,Friday,Dinner,977,Cloudy,32,No,Yes,No,1025,935,90,66
2024-01-14,Sunday,Lunch,306,Stormy,21,Yes,No,Yes,292,219,73,5
2024-05-07,Tuesday,Dinner,686,Cloudy,25,No,No,No,715,684,31,19
2024-03-15,Friday,Lunch,733,Rainy,26,No,Yes,No,761,686,75,44
2024-11-11,Monday,Dinner,784,Sunny,38,No,Yes,No,819,779,40,26
2024-11-01,Friday,Lunch,846,Stormy,27,Yes,No,No,876,841,35,21
2024-03-21,Thursday,Breakfast,313,Cloudy,27,Yes,Yes,No,333,332,1,0
2024-12-04,Wednesday,Lunch,787,Stormy,21,No,No,No,822,757,65,52
2024-03-30,Saturday,Breakfast,698,Cloudy,26,Yes,No,Yes,706,645,61,57
2024-02-03,Saturday,Lunch,321,Stormy,25,Yes,Yes,Yes,329,325,4,4
2024-08-12,Monday,Lunch,616,Cloudy,32,No,No,No,659,640,19,15
2024-04-29,Monday,Breakfast,796,Rainy,25,Yes,No,No,816,753,63,16
2024-08-12,Monday,Dinner,733,Sunny,40,Yes,Yes,No,711,673,38,21
2024-05-07,Tuesday,Breakfast,428,Stormy,26,Yes,Yes,No,475,442,33,14
2024-05-14,Tuesday,Breakfast,571,Rainy,24,Yes,No,No,521,427,94,68
2024-01-17,Wednesday,Dinner,622,Rainy,30,No,Yes,No,629,587,42,13
2024-09-10,Tuesday,Dinner,901,Cloudy,26,No,No,No,889,852,37,26
2024-05-22,Wednesday,Lunch,798,Cloudy,31,Yes,No,No,839,780,59,26
2024-03-22,Friday,Lunch,216,Stormy,20,Yes,Yes,No,223,132,91,79
2024-04-13,Saturday,Breakfast,908,Stormy,23,No,Yes,Yes,858,845,13,7
2024-03-14,Thursday,Breakfast,702,Rainy,27,No,No,No,750,694,56,24
2024-04-26,Friday,Lunch,670,Sunny,39,No,No,No,716,699,17,7
2024-01-20,Saturday,Lunch,932,Rainy,24,Yes,Yes,Yes,915,815,100,44
2024-07-08,Monday,Lunch,232,Rainy,26,No,No,No,216,144,72,65
2024-10-07,Monday,Breakfast,782,Rainy,25,Yes,Yes,No,785,746,39,34
2024-12-15,Sunday,Dinner,209,Stormy,22,No,No,Yes,202,195,7,5
2024-03-23,Saturday,Lunch,720,Cloudy,32,No,Yes,Yes,763,750,13,0
2024-08-20,Tuesday,Lunch,664,Rainy,22,Yes,No,No,620,528,92,54
2024-10-05,Saturday,Breakfast,252,Cloudy,31,Yes,Yes,Yes,235,157,78,1
2024-04-11,Thursday,Lunch,648,Rainy,30,Yes,No,No,661,604,57,28
2024-10-03,Thursday,Lunch,275,Stormy,22,Yes,No,No,258,243,15,13
2024-08-02,Friday,Dinner,371,Sunny,35,Yes,Yes,No,412,375,37,1
2024-07-04,Thursday,Dinner,556,Cloudy,27,Yes,No,No,578,535,43,24
2024-12-21,Saturday,Breakfast,633,Rainy,22,Yes,No,Yes,659,644,15,1
2024-10-10,Thursday,Lunch,590,Stormy,20,Yes,No,No,560,522,38,20
2024-02-17,Saturday,Lunch,837,Cloudy,27,No,No,Yes,801,792,9,5
2024-12-28,Saturday,Breakfast,782,Rainy,26,Yes,No,Yes,778,733,45,11
2024-06-21,Friday,Lunch,818,Rainy,23,No,Yes,No,862,848,14,0
2024-11-06,Wednesday,Dinner,354,Stormy,25,Yes,Yes,No,333,256,77,17
2024-02-15,Thursday,Breakfast,588,Stormy,25,No,Yes,No,634,546,88,38
2024-06-11,Tuesday,Lunch,965,Rainy,22,Yes,Yes,No,977,974,3,0
2024-05-26,Sunday,Breakfast,484,Sunny,33,No,No,Yes,530,510,20,1
2024-12-31,Tuesday,Dinner,874,Cloudy,31,No,Yes,No,883,847,36,3
2024-12-28,Saturday,Dinner,914,Stormy,22,Yes,No,Yes,874,791,83,59
2024-04-21,Sunday,Dinner,564,Sunny,30,No,Yes,Yes,600,516,84,79
2024-03-07,Thursday,Breakfast,823,Stormy,26,No,No,No,839,812,27,0
2024-10-20,Sunday,Lunch,243,Cloudy,25,Yes,No,Yes,245,233,12,4
2024-02-22,Thursday,Lunch,317,Rainy,26,No,Yes,No,365,324,41,5
2024-09-23,Monday,Dinner,762,Stormy,26,Yes,No,No,800,762,38,26
2024-08-26,Monday,Dinner,782,Rainy,23,Yes,Yes,No,778,697,81,76
2024-02-11,Sunday,Breakfast,460,Sunny,32,No,Yes,Yes,475,459,16,5
2024-09-28,Saturday,Breakfast,937,Rainy,25,Yes,Yes,Yes,956,904,52,44
2024-06-12,Wednesday,Lunch,913,Sunny,34,No,No,No,921,889,32,1
2024-06-04,Tuesday,Breakfast,634,Sunny,37,No,Yes,No,606,565,41,17
2024-03-18,Monday,Dinner,684,Stormy,20,Yes,No,No,640,634,6,3
2024-05-07,Tuesday,Dinner,597,Rainy,24,Yes,No,No,640,574,66,46
2024-12-19,Thursday,Lunch,755,Rainy,28,Yes,Yes,No,722,641,81,59
2024-08-12,Monday,Dinner,940,Cloudy,33,Yes,Yes,No,912,839,73,21
2024-03-14,Thursday,Dinner,750,Rainy,25,Yes,Yes,No,792,773,19,8
2024-07-11,Thursday,Dinner,552,Cloudy,32,No,No,No,512,460,52,9
2024-01-10,Wednesday,Lunch,668,Rainy,26,No,No,No,649,592,57,3
2024-04-08,Monday,Lunch,888,Stormy,20,Yes,No,No,907,855,52,4
2024-05-20,Monday,Lunch,505,Rainy,29,Yes,No,No,504,409,95,54
2024-03-06,Wednesday,Dinner,960,Sunny,34,No,No,No,933,850,83,16
2024-11-14,Thursday,Breakfast,890,Cloudy,27,Yes,Yes,No,916,878,38,18
2024-02-18,Sunday,Breakfast,380,Cloudy,33,No,No,Yes,335,257,78,10
2024-04-11,Thursday,Lunch,884,Sunny,37,No,No,No,870,821,49,16
2024-10-30,Wednesday,Lunch,781,Sunny,37,Yes,No,No,783,759,24,21
2024-02-24,Saturday,Lunch,988,Cloudy,32,No,No,Yes,940,900,40,10
2024-08-08,Thursday,Breakfast,698,Rainy,24,No,No,No,684,612,72,0
2024-03-22,Friday,Lunch,275,Stormy,27,Yes,No,No,310,277,33,2
2024-03-31,Sunday,Breakfast,966,Stormy,20,No,No,Yes,967,883,84,81
2024-02-22,Thursday,Dinner,927,Rainy,29,No,No,No,962,863,99,23
2024-01-30,Tuesday,Dinner,911,Cloudy,32,Yes,Yes,No,922,828,94,79
2024-08-05,Monday,Breakfast,372,Sunny,32,Yes,No,No,342,251,91,5
2024-05-10,Friday,Dinner,465,Cloudy,26,No,Yes,No,481,467,14,3
2024-03-26,Tuesday,Dinner,423,Rainy,22,No,Yes,No,415,388,27,22
2024-09-09,Monday,Breakfast,483,Cloudy,26,Yes,No,No,529,462,67,14
2024-11-27,Wednesday,Dinner,603,Stormy,21,Yes,No,No,584,523,61,20
2024-07-29,Monday,Lunch,219,Cloudy,31,No,No,No,240,226,14,2
2024-10-04,Friday,Lunch,598,Rainy,30,Yes,Yes,No,598,583,15,3
2024-01-03,Wednesday,Lunch,264,Rainy,23,Yes,No,No,288,243,45,21
2024-10-09,Wednesday,Dinner,466,Sunny,37,Yes,Yes,No,489,486,3,2
2024-02-29,Thursday,Dinner,738,Cloudy,30,Yes,Yes,No,785,690,95,67
2024-04-01,Monday,Dinner,637,Cloudy,25,Yes,No,No,632,617,15,9
2024-05-02,Thursday,Breakfast,551,Stormy,26,No,No,No,585,537,48,20
2024-12-22,Sunday,Lunch,954,Cloudy,27,Yes,No,Yes,949,866,83,0
2024-04-15,Monday,Dinner,750,Sunny,32,Yes,Yes,No,758,700,58,18
2024-05-23,Thursday,Dinner,715,Stormy,26,Yes,Yes,No,690,636,54,21
2024-05-12,Sunday,Lunch,917,Stormy,20,No,Yes,Yes,967,908,59,29
2024-03-21,Thursday,Breakfast,336,Cloudy,29,Yes,No,No,304,224,80,41
2024-05-02,Thursday,Lunch,371,Cloudy,29,No,Yes,No,421,350,71,51
2024-02-29,Thursday,Breakfast,773,Stormy,20,Yes,No,No,792,705,87,15
2024-11-10,Sunday,Dinner,557,Rainy,24,No,Yes,Yes,595,501,94,13
2024-07-14,Sunday,Lunch,610,Stormy,27,No,No,Yes,610,562,48,44
2024-12-11,Wednesday,Breakfast,791,Sunny,36,Yes,No,No,771,705,66,23
2024-08-12,Monday,Breakfast,866,Stormy,27,Yes,Yes,No,889,815,74,54
2024-06-20,Thursday,Dinner,573,Cloudy,26,Yes,No,No,559,493,66,6
2024-09-28,Saturday,Dinner,501,Cloudy,32,No,Yes,Yes,467,459,8,8
2024-03-19,Tuesday,Breakfast,767,Rainy,23,No,No,No,788,728,60,58
2024-04-25,Thursday,Dinner,757,Sunny,30,No,Yes,No,707,667,40,30
2024-04-29,Monday,Lunch,952,Rainy,22,No,Yes,No,975,894,81,40
2024-10-06,Sunday,Lunch,681,Cloudy,33,No,Yes,Yes,710,654,56,52
2024-10-26,Saturday,Breakfast,427,Stormy,21,No,Yes,Yes,421,360,61,4
2024-04-17,Wednesday,Breakfast,771,Stormy,22,No,No,No,772,691,81,81
2024-09-08,Sunday,Lunch,334,Stormy,27,Yes,Yes,Yes,340,252,88,44
2024-08-05,Monday,Lunch,485,Rainy,27,Yes,No,No,492,428,64,31
2024-04-07,Sunday,Breakfast,718,Cloudy,25,Yes,No,Yes,745,661,84,37
2024-08-04,Sunday,Lunch,899,Stormy,20,No,No,Yes,876,801,75,14
2024-08-07,Wednesday,Lunch,361,Stormy,23,No,Yes,No,346,291,55,55
2024-03-05,Tuesday,Dinner,878,Cloudy,27,No,Yes,No,865,858,7,2
2024-10-01,Tuesday,Breakfast,515,Sunny,33,Yes,No,No,544,446,98,83
2024-08-14,Wednesday,Lunch,880,Sunny,30,Yes,No,No,914,878,36,27
2024-05-31,Friday,Lunch,494,Cloudy,29,Yes,Yes,No,523,442,81,23
2024-12-30,Monday,Breakfast,282,Cloudy,26,Yes,Yes,No,290,259,31,27
2024-08-31,Saturday,Breakfast,682,Sunny,31,No,No,Yes,649,634,15,7
2024-09-22,Sunday,Breakfast,730,Stormy,25,Yes,No,Yes,744,737,7,4
2024-06-11,Tuesday,Breakfast,533,Rainy,24,Yes,No,No,553,488,65,23
2024-08-02,Friday,Lunch,718,Stormy,21,No,No,No,723,719,4,0
2024-06-07,Friday,Lunch,793,Rainy,23,Yes,Yes,No,840,746,94,22
2024-05-11,Saturday,Breakfast,424,Rainy,22,No,Yes,Yes,427,358,69,64
2024-07-29,Monday,Dinner,667,Cloudy,33,Yes,Yes,No,688,590,98,69
2024-05-27,Monday,Lunch,939,Rainy,26,Yes,Yes,No,963,929,34,23
2024-10-01,Tuesday,Dinner,269,Sunny,35,No,No,No,251,186,65,0
2024-12-08,Sunday,Dinner,714,Stormy,28,No,No,Yes,726,628,98,60
2024-06-14,Friday,Dinner,877,Cloudy,33,No,Yes,No,841,765,76,11
2024-04-01,Monday,Lunch,618,Rainy,27,No,No,No,668,598,70,59
2024-08-19,Monday,Dinner,568,Cloudy,25,No,No,No,610,521,89,1
2024-10-09,Wednesday,Lunch,748,Sunny,36,No,Yes,No,741,675,66,46
2024-08-05,Monday,Lunch,231,Cloudy,25,No,No,No,218,194,24,22
2024-03-14,Thursday,Breakfast,966,Cloudy,31,Yes,No,No,942,915,27,20
2024-03-14,Thursday,Breakfast,371,Stormy,21,No,No,No,328,283,45,12
2024-08-20,Tuesday,Breakfast,633,Sunny,38,Yes,No,No,646,646,0,0
2024-06-25,Tuesday,Dinner,903,Sunny,32,Yes,Yes,No,879,828,51,45
2024-06-24,Monday,Lunch,449,Stormy,27,No,No,No,452,400,52,49
2024-07-22,Monday,Breakfast,861,Rainy,23,Yes,No,No,865,845,20,19
2024-09-22,Sunday,Breakfast,987,Stormy,22,No,Yes,Yes,1022,945,77,28
2024-06-02,Sunday,Breakfast,761,Stormy,23,Yes,Yes,Yes,761,666,95,13
2024-11-09,Saturday,Breakfast,995,Stormy,23,No,No,Yes,983,911,72,41
2024-03-13,Wednesday,Dinner,477,Rainy,29,No,No,No,437,425,12,6
2024-03-19,Tuesday,Dinner,740,Cloudy,30,Yes,No,No,752,747,5,3
2024-12-26,Thursday,Dinner,227,Stormy,26,Yes,No,No,187,162,25,20
2024-03-04,Monday,Lunch,749,Rainy,29,Yes,No,No,719,668,51,46
2024-01-13,Saturday,Lunch,367,Sunny,34,No,Yes,Yes,385,338,47,1
2024-12-26,Thursday,Breakfast,281,Cloudy,30,No,Yes,No,311,225,86,44
2024-05-01,Wednesday,Dinner,462,Cloudy,33,Yes,No,No,426,350,76,29
2024-02-28,Wednesday,Dinner,847,Stormy,23,Yes,Yes,No,801,753,48,38
2024-06-02,Sunday,Lunch,949,Rainy,24,Yes,No,Yes,975,953,22,16
2024-06-17,Monday,Breakfast,664,Rainy,22,Yes,Yes,No,695,621,74,43
2024-02-18,Sunday,Lunch,909,Rainy,27,No,Yes,Yes,904,856,48,6
2024-07-21,Sunday,Lunch,522,Stormy,20,Yes,No,Yes,517,452,65,36
2024-08-18,Sunday,Lunch,929,Cloudy,28,Yes,No,Yes,934,876,58,25
2024-10-03,Thursday,Lunch,814,Stormy,21,No,No,No,821,778,43,25
2024-08-19,Monday,Breakfast,409,Stormy,26,Yes,No,No,403,389,14,3
2024-05-11,Saturday,Lunch,989,Sunny,30,Yes,No,Yes,940,857,83,63
2024-05-08,Wednesday,Breakfast,626,Rainy,28,Yes,No,No,640,636,4,2
2024-11-02,Saturday,Breakfast,232,Stormy,25,No,Yes,Yes,264,264,0,0
2024-04-20,Saturday,Dinner,785,Stormy,21,Yes,No,Yes,754,748,6,2
2024-08-02,Friday,Breakfast,410,Sunny,33,Yes,Yes,No,410,394,16,3
2024-05-11,Saturday,Breakfast,348,Sunny,35,No,No,Yes,316,283,33,17
2024-05-03,Friday,Dinner,309,Stormy,21,Yes,Yes,No,273,173,100,83
2024-05-28,Tuesday,Dinner,363,Sunny,30,No,Yes,No,359,333,26,22
2024-01-30,Tuesday,Lunch,249,Stormy,24,No,No,No,223,210,13,10
2024-06-03,Monday,Lunch,801,Rainy,28,Yes,No,No,761,721,40,24
2024-06-23,Sunday,Breakfast,991,Cloudy,30,Yes,Yes,Yes,1032,940,92,78
2024-11-26,Tuesday,Lunch,415,Cloudy,26,Yes,Yes,No,387,315,72,35
2024-04-19,Friday,Lunch,511,Stormy,21,Yes,No,No,561,495,66,32
2024-08-07,Wednesday,Lunch,992,Sunny,36,Yes,No,No,1028,1028,0,0
2024-06-01,Saturday,Breakfast,296,Stormy,24,Yes,Yes,Yes,305,239,66,5
2024-04-12,Friday,Breakfast,484,Cloudy,31,No,Yes,No,485,395,90,77
2024-06-03,Monday,Dinner,973,Rainy,26,No,Yes,No,978,914,64,48
2024-03-05,Tuesday,Breakfast,246,Sunny,40,No,Yes,No,272,254,18,3
2024-04-03,Wednesday,Breakfast,520,Rainy,28,No,Yes,No,526,521,5,5
2024-09-27,Friday,Dinner,660,Rainy,26,No,No,No,708,686,22,17
2024-03-19,Tuesday,Breakfast,302,Stormy,27,Yes,Yes,No,318,263,55,32
2024-07-31,Wednesday,Dinner,340,Stormy,28,No,Yes,No,385,307,78,46
2024-10-01,Tuesday,Lunch,353,Stormy,22,No,Yes,No,402,320,82,28
2024-01-21,Sunday,Dinner,475,Stormy,28,No,No,Yes,444,361,83,60
2024-08-15,Thursday,Dinner,659,Rainy,28,Yes,No,No,680,615,65,50
2024-11-27,Wednesday,Breakfast,591,Cloudy,31,Yes,No,No,552,536,16,5
2024-03-28,Thursday,Lunch,237,Stormy,21,No,Yes,No,267,262,5,2
2024-09-20,Friday,Breakfast,287,Cloudy,25,No,Yes,No,327,266,61,54
2024-02-02,Friday,Dinner,701,Stormy,22,Yes,No,No,669,606,63,28
2024-07-31,Wednesday,Lunch,764,Stormy,23,Yes,Yes,No,752,699,53,17
2024-12-19,Thursday,Breakfast,961,Stormy,20,No,Yes,No,949,940,9,9
2024-07-08,Monday,Lunch,986,Rainy,26,Yes,Yes,No,998,918,80,17
2024-05-21,Tuesday,Lunch,892,Rainy,26,Yes,No,No,887,850,37,34
2024-07-10,Wednesday,Lunch,749,Rainy,28,No,No,No,766,705,61,36
2024-12-30,Monday,Breakfast,526,Rainy,28,Yes,Yes,No,502,465,37,29
2024-09-06,Friday,Dinner,658,Sunny,31,No,Yes,No,666,643,23,21
2024-12-11,Wednesday,Breakfast,790,Stormy,24,Yes,No,No,803,756,47,12
2024-11-03,Sunday,Breakfast,593,Cloudy,32,Yes,No,Yes,599,581,18,14
2024-01-31,Wednesday,Lunch,787,Stormy,20,Yes,Yes,No,830,796,34,28
2024-02-08,Thursday,Lunch,998,Sunny,37,Yes,No,No,1043,947,96,57
2024-12-23,Monday,Dinner,698,Sunny,33,Yes,No,No,747,698,49,3
2024-11-20,Wednesday,Lunch,840,Sunny,40,No,Yes,No,862,766,96,47
2024-08-13,Tuesday,Breakfast,608,Stormy,26,No,Yes,No,606,572,34,7
2024-11-03,Sunday,Breakfast,514,Sunny,31,No,Yes,Yes,471,388,83,27
2024-04-11,Thursday,Lunch,492,Sunny,38,No,Yes,No,530,517,13,1
2024-01-25,Thursday,Breakfast,990,Rainy,29,No,Yes,No,978,978,0,0
2024-10-22,Tuesday,Breakfast,259,Sunny,30,No,No,No,246,237,9,3
2024-04-19,Friday,Dinner,797,Cloudy,30,No,No,No,787,745,42,4
2024-10-17,Thursday,Breakfast,661,Stormy,20,No,No,No,643,613,30,20
2024-11-12,Tuesday,Lunch,307,Rainy,23,No,Yes,No,279,277,2,2
2024-03-03,Sunday,Lunch,470,Sunny,31,Yes,No,Yes,513,513,0,0
2024-09-16,Monday,Dinner,871,Cloudy,26,Yes,Yes,No,887,788,99,72
2024-08-07,Wednesday,Breakfast,833,Rainy,23,No,No,No,870,798,72,12
2024-02-03,Saturday,Dinner,896,Cloudy,29,No,No,Yes,940,881,59,31
2024-03-24,Sunday,Lunch,647,Sunny,38,Yes,No,Yes,650,552,98,8
2024-10-11,Friday,Lunch,871,Rainy,24,Yes,No,No,892,849,43,38
2024-11-14,Thursday,Lunch,424,Rainy,29,No,Yes,No,414,403,11,8
2024-08-03,Saturday,Dinner,498,Stormy,24,Yes,No,Yes,519,481,38,15
2024-10-01,Tuesday,Breakfast,875,Sunny,30,Yes,No,No,843,764,79,42
2024-07-13,Saturday,Dinner,695,Sunny,31,Yes,Yes,Yes,698,646,52,28
2024-05-01,Wednesday,Lunch,999,Stormy,23,No,No,No,983,915,68,68
2024-06-07,Friday,Dinner,672,Stormy,22,No,No,No,643,567,76,19
2024-06-04,Tuesday,Breakfast,279,Stormy,24,No,No,No,242,166,76,61
2024-05-31,Friday,Lunch,257,Cloudy,27,Yes,Yes,No,303,300,3,1
2024-01-30,Tuesday,Breakfast,443,Cloudy,31,Yes,No,No,434,426,8,2
2024-01-08,Monday,Lunch,555,Cloudy,32,Yes,No,No,597,567,30,6
2024-05-13,Monday,Breakfast,546,Stormy,28,Yes,No,No,515,424,91,21
2024-01-26,Friday,Lunch,758,Rainy,29,No,No,No,771,703,68,48
2024-09-28,Saturday,Lunch,206,Sunny,32,No,Yes,Yes,230,168,62,2
2024-03-18,Monday,Lunch,440,Rainy,30,Yes,No,No,433,418,15,8
2024-02-24,Saturday,Dinner,201,Rainy,30,Yes,No,Yes,167,139,28,6
2024-01-12,Friday,Lunch,665,Sunny,37,No,No,No,693,616,77,40
2024-01-11,Thursday,Lunch,549,Cloudy,29,Yes,No,No,548,493,55,7
2024-03-15,Friday,Dinner,706,Stormy,27,No,No,No,708,707,1,0
2024-05-29,Wednesday,Breakfast,420,Sunny,39,No,No,No,391,379,12,10
2024-06-15,Saturday,Lunch,928,Cloudy,28,Yes,Yes,Yes,972,907,65,44
2024-06-05,Wednesday,Lunch,317,Cloudy,26,No,Yes,No,310,229,81,51
2024-03-11,Monday,Dinner,746,Sunny,34,No,Yes,No,751,711,40,31
2024-10-24,Thursday,Breakfast,915,Sunny,39,No,No,No,882,864,18,10
2024-09-02,Monday,Lunch,953,Stormy,21,Yes,No,No,990,900,90,9
2024-08-27,Tuesday,Lunch,543,Rainy,25,Yes,No,No,571,529,42,4
2024-12-25,Wednesday,Breakfast,918,Stormy,22,Yes,Yes,No,902,881,21,9
2024-05-25,Saturday,Breakfast,284,Stormy,28,No,No,Yes,246,234,12,12
2024-08-19,Monday,Dinner,547,Stormy,24,Yes,No,No,501,449,52,2
2024-11-12,Tuesday,Breakfast,347,Stormy,20,No,No,No,375,323,52,15
2024-05-25,Saturday,Lunch,409,Stormy,20,Yes,Yes,Yes,405,400,5,3
2024-06-21,Friday,Dinner,805,Cloudy,33,Yes,No,No,842,785,57,27
2024-11-02,Saturday,Breakfast,386,Stormy,25,No,No,Yes,354,282,72,30
2024-06-27,Thursday,Lunch,865,Sunny,31,Yes,Yes,No,822,741,81,27
2024-08-29,Thursday,Dinner,355,Cloudy,30,Yes,Yes,No,347,266,81,61
2024-02-27,Tuesday,Dinner,669,Rainy,27,Yes,Yes,No,695,609,86,50
2024-01-21,Sunday,Dinner,708,Cloudy,32,Yes,No,Yes,745,688,57,36
2024-09-26,Thursday,Breakfast,790,Sunny,33,Yes,No,No,826,799,27,3
2024-06-08,Saturday,Dinner,752,Cloudy,32,No,Yes,Yes,768,701,67,40
2024-01-14,Sunday,Lunch,559,Cloudy,32,Yes,Yes,Yes,537,447,90,13
2024-07-08,Monday,Breakfast,794,Sunny,36,No,No,No,813,795,18,8
2024-07-26,Friday,Dinner,839,Cloudy,28,Yes,No,No,882,857,25,14
2024-07-31,Wednesday,Breakfast,441,Cloudy,30,Yes,Yes,No,436,424,12,3
2024-07-02,Tuesday,Breakfast,458,Rainy,23,Yes,No,No,452,397,55,22
2024-12-19,Thursday,Breakfast,319,Cloudy,26,Yes,Yes,No,322,297,25,5
2024-06-04,Tuesday,Lunch,338,Cloudy,29,No,Yes,No,334,272,62,21
2024-04-16,Tuesday,Breakfast,402,Cloudy,30,Yes,No,No,451,431,20,16
2024-12-17,Tuesday,Dinner,478,Stormy,23,No,No,No,465,383,82,82
2024-04-28,Sunday,Dinner,811,Sunny,30,Yes,Yes,Yes,800,744,56,19
2024-08-02,Friday,Breakfast,227,Cloudy,33,No,No,No,277,223,54,54
2024-10-09,Wednesday,Breakfast,722,Stormy,25,No,Yes,No,728,644,84,26
2024-08-04,Sunday,Dinner,618,Cloudy,25,No,No,Yes,602,504,98,55
2024-08-03,Saturday,Lunch,334,Cloudy,32,No,No,Yes,285,251,34,6
2024-05-02,Thursday,Breakfast,706,Sunny,33,Yes,No,No,747,672,75,5
2024-01-17,Wednesday,Breakfast,509,Rainy,26,No,Yes,No,521,430,91,32
2024-07-12,Friday,Breakfast,988,Cloudy,27,Yes,Yes,No,958,888,70,55
2024-09-23,Monday,Breakfast,853,Rainy,27,Yes,No,No,885,859,26,14
2024-03-30,Saturday,Breakfast,726,Sunny,30,No,No,Yes,763,754,9,5
2024-07-30,Tuesday,Lunch,926,Stormy,28,Yes,No,No,962,950,12,4
2024-02-14,Wednesday,Breakfast,251,Rainy,22,Yes,Yes,No,226,191,35,34
2024-07-10,Wednesday,Breakfast,453,Rainy,29,Yes,No,No,444,423,21,4
2024-06-08,Saturday,Breakfast,204,Rainy,29,Yes,No,Yes,234,199,35,31
2024-12-03,Tuesday,Dinner,907,Cloudy,29,No,No,No,914,827,87,25
2024-02-06,Tuesday,Breakfast,989,Cloudy,29,No,Yes,No,957,917,40,14
2024-10-24,Thursday,Lunch,690,Rainy,30,No,Yes,No,683,647,36,6
2024-05-16,Thursday,Lunch,758,Rainy,27,Yes,Yes,No,792,709,83,73
2024-10-17,Thursday,Dinner,417,Sunny,39,No,Yes,No,372,303,69,29
2024-03-31,Sunday,Dinner,710,Stormy,24,No,Yes,Yes,719,704,15,0
2024-11-14,Thursday,Lunch,379,Stormy,23,Yes,No,No,355,272,83,83
2024-04-01,Monday,Lunch,363,Cloudy,28,Yes,No,No,377,366,11,0
2024-04-25,Thursday,Breakfast,696,Sunny,34,No,Yes,No,671,606,65,49
2024-02-09,Friday,Dinner,952,Cloudy,25,No,Yes,No,912,852,60,44
2024-10-20,Sunday,Breakfast,623,Rainy,28,No,No,Yes,628,595,33,15
2024-06-30,Sunday,Breakfast,806,Cloudy,33,No,No,Yes,791,756,35,1
2024-03-16,Saturday,Lunch,969,Stormy,24,Yes,No,Yes,960,867,93,22
2024-02-10,Saturday,Dinner,200,Sunny,37,Yes,Yes,Yes,184,104,80,60
2024-03-30,Saturday,Breakfast,911,Rainy,28,No,Yes,Yes,954,909,45,9
2024-11-02,Saturday,Lunch,410,Cloudy,26,Yes,No,Yes,420,371,49,14
2024-11-13,Wednesday,Lunch,383,Cloudy,31,Yes,No,No,428,396,32,14
2024-08-04,Sunday,Lunch,438,Cloudy,26,Yes,Yes,Yes,480,410,70,34
2024-04-13,Saturday,Breakfast,620,Rainy,29,Yes,Yes,Yes,602,505,97,64
2024-10-30,Wednesday,Lunch,628,Cloudy,25,Yes,Yes,No,582,488,94,53
2024-12-22,Sunday,Lunch,503,Sunny,37,Yes,No,Yes,539,456,83,69
2024-02-09,Friday,Dinner,901,Stormy,28,Yes,Yes,No,856,798,58,28
2024-08-20,Tuesday,Dinner,990,Stormy,22,No,No,No,1034,1016,18,5
2024-05-23,Thursday,Breakfast,668,Stormy,26,Yes,Yes,No,637,575,62,48
2024-10-12,Saturday,Breakfast,488,Cloudy,26,No,No,Yes,532,434,98,95
2024-11-24,Sunday,Breakfast,232,Sunny,31,Yes,No,Yes,254,170,84,57
2024-10-25,Friday,Breakfast,773,Sunny,36,No,No,No,765,716,49,9
2024-11-04,Monday,Dinner,919,Rainy,30,No,Yes,No,888,808,80,76
2024-12-14,Saturday,Dinner,973,Rainy,23,No,No,Yes,1016,954,62,36
2024-07-22,Monday,Breakfast,817,Sunny,34,Yes,Yes,No,777,734,43,21
2024-02-09,Friday,Lunch,654,Cloudy,33,No,No,No,644,582,62,61
2024-01-18,Thursday,Lunch,634,Cloudy,27,No,Yes,No,647,561,86,40
2024-09-04,Wednesday,Dinner,703,Stormy,28,No,No,No,731,714,17,16
2024-08-27,Tuesday,Breakfast,896,Rainy,26,No,No,No,893,805,88,19
2024-02-01,Thursday,Lunch,262,Sunny,35,Yes,Yes,No,312,216,96,19
2024-01-10,Wednesday,Dinner,619,Sunny,31,Yes,No,No,652,580,72,14
2024-12-24,Tuesday,Dinner,531,Stormy,20,Yes,Yes,No,541,476,65,57
2024-03-09,Saturday,Lunch,562,Rainy,29,No,Yes,Yes,562,515,47,3
2024-09-12,Thursday,Dinner,260,Rainy,25,Yes,No,No,221,150,71,36
2024-04-05,Friday,Lunch,748,Cloudy,29,Yes,Yes,No,708,705,3,3
2024-09-03,Tuesday,Breakfast,397,Sunny,30,No,No,No,441,414,27,14
2024-04-25,Thursday,Breakfast,321,Stormy,22,Yes,No,No,354,331,23,5
2024-10-07,Monday,Dinner,245,Rainy,23,No,Yes,No,291,251,40,35
2024-08-05,Monday,Lunch,873,Sunny,31,No,No,No,923,848,75,17
2024-03-29,Friday,Breakfast,537,Rainy,26,Yes,Yes,No,576,476,100,20
2024-10-22,Tuesday,Dinner,440,Stormy,26,No,Yes,No,443,383,60,22
2024-05-11,Saturday,Lunch,317,Rainy,25,Yes,Yes,Yes,272,237,35,16
2024-08-11,Sunday,Lunch,851,Cloudy,30,No,No,Yes,864,826,38,3
2024-12-10,Tuesday,Breakfast,315,Stormy,20,Yes,No,No,283,185,98,78
2024-03-19,Tuesday,Lunch,579,Sunny,39,Yes,Yes,No,613,542,71,18
2024-10-31,Thursday,Lunch,549,Stormy,20,Yes,No,No,583,571,12,8
2024-05-16,Thursday,Lunch,790,Rainy,23,Yes,Yes,No,822,794,28,25
2024-08-31,Saturday,Dinner,463,Sunny,31,No,No,Yes,455,399,56,51
2024-11-23,Saturday,Dinner,424,Cloudy,26,Yes,Yes,Yes,378,309,69,38
2024-04-06,Saturday,Breakfast,441,Cloudy,27,No,No,Yes,394,355,39,9
2024-03-08,Friday,Lunch,415,Sunny,40,No,No,No,415,339,76,45
2024-12-16,Monday,Dinner,576,Cloudy,25,Yes,Yes,No,583,562,21,10
2024-07-08,Monday,Dinner,872,Cloudy,29,No,Yes,No,882,878,4,0
2024-03-15,Friday,Dinner,280,Stormy,25,No,No,No,238,143,95,75
2024-04-18,Thursday,Dinner,775,Sunny,35,Yes,Yes,No,812,750,62,8
2024-05-24,Friday,Lunch,893,Sunny,33,Yes,No,No,928,878,50,15
2024-10-11,Friday,Lunch,521,Sunny,36,No,No,No,552,503,49,24
2024-02-04,Sunday,Lunch,511,Sunny,32,No,No,Yes,543,524,19,3
2024-02-24,Saturday,Dinner,307,Rainy,22,Yes,Yes,Yes,353,290,63,45
2024-08-11,Sunday,Dinner,886,Stormy,28,No,Yes,Yes,907,847,60,6
2024-11-27,Wednesday,Lunch,847,Cloudy,25,Yes,No,No,809,764,45,35
2024-06-22,Saturday,Dinner,746,Cloudy,32,Yes,Yes,Yes,701,615,86,20
2024-01-16,Tuesday,Lunch,479,Rainy,25,Yes,Yes,No,441,430,11,8
2024-09-17,Tuesday,Dinner,284,Sunny,36,Yes,No,No,255,202,53,26
2024-04-10,Wednesday,Lunch,566,Stormy,22,Yes,No,No,576,569,7,0
2024-02-22,Thursday,Lunch,424,Sunny,34,Yes,No,No,452,408,44,13
2024-02-29,Thursday,Breakfast,607,Rainy,22,Yes,No,No,565,495,70,8
2024-09-13,Friday,Breakfast,233,Cloudy,29,Yes,Yes,No,240,203,37,33
2024-05-06,Monday,Dinner,664,Rainy,22,No,No,No,636,608,28,8
2024-10-13,Sunday,Breakfast,985,Sunny,37,Yes,Yes,Yes,1026,1026,0,0
2024-09-11,Wednesday,Breakfast,449,Sunny,37,Yes,No,No,415,346,69,1
2024-01-08,Monday,Lunch,971,Stormy,20,Yes,Yes,No,1000,976,24,8
2024-12-28,Saturday,Dinner,836,Cloudy,27,Yes,No,Yes,836,836,0,0
2024-09-09,Monday,Dinner,583,Stormy,27,Yes,No,No,618,537,81,3
2024-02-05,Monday,Breakfast,927,Sunny,35,No,No,No,899,876,23,23
2024-12-01,Sunday,Dinner,894,Sunny,38,No,Yes,Yes,880,802,78,64
2024-03-18,Monday,Lunch,503,Sunny,31,Yes,Yes,No,483,435,48,39
2024-03-24,Sunday,Lunch,373,Stormy,27,Yes,Yes,Yes,416,345,71,33
2024-09-26,Thursday,Breakfast,579,Sunny,34,Yes,No,No,572,530,42,28
2024-09-28,Saturday,Breakfast,939,Sunny,35,No,Yes,Yes,962,951,11,3
2024-08-17,Saturday,Breakfast,680,Stormy,27,Yes,Yes,Yes,721,654,67,22
2024-03-22,Friday,Dinner,925,Rainy,25,Yes,Yes,No,924,885,39,27
2024-06-13,Thursday,Lunch,655,Rainy,27,No,No,No,704,605,99,13
2024-02-25,Sunday,Breakfast,525,Cloudy,25,Yes,No,Yes,483,389,94,94
2024-08-08,Thursday,Breakfast,462,Sunny,31,No,Yes,No,491,403,88,64
2024-01-11,Thursday,Dinner,787,Cloudy,27,No,Yes,No,777,697,80,70
2024-03-18,Monday,Lunch,869,Rainy,24,No,Yes,No,868,809,59,6
2024-12-30,Monday,Dinner,655,Cloudy,29,Yes,Yes,No,649,607,42,17
2024-10-02,Wednesday,Breakfast,490,Cloudy,30,No,No,No,537,442,95,2
2024-06-19,Wednesday,Dinner,757,Sunny,33,Yes,Yes,No,710,647,63,9
2024-06-02,Sunday,Lunch,351,Sunny,32,Yes,No,Yes,374,333,41,25
2024-11-13,Wednesday,Breakfast,443,Cloudy,30,No,No,No,401,333,68,42
2024-07-13,Saturday,Lunch,953,Cloudy,33,No,Yes,Yes,974,974,0,0
2024-11-28,Thursday,Breakfast,403,Cloudy,29,No,No,No,370,312,58,34
2024-12-08,Sunday,Breakfast,780,Cloudy,33,Yes,No,Yes,771,749,22,1
2024-07-22,Monday,Dinner,319,Cloudy,28,No,No,No,325,258,67,59
2024-07-17,Wednesday,Breakfast,226,Sunny,34,No,Yes,No,191,98,93,7
2024-04-08,Monday,Breakfast,818,Cloudy,27,Yes,No,No,842,787,55,33
2024-09-16,Monday,Breakfast,292,Rainy,24,Yes,No,No,290,241,49,13
2024-06-15,Saturday,Lunch,983,Cloudy,29,Yes,Yes,Yes,1015,925,90,22
2024-02-06,Tuesday,Breakfast,422,Rainy,26,No,Yes,No,395,395,0,0
2024-09-01,Sunday,Lunch,660,Stormy,24,Yes,No,Yes,641,553,88,42
2024-11-10,Sunday,Breakfast,638,Sunny,35,Yes,Yes,Yes,629,549,80,60
2024-04-29,Monday,Dinner,613,Sunny,35,No,No,No,641,610,31,16
2024-11-23,Saturday,Dinner,431,Rainy,29,Yes,Yes,Yes,477,398,79,20
2024-12-07,Saturday,Breakfast,229,Stormy,28,No,Yes,Yes,217,197,20,18
2024-03-17,Sunday,Breakfast,808,Sunny,30,Yes,Yes,Yes,815,752,63,44
2024-11-19,Tuesday,Breakfast,644,Cloudy,30,Yes,No,No,663,595,68,50
2024-11-08,Friday,Breakfast,681,Cloudy,27,No,No,No,646,556,90,6
2024-11-09,Saturday,Dinner,849,Sunny,36,No,Yes,Yes,809,787,22,1
2024-02-29,Thursday,Breakfast,908,Cloudy,25,No,No,No,875,826,49,47
2024-11-27,Wednesday,Breakfast,434,Rainy,27,No,Yes,No,401,324,77,5
2024-10-26,Saturday,Dinner,544,Cloudy,32,Yes,No,Yes,541,475,66,29
2024-10-05,Saturday,Lunch,552,Sunny,31,No,No,Yes,553,519,34,34
2024-10-24,Thursday,Breakfast,676,Rainy,22,No,No,No,724,698,26,3
2024-08-02,Friday,Dinner,248,Cloudy,31,No,No,No,209,171,38,21
2024-07-29,Monday,Lunch,574,Sunny,33,Yes,No,No,573,486,87,31
2024-10-01,Tuesday,Dinner,726,Rainy,22,Yes,No,No,693,631,62,48
2024-04-08,Monday,Lunch,815,Sunny,33,Yes,No,No,841,810,31,20
2024-03-14,Thursday,Breakfast,330,Cloudy,26,No,No,No,344,279,65,61
2024-11-04,Monday,Lunch,639,Cloudy,30,Yes,No,No,667,586,81,22
2024-10-28,Monday,Dinner,445,Stormy,22,Yes,No,No,461,364,97,70
2024-09-08,Sunday,Lunch,437,Stormy,22,Yes,No,Yes,477,459,18,11
2024-08-03,Saturday,Lunch,997,Sunny,38,Yes,Yes,Yes,989,946,43,8
2024-04-13,Saturday,Breakfast,328,Stormy,28,No,No,Yes,306,294,12,10
2024-10-10,Thursday,Dinner,274,Stormy,23,Yes,No,No,301,202,99,39
2024-08-31,Saturday,Breakfast,460,Cloudy,27,No,Yes,Yes,420,417,3,2
2024-11-09,Saturday,Lunch,401,Rainy,27,No,No,Yes,386,321,65,23
2024-11-08,Friday,Lunch,428,Rainy,28,No,No,No,438,361,77,61
2024-09-01,Sunday,Lunch,874,Cloudy,25,No,Yes,Yes,860,851,9,2
2024-09-11,Wednesday,Breakfast,348,Stormy,23,No,No,No,379,378,1,1
2024-03-29,Friday,Lunch,580,Sunny,36,Yes,Yes,No,577,576,1,0
2024-11-06,Wednesday,Breakfast,393,Cloudy,32,No,Yes,No,344,315,29,13
2024-12-16,Monday,Lunch,964,Cloudy,26,Yes,Yes,No,965,893,72,65
2024-05-31,Friday,Dinner,356,Sunny,34,No,No,No,386,320,66,0
2024-08-15,Thursday,Lunch,521,Sunny,38,Yes,Yes,No,539,456,83,12
2024-10-16,Wednesday,Dinner,260,Sunny,32,No,No,No,310,226,84,59
2024-12-23,Monday,Breakfast,400,Cloudy,30,Yes,No,No,424,366,58,14
2024-07-30,Tuesday,Lunch,230,Stormy,23,No,Yes,No,244,185,59,18
2024-08-10,Saturday,Lunch,388,Cloudy,25,Yes,No,Yes,339,281,58,57
2024-08-01,Thursday,Lunch,417,Stormy,26,Yes,No,No,392,388,4,2
2024-12-18,Wednesday,Dinner,226,Rainy,29,No,No,No,249,182,67,42
2024-04-09,Tuesday,Lunch,876,Rainy,24,No,Yes,No,899,801,98,34
2024-09-01,Sunday,Dinner,421,Stormy,27,No,No,Yes,444,348,96,23
2024-12-15,Sunday,Dinner,223,Stormy,27,Yes,Yes,Yes,219,153,66,21
2024-08-26,Monday,Dinner,825,Stormy,26,No,Yes,No,803,756,47,23
2024-07-05,Friday,Lunch,235,Sunny,36,No,Yes,No,260,171,89,75
2024-01-24,Wednesday,Lunch,577,Rainy,24,No,Yes,No,584,574,10,0
2024-08-03,Saturday,Breakfast,389,Sunny,35,Yes,No,Yes,353,346,7,0
2024-09-26,Thursday,Breakfast,785,Stormy,21,No,Yes,No,795,763,32,20
2024-08-03,Saturday,Lunch,958,Sunny,40,Yes,No,Yes,932,857,75,57
2024-06-25,Tuesday,Breakfast,249,Cloudy,33,Yes,Yes,No,264,215,49,37
2024-05-12,Sunday,Breakfast,446,Rainy,24,Yes,Yes,Yes,457,447,10,6
2024-03-16,Saturday,Lunch,954,Cloudy,31,No,Yes,Yes,957,907,50,15
2024-11-15,Friday,Lunch,924,Sunny,37,Yes,Yes,No,876,853,23,4
2024-06-07,Friday,Dinner,230,Rainy,22,Yes,Yes,No,211,128,83,13
2024-02-05,Monday,Breakfast,476,Cloudy,30,No,No,No,482,427,55,4
2024-05-14,Tuesday,Dinner,235,Sunny,37,Yes,Yes,No,187,109,78,46
2024-10-19,Saturday,Lunch,658,Rainy,24,No,No,Yes,623,586,37,15
2024-12-26,Thursday,Breakfast,831,Cloudy,33,No,No,No,867,851,16,14
2024-10-10,Thursday,Lunch,748,Sunny,37,No,Yes,No,700,650,50,22
2024-03-24,Sunday,Breakfast,289,Stormy,25,Yes,Yes,Yes,269,253,16,2
2024-01-06,Saturday,Dinner,331,Cloudy,29,No,Yes,Yes,345,328,17,10
2024-07-17,Wednesday,Dinner,755,Cloudy,26,Yes,Yes,No,755,722,33,3
2024-10-14,Monday,Lunch,930,Rainy,25,No,No,No,964,878,86,26
2024-09-08,Sunday,Dinner,588,Cloudy,31,Yes,No,Yes,573,511,62,56
2024-07-18,Thursday,Breakfast,442,Sunny,30,No,No,No,461,402,59,37
2024-08-21,Wednesday,Breakfast,859,Cloudy,33,No,No,No,894,855,39,25
2024-08-24,Saturday,Dinner,716,Sunny,35,No,Yes,Yes,723,652,71,24
2024-06-19,Wednesday,Dinner,964,Cloudy,28,No,No,No,951,918,33,18
2024-11-10,Sunday,Breakfast,531,Rainy,25,No,No,Yes,547,485,62,55
2024-02-06,Tuesday,Lunch,682,Stormy,24,No,No,No,689,654,35,35
2024-05-10,Friday,Lunch,226,Sunny,39,Yes,No,No,196,131,65,57
2024-07-06,Saturday,Breakfast,673,Cloudy,29,Yes,Yes,Yes,657,606,51,45
2024-01-04,Thursday,Dinner,976,Rainy,26,No,Yes,No,956,904,52,28
2024-12-11,Wednesday,Dinner,999,Cloudy,28,Yes,Yes,No,1006,921,85,23
2024-09-30,Monday,Lunch,349,Stormy,21,No,Yes,No,364,292,72,64
2024-05-29,Wednesday,Lunch,350,Cloudy,30,Yes,Yes,No,335,317,18,10
2024-06-10,Monday,Breakfast,975,Cloudy,28,No,Yes,No,933,912,21,6
2024-02-22,Thursday,Lunch,502,Sunny,33,No,Yes,No,489,472,17,17
2024-08-21,Wednesday,Dinner,763,Stormy,20,Yes,Yes,No,727,652,75,6
2024-05-12,Sunday,Dinner,490,Stormy,27,No,Yes,Yes,446,376,70,28
2024-08-13,Tuesday,Lunch,978,Stormy,25,Yes,Yes,No,957,893,64,33
2024-02-27,Tuesday,Breakfast,531,Stormy,25,No,No,No,556,466,90,1
2024-11-29,Friday,Lunch,677,Rainy,22,No,Yes,No,633,595,38,12
2024-01-05,Friday,Dinner,715,Stormy,26,Yes,Yes,No,755,667,88,15
2024-06-27,Thursday,Lunch,504,Stormy,24,No,No,No,497,478,19,19
2024-01-24,Wednesday,Dinner,218,Stormy,21,Yes,No,No,267,254,13,12
2024-04-29,Monday,Lunch,657,Rainy,30,Yes,No,No,697,604,93,32
2024-08-15,Thursday,Dinner,840,Cloudy,30,No,No,No,791,788,3,3
2024-10-08,Tuesday,Breakfast,811,Sunny,40,No,Yes,No,765,690,75,44
2024-11-21,Thursday,Lunch,908,Rainy,24,No,No,No,864,860,4,4
2024-07-22,Monday,Breakfast,665,Stormy,21,Yes,No,No,623,588,35,20
2024-11-11,Monday,Breakfast,741,Cloudy,25,No,No,No,707,698,9,7
2024-06-09,Sunday,Breakfast,243,Stormy,26,No,No,Yes,204,106,98,26
2024-03-20,Wednesday,Breakfast,837,Sunny,34,No,Yes,No,885,854,31,14
2024-06-27,Thursday,Breakfast,347,Sunny,40,Yes,Yes,No,354,274,80,56
2024-04-14,Sunday,Breakfast,944,Stormy,20,No,Yes,Yes,915,910,5,4
2024-10-04,Friday,Lunch,274,Sunny,35,No,No,No,323,276,47,2
2024-02-11,Sunday,Dinner,384,Cloudy,32,Yes,Yes,Yes,434,376,58,35
2024-08-19,Monday,Breakfast,524,Sunny,30,Yes,No,No,487,478,9,0
2024-03-17,Sunday,Lunch,682,Rainy,27,Yes,Yes,Yes,642,627,15,7
2024-06-16,Sunday,Breakfast,277,Sunny,36,No,Yes,Yes,295,250,45,3
2024-04-01,Monday,Breakfast,526,Rainy,22,Yes,No,No,533,462,71,44
2024-02-17,Saturday,Breakfast,752,Stormy,27,Yes,Yes,Yes,715,619,96,52
2024-06-02,Sunday,Lunch,632,Stormy,21,No,No,Yes,631,609,22,11
2024-03-06,Wednesday,Breakfast,370,Rainy,22,No,Yes,No,364,285,79,12
2024-02-04,Sunday,Lunch,256,Rainy,22,No,No,Yes,241,177,64,3
2024-03-11,Monday,Breakfast,989,Cloudy,28,Yes,Yes,No,958,918,40,24
2024-05-24,Friday,Lunch,402,Rainy,23,No,Yes,No,358,276,82,37
2024-05-02,Thursday,Breakfast,728,Cloudy,32,Yes,Yes,No,721,711,10,0
2024-02-05,Monday,Lunch,813,Stormy,20,Yes,No,No,809,789,20,19
2024-02-01,Thursday,Dinner,851,Cloudy,32,No,Yes,No,827,780,47,23
2024-10-19,Saturday,Breakfast,808,Sunny,39,No,No,Yes,842,803,39,12
2024-04-05,Friday,Dinner,937,Rainy,30,No,No,No,941,891,50,24
2024-03-11,Monday,Dinner,284,Rainy,25,No,Yes,No,285,221,64,41
2024-02-09,Friday,Breakfast,261,Stormy,26,Yes,Yes,No,296,209,87,61
2024-10-25,Friday,Dinner,709,Stormy,25,Yes,Yes,No,692,662,30,17
2024-05-28,Tuesday,Breakfast,737,Sunny,33,Yes,Yes,No,689,639,50,31
2024-06-11,Tuesday,Lunch,647,Sunny,35,Yes,Yes,No,667,664,3,3
2024-10-04,Friday,Breakfast,375,Cloudy,31,No,No,No,344,328,16,5
2024-11-08,Friday,Breakfast,653,Cloudy,30,Yes,Yes,No,611,527,84,7
2024-10-16,Wednesday,Lunch,472,Rainy,30,No,Yes,No,432,423,9,2
2024-10-21,Monday,Lunch,653,Sunny,36,Yes,No,No,665,573,92,91
2024-04-19,Friday,Dinner,702,Cloudy,25,No,No,No,693,635,58,2
2024-06-03,Monday,Breakfast,951,Cloudy,28,Yes,No,No,922,880,42,8
2024-04-04,Thursday,Lunch,401,Rainy,28,No,Yes,No,413,313,100,53
2024-03-05,Tuesday,Breakfast,323,Stormy,25,Yes,Yes,No,275,178,97,86
2024-08-31,Saturday,Breakfast,787,Rainy,28,Yes,Yes,Yes,836,832,4,4
2024-05-24,Friday,Lunch,460,Stormy,22,No,No,No,437,368,69,64
2024-11-21,Thursday,Lunch,634,Cloudy,32,Yes,Yes,No,673,656,17,4
2024-06-02,Sunday,Lunch,873,Cloudy,26,Yes,Yes,Yes,844,771,73,0
2024-04-13,Saturday,Breakfast,793,Rainy,28,Yes,No,Yes,803,710,93,72
2024-05-17,Friday,Dinner,821,Stormy,25,Yes,Yes,No,819,779,40,4
2024-06-04,Tuesday,Lunch,771,Cloudy,31,Yes,Yes,No,799,765,34,2
2024-01-09,Tuesday,Lunch,913,Sunny,35,Yes,Yes,No,928,858,70,67
2024-01-29,Monday,Dinner,758,Stormy,20,No,No,No,768,701,67,16
2024-08-14,Wednesday,Lunch,239,Sunny,39,No,Yes,No,191,123,68,27
2024-05-08,Wednesday,Lunch,641,Sunny,36,No,No,No,689,671,18,2
2024-08-05,Monday,Lunch,468,Rainy,25,No,Yes,No,499,404,95,1
2024-12-01,Sunday,Breakfast,766,Stormy,23,No,Yes,Yes,798,719,79,8
2024-11-16,Saturday,Breakfast,704,Cloudy,26,No,No,Yes,735,661,74,42
2024-11-30,Saturday,Breakfast,707,Stormy,20,No,Yes,Yes,745,693,52,45
2024-08-18,Sunday,Dinner,492,Cloudy,33,Yes,Yes,Yes,527,459,68,54
2024-08-08,Thursday,Breakfast,371,Sunny,36,No,Yes,No,399,343,56,36
2024-11-20,Wednesday,Lunch,761,Cloudy,33,Yes,Yes,No,799,716,83,77
2024-04-16,Tuesday,Dinner,910,Sunny,32,No,Yes,No,953,868,85,20
2024-11-02,Saturday,Lunch,575,Rainy,27,No,Yes,Yes,530,477,53,14
2024-08-23,Friday,Dinner,701,Rainy,29,No,No,No,694,597,97,76
2024-08-23,Friday,Dinner,397,Sunny,40,Yes,Yes,No,378,291,87,44
2024-09-02,Monday,Breakfast,472,Sunny,34,No,No,No,489,464,25,21
2024-09-06,Friday,Breakfast,512,Sunny,38,No,Yes,No,465,458,7,5
2024-10-05,Saturday,Breakfast,228,Sunny,32,No,Yes,Yes,180,96,84,64
2024-12-03,Tuesday,Dinner,336,Stormy,22,No,Yes,No,338,248,90,68
2024-01-01,Monday,Dinner,694,Cloudy,31,No,No,No,721,668,53,16
2024-11-02,Saturday,Lunch,849,Sunny,32,No,No,Yes,899,832,67,23
2024-05-15,Wednesday,Breakfast,785,Stormy,26,No,Yes,No,798,716,82,17
2024-05-01,Wednesday,Dinner,619,Rainy,24,Yes,No,No,595,525,70,36
2024-02-11,Sunday,Dinner,586,Sunny,30,No,Yes,Yes,600,578,22,15
2024-05-08,Wednesday,Breakfast,971,Sunny,40,No,Yes,No,950,924,26,14
2024-03-07,Thursday,Dinner,417,Stormy,26,No,Yes,No,438,407,31,9
2024-10-07,Monday,Breakfast,539,Stormy,24,No,No,No,493,421,72,30
2024-02-27,Tuesday,Lunch,766,Rainy,27,Yes,No,No,773,715,58,35
2024-10-07,Monday,Lunch,574,Rainy,23,Yes,No,No,537,451,86,26
2024-02-28,Wednesday,Lunch,945,Sunny,39,Yes,Yes,No,896,829,67,41
2024-12-02,Monday,Lunch,437,Cloudy,25,No,Yes,No,456,448,8,7
2024-12-07,Saturday,Dinner,359,Stormy,26,No,Yes,Yes,358,291,67,33
2024-03-09,Saturday,Breakfast,338,Stormy,22,Yes,No,Yes,301,241,60,8
2024-12-12,Thursday,Breakfast,286,Sunny,30,Yes,Yes,No,246,238,8,1
2024-05-16,Thursday,Dinner,754,Cloudy,32,No,Yes,No,709,704,5,4
2024-02-22,Thursday,Breakfast,628,Cloudy,33,No,Yes,No,676,627,49,22
2024-12-24,Tuesday,Lunch,592,Sunny,31,Yes,No,No,639,539,100,8
2024-10-14,Monday,Breakfast,348,Cloudy,31,Yes,No,No,329,321,8,5
2024-02-15,Thursday,Breakfast,462,Stormy,22,Yes,No,No,481,433,48,18
2024-06-22,Saturday,Lunch,984,Cloudy,31,No,Yes,Yes,948,919,29,25
2024-10-03,Thursday,Breakfast,795,Sunny,33,No,No,No,765,750,15,2
2024-04-28,Sunday,Dinner,980,Cloudy,25,Yes,No,Yes,981,887,94,52
2024-06-06,Thursday,Lunch,967,Sunny,34,No,No,No,928,845,83,12
2024-05-22,Wednesday,Breakfast,636,Rainy,29,Yes,No,No,664,618,46,44
2024-05-07,Tuesday,Lunch,215,Rainy,30,No,Yes,No,171,112,59,8
2024-06-06,Thursday,Breakfast,720,Cloudy,28,Yes,No,No,757,666,91,91
2024-08-29,Thursday,Dinner,900,Sunny,35,No,No,No,857,848,9,9
2024-04-26,Friday,Breakfast,322,Stormy,20,Yes,Yes,No,351,320,31,13
2024-09-17,Tuesday,Breakfast,600,Rainy,29,No,No,No,599,588,11,7
2024-06-25,Tuesday,Dinner,529,Stormy,24,Yes,No,No,533,470,63,9
2024-10-25,Friday,Breakfast,412,Cloudy,33,Yes,No,No,366,325,41,8
2024-05-12,Sunday,Lunch,915,Cloudy,32,No,No,Yes,875,872,3,3
2024-07-28,Sunday,Dinner,770,Sunny,33,Yes,No,Yes,744,727,17,15
2024-03-27,Wednesday,Dinner,202,Sunny,32,Yes,No,No,185,132,53,42
2024-08-09,Friday,Breakfast,590,Sunny,37,No,No,No,618,573,45,38
2024-02-23,Friday,Dinner,518,Sunny,32,No,No,No,565,538,27,7
2024-07-07,Sunday,Dinner,775,Sunny,39,Yes,No,Yes,799,788,11,0
2024-11-18,Monday,Dinner,537,Cloudy,25,Yes,No,No,552,454,98,82
2024-05-25,Saturday,Dinner,567,Stormy,27,No,Yes,Yes,530,435,95,19
2024-12-27,Friday,Breakfast,768,Sunny,32,Yes,No,No,733,682,51,9
2024-08-23,Friday,Breakfast,849,Rainy,26,No,Yes,No,877,862,15,6
2024-11-26,Tuesday,Breakfast,770,Cloudy,32,Yes,Yes,No,817,724,93,6
2024-11-19,Tuesday,Breakfast,320,Cloudy,31,Yes,Yes,No,362,321,41,21
2024-06-27,Thursday,Breakfast,864,Rainy,29,Yes,Yes,No,832,785,47,7
2024-10-03,Thursday,Lunch,281,Cloudy,25,No,No,No,234,190,44,34
2024-12-18,Wednesday,Dinner,519,Rainy,23,Yes,No,No,491,411,80,25
2024-10-15,Tuesday,Lunch,548,Rainy,27,Yes,No,No,499,492,7,7
2024-04-17,Wednesday,Breakfast,903,Cloudy,29,Yes,No,No,878,835,43,39
2024-07-15,Monday,Lunch,901,Cloudy,28,No,Yes,No,885,831,54,6
2024-01-26,Friday,Breakfast,964,Sunny,39,No,Yes,No,956,907,49,22
2024-07-22,Monday,Breakfast,724,Rainy,24,No,Yes,No,774,696,78,25
2024-10-21,Monday,Breakfast,261,Sunny,32,Yes,No,No,274,232,42,25
2024-02-22,Thursday,Dinner,596,Stormy,26,Yes,Yes,No,611,560,51,43
2024-01-05,Friday,Dinner,657,Sunny,33,Yes,No,No,650,603,47,11
2024-08-14,Wednesday,Lunch,508,Cloudy,28,Yes,No,No,523,424,99,46
2024-04-02,Tuesday,Breakfast,228,Sunny,37,No,Yes,No,217,148,69,43
2024-12-02,Monday,Lunch,799,Sunny,40,No,No,No,828,806,22,4
2024-05-26,Sunday,Lunch,765,Sunny,40,Yes,Yes,Yes,792,731,61,26
2024-11-03,Sunday,Dinner,246,Rainy,23,No,No,Yes,276,209,67,49
2024-04-18,Thursday,Breakfast,279,Cloudy,26,No,No,No,256,215,41,20
2024-12-11,Wednesday,Lunch,209,Rainy,26,No,Yes,No,212,140,72,69
2024-12-19,Thursday,Breakfast,727,Sunny,35,Yes,No,No,751,673,78,27
2024-04-24,Wednesday,Breakfast,330,Stormy,24,Yes,Yes,No,315,238,77,52
2024-02-26,Monday,Dinner,894,Stormy,25,Yes,Yes,No,909,883,26,7
2024-07-24,Wednesday,Dinner,401,Sunny,38,Yes,No,No,363,310,53,29
2024-10-27,Sunday,Breakfast,995,Stormy,22,Yes,Yes,Yes,959,906,53,43
2024-01-05,Friday,Dinner,415,Rainy,24,No,No,No,444,347,97,88
2024-12-31,Tuesday,Lunch,455,Sunny,30,Yes,Yes,No,492,456,36,7
2024-01-08,Monday,Dinner,985,Rainy,30,Yes,No,No,984,932,52,25
2024-05-02,Thursday,Dinner,997,Cloudy,26,No,Yes,No,959,892,67,9
2024-08-27,Tuesday,Dinner,445,Stormy,22,No,Yes,No,406,397,9,2
2024-03-07,Thursday,Lunch,501,Cloudy,26,No,Yes,No,537,442,95,64
2024-03-31,Sunday,Lunch,209,Sunny,40,No,Yes,Yes,192,138,54,44
2024-04-03,Wednesday,Breakfast,399,Rainy,22,No,No,No,365,284,81,8
2024-07-14,Sunday,Dinner,264,Sunny,32,Yes,Yes,Yes,303,250,53,42
2024-03-30,Saturday,Lunch,792,Sunny,31,No,No,Yes,787,703,84,55
2024-09-27,Friday,Lunch,699,Sunny,31,No,No,No,684,683,1,1
2024-04-02,Tuesday,Lunch,480,Cloudy,25,No,Yes,No,498,478,20,12
2024-02-23,Friday,Breakfast,817,Sunny,35,Yes,Yes,No,832,749,83,11
2024-12-12,Thursday,Breakfast,751,Rainy,26,Yes,Yes,No,800,715,85,9
2024-12-05,Thursday,Breakfast,962,Cloudy,27,Yes,Yes,No,968,908,60,40
2024-10-20,Sunday,Dinner,847,Cloudy,27,Yes,Yes,Yes,814,729,85,66
2024-05-03,Friday,Lunch,893,Rainy,25,Yes,No,No,897,826,71,65
2024-11-22,Friday,Breakfast,966,Cloudy,28,Yes,Yes,No,922,834,88,56
2024-10-02,Wednesday,Breakfast,944,Rainy,26,Yes,No,No,977,907,70,24
2024-10-19,Saturday,Breakfast,556,Cloudy,27,No,No,Yes,510,486,24,5
2024-02-11,Sunday,Dinner,374,Stormy,27,No,No,Yes,415,362,53,1
2024-05-12,Sunday,Breakfast,254,Cloudy,32,Yes,No,Yes,256,250,6,3
2024-12-09,Monday,Dinner,977,Sunny,31,No,No,No,1026,960,66,48
2024-12-26,Thursday,Lunch,982,Cloudy,31,Yes,No,No,1031,1026,5,0
2024-02-23,Friday,Breakfast,390,Cloudy,32,Yes,No,No,414,347,67,59
2024-02-21,Wednesday,Dinner,408,Stormy,23,No,Yes,No,379,373,6,4
2024-07-20,Saturday,Dinner,547,Rainy,27,No,No,Yes,530,492,38,19
2024-11-11,Monday,Dinner,441,Sunny,34,Yes,Yes,No,401,387,14,6
2024-07-04,Thursday,Dinner,296,Sunny,34,No,No,No,323,310,13,3
2024-01-28,Sunday,Breakfast,825,Cloudy,32,No,No,Yes,778,690,88,47
2024-11-03,Sunday,Breakfast,213,Rainy,28,Yes,Yes,Yes,254,164,90,68
2024-02-13,Tuesday,Breakfast,544,Sunny,36,No,No,No,586,545,41,35
2024-02-09,Friday,Lunch,647,Cloudy,33,Yes,Yes,No,641,568,73,50
2024-02-11,Sunday,Lunch,318,Rainy,28,Yes,Yes,Yes,358,312,46,38
2024-06-20,Thursday,Breakfast,310,Sunny,40,No,Yes,No,350,334,16,15
2024-01-25,Thursday,Dinner,716,Cloudy,27,No,No,No,687,687,0,0
2024-04-26,Friday,Dinner,950,Stormy,24,No,No,No,957,945,12,5
2024-04-13,Saturday,Breakfast,266,Rainy,26,Yes,Yes,Yes,255,226,29,11
2024-04-10,Wednesday,Lunch,724,Stormy,23,Yes,No,No,749,704,45,10
2024-10-26,Saturday,Lunch,757,Sunny,39,Yes,No,Yes,802,721,81,66
2024-02-11,Sunday,Dinner,342,Sunny,34,No,No,Yes,377,288,89,69
2024-04-10,Wednesday,Dinner,460,Rainy,24,No,No,No,434,411,23,0
2024-09-25,Wednesday,Breakfast,719,Rainy,23,Yes,Yes,No,675,632,43,17
2024-03-29,Friday,Breakfast,856,Cloudy,28,Yes,No,No,833,826,7,4
2024-12-02,Monday,Breakfast,419,Sunny,34,No,Yes,No,432,376,56,10
2024-08-24,Saturday,Lunch,655,Stormy,22,Yes,Yes,Yes,679,616,63,17
2024-11-21,Thursday,Dinner,481,Stormy,24,No,No,No,497,422,75,40
2024-12-12,Thursday,Breakfast,891,Rainy,25,No,Yes,No,869,779,90,86
2024-12-22,Sunday,Breakfast,751,Sunny,34,No,No,Yes,705,656,49,8
2024-01-07,Sunday,Lunch,916,Sunny,31,No,Yes,Yes,878,809,69,3
2024-11-17,Sunday,Lunch,631,Sunny,36,Yes,No,Yes,599,588,11,5
2024-03-14,Thursday,Lunch,891,Rainy,25,No,Yes,No,857,794,63,1
2024-07-29,Monday,Lunch,611,Stormy,23,No,Yes,No,640,616,24,8
2024-09-19,Thursday,Dinner,489,Stormy,26,Yes,No,No,521,465,56,52
2024-03-01,Friday,Breakfast,678,Rainy,24,Yes,No,No,725,627,98,27
2024-09-26,Thursday,Dinner,944,Stormy,23,Yes,Yes,No,911,851,60,55
2024-08-01,Thursday,Dinner,994,Cloudy,28,Yes,No,No,1039,1021,18,14
2024-03-05,Tuesday,Lunch,821,Stormy,27,Yes,No,No,789,721,68,56
2024-11-17,Sunday,Breakfast,337,Stormy,22,No,No,Yes,327,268,59,24
2024-02-02,Friday,Dinner,209,Stormy,23,Yes,Yes,No,197,158,39,3
2024-09-12,Thursday,Breakfast,658,Rainy,23,Yes,Yes,No,634,599,35,3
2024-04-08,Monday,Dinner,861,Cloudy,27,Yes,Yes,No,859,817,42,32
2024-09-28,Saturday,Dinner,997,Rainy,25,Yes,Yes,Yes,958,899,59,30
2024-03-06,Wednesday,Lunch,440,Sunny,40,No,Yes,No,393,385,8,6
2024-11-29,Friday,Breakfast,538,Stormy,27,No,Yes,No,541,496,45,6
2024-07-22,Monday,Dinner,543,Cloudy,25,Yes,No,No,577,540,37,11
2024-05-01,Wednesday,Lunch,565,Cloudy,25,No,No,No,607,550,57,44
2024-06-22,Saturday,Breakfast,367,Stormy,28,Yes,No,Yes,337,268,69,31
2024-12-25,Wednesday,Dinner,594,Rainy,22,Yes,No,No,548,460,88,35
2024-11-19,Tuesday,Dinner,657,Stormy,20,Yes,Yes,No,699,687,12,11
2024-03-12,Tuesday,Breakfast,855,Sunny,30,Yes,Yes,No,839,773,66,34
2024-03-24,Sunday,Breakfast,628,Sunny,32,No,No,Yes,675,657,18,16
2024-03-27,Wednesday,Dinner,569,Cloudy,31,Yes,No,No,600,508,92,84
2024-01-30,Tuesday,Dinner,734,Sunny,31,Yes,No,No,709,639,70,48
2024-03-10,Sunday,Dinner,761,Stormy,21,Yes,No,Yes,766,759,7,3
2024-04-02,Tuesday,Dinner,377,Cloudy,26,No,No,No,347,299,48,7
2024-11-19,Tuesday,Lunch,283,Cloudy,27,No,Yes,No,322,264,58,22
2024-07-02,Tuesday,Lunch,768,Rainy,23,No,No,No,784,780,4,3
2024-02-28,Wednesday,Dinner,334,Cloudy,25,Yes,No,No,345,285,60,51
2024-05-05,Sunday,Lunch,205,Stormy,24,No,Yes,Yes,237,143,94,94
2024-02-20,Tuesday,Dinner,980,Stormy,24,Yes,No,No,1018,1003,15,2
2024-11-15,Friday,Dinner,241,Stormy,23,No,No,No,197,141,56,11
2024-11-13,Wednesday,Breakfast,524,Cloudy,27,No,Yes,No,572,472,100,28
2024-11-11,Monday,Lunch,257,Sunny,39,No,Yes,No,211,210,1,1
2024-12-17,Tuesday,Lunch,757,Rainy,25,No,No,No,781,778,3,2
2024-09-14,Saturday,Breakfast,981,Sunny,36,Yes,Yes,Yes,1022,942,80,29
2024-06-12,Wednesday,Lunch,221,Sunny,33,Yes,Yes,No,206,112,94,45
2024-02-11,Sunday,Lunch,383,Rainy,28,Yes,Yes,Yes,340,260,80,1
2024-10-03,Thursday,Lunch,971,Sunny,40,Yes,Yes,No,975,896,79,39
2024-10-13,Sunday,Dinner,503,Stormy,20,No,No,Yes,546,465,81,15
2024-11-04,Monday,Lunch,435,Rainy,23,Yes,No,No,425,358,67,26
2024-02-14,Wednesday,Breakfast,915,Stormy,22,No,Yes,No,935,922,13,10
2024-07-14,Sunday,Breakfast,364,Sunny,36,No,Yes,Yes,346,247,99,57
2024-09-24,Tuesday,Breakfast,837,Cloudy,30,No,No,No,814,806,8,0
2024-02-23,Friday,Breakfast,784,Sunny,31,Yes,Yes,No,750,707,43,32
2024-04-15,Monday,Lunch,957,Rainy,29,Yes,Yes,No,995,994,1,0
2024-07-11,Thursday,Dinner,831,Cloudy,33,No,Yes,No,782,729,53,15
2024-03-11,Monday,Dinner,211,Stormy,28,Yes,No,No,198,178,20,13
2024-11-29,Friday,Dinner,599,Stormy,21,No,No,No,582,539,43,16
2024-05-18,Saturday,Lunch,280,Stormy,22,No,Yes,Yes,319,317,2,1
2024-06-10,Monday,Lunch,817,Rainy,30,No,No,No,815,718,97,78
2024-07-24,Wednesday,Lunch,728,Sunny,38,Yes,Yes,No,715,632,83,37
2024-07-06,Saturday,Lunch,494,Stormy,27,No,No,Yes,523,514,9,0
2024-06-09,Sunday,Breakfast,859,Rainy,27,No,Yes,Yes,893,861,32,29
2024-04-14,Sunday,Lunch,744,Rainy,25,Yes,Yes,Yes,702,678,24,19
2024-12-28,Saturday,Lunch,233,Stormy,24,Yes,No,Yes,230,135,95,59
2024-04-23,Tuesday,Lunch,521,Sunny,40,No,No,No,518,480,38,37
2024-12-16,Monday,Breakfast,911,Stormy,28,Yes,No,No,946,899,47,36
2024-06-23,Sunday,Dinner,514,Stormy,22,No,No,Yes,545,492,53,20
2024-03-28,Thursday,Lunch,282,Stormy,23,Yes,No,No,256,201,55,8
2024-03-26,Tuesday,Lunch,297,Stormy,21,Yes,Yes,No,343,255,88,81
2024-11-15,Friday,Lunch,920,Cloudy,31,Yes,Yes,No,884,816,68,0
2024-02-05,Monday,Dinner,317,Cloudy,28,No,No,No,292,285,7,6
2024-05-23,Thursday,Lunch,246,Sunny,30,No,No,No,248,163,85,55
2024-06-20,Thursday,Lunch,576,Cloudy,27,Yes,Yes,No,605,580,25,2
2024-04-17,Wednesday,Dinner,633,Stormy,24,Yes,No,No,678,626,52,33
2024-01-10,Wednesday,Dinner,531,Sunny,35,No,No,No,580,575,5,5
2024-12-12,Thursday,Breakfast,377,Sunny,34,No,Yes,No,380,339,41,5
2024-10-21,Monday,Lunch,350,Stormy,26,Yes,No,No,392,328,64,44
2024-03-18,Monday,Lunch,332,Sunny,36,No,Yes,No,368,356,12,9
2024-12-25,Wednesday,Dinner,594,Cloudy,28,No,No,No,553,470,83,43
2024-03-02,Saturday,Breakfast,891,Cloudy,32,No,No,Yes,911,857,54,41
2024-05-19,Sunday,Lunch,532,Cloudy,30,No,Yes,Yes,503,424,79,30
2024-10-07,Monday,Lunch,1000,Cloudy,29,No,Yes,No,977,914,63,43
2024-03-18,Monday,Lunch,215,Cloudy,31,No,Yes,No,243,149,94,35
2024-03-05,Tuesday,Breakfast,540,Rainy,26,Yes,No,No,524,488,36,16
2024-07-10,Wednesday,Dinner,876,Rainy,24,No,Yes,No,828,731,97,46
2024-05-18,Saturday,Dinner,914,Stormy,22,No,Yes,Yes,901,841,60,3
2024-07-24,Wednesday,Lunch,382,Sunny,35,No,No,No,396,307,89,74
2024-11-08,Friday,Breakfast,679,Stormy,22,No,No,No,693,609,84,9
2024-10-04,Friday,Dinner,692,Stormy,24,No,No,No,672,573,99,27
2024-04-13,Saturday,Dinner,761,Rainy,29,Yes,Yes,Yes,805,745,60,5
2024-11-27,Wednesday,Lunch,493,Rainy,26,Yes,Yes,No,445,430,15,0
2024-02-23,Friday,Lunch,724,Sunny,30,Yes,No,No,691,622,69,12
2024-01-13,Saturday,Lunch,205,Sunny,31,Yes,No,Yes,206,173,33,30
2024-07-14,Sunday,Breakfast,421,Cloudy,30,No,No,Yes,431,411,20,17
2024-08-29,Thursday,Lunch,204,Cloudy,32,Yes,No,No,163,69,94,92
2024-03-24,Sunday,Dinner,478,Sunny,31,No,No,Yes,515,470,45,25
2024-09-05,Thursday,Dinner,356,Sunny,34,Yes,No,No,315,286,29,7
2024-06-12,Wednesday,Lunch,440,Stormy,26,Yes,No,No,398,342,56,8
2024-02-04,Sunday,Lunch,335,Sunny,40,No,Yes,Yes,358,328,30,6
2024-05-11,Saturday,Dinner,600,Stormy,23,No,Yes,Yes,618,527,91,21
2024-04-30,Tuesday,Dinner,367,Sunny,34,No,No,No,332,326,6,3
2024-08-30,Friday,Lunch,710,Cloudy,29,Yes,Yes,No,691,653,38,36
2024-11-12,Tuesday,Breakfast,444,Cloudy,28,Yes,Yes,No,421,321,100,73
2024-01-24,Wednesday,Dinner,450,Sunny,32,No,Yes,No,406,356,50,5
2024-07-31,Wednesday,Lunch,649,Cloudy,28,Yes,No,No,658,593,65,35
2024-04-04,Thursday,Breakfast,214,Stormy,26,No,Yes,No,259,205,54,1
2024-10-08,Tuesday,Lunch,726,Rainy,25,Yes,No,No,775,760,15,12
2024-10-28,Monday,Breakfast,592,Rainy,24,Yes,Yes,No,581,569,12,11
2024-12-25,Wednesday,Lunch,451,Cloudy,27,Yes,No,No,403,327,76,70
2024-08-02,Friday,Dinner,724,Stormy,20,No,Yes,No,687,593,94,46
2024-12-19,Thursday,Lunch,200,Stormy,26,No,Yes,No,249,198,51,19
2024-08-28,Wednesday,Dinner,338,Cloudy,26,Yes,No,No,318,253,65,60
2024-03-29,Friday,Dinner,652,Stormy,25,No,No,No,652,625,27,6
2024-09-22,Sunday,Dinner,603,Rainy,23,No,No,Yes,580,535,45,22
2024-09-28,Saturday,Dinner,363,Rainy,23,No,No,Yes,380,332,48,29
2024-11-14,Thursday,Lunch,977,Rainy,24,Yes,No,No,931,892,39,11
2024-02-15,Thursday,Lunch,421,Rainy,24,Yes,Yes,No,451,398,53,40
2024-01-25,Thursday,Lunch,361,Stormy,22,No,No,No,352,256,96,81
2024-07-03,Wednesday,Lunch,819,Rainy,25,Yes,No,No,814,795,19,18
2024-02-01,Thursday,Lunch,274,Stormy,22,Yes,No,No,231,230,1,1
2024-03-28,Thursday,Breakfast,346,Cloudy,33,Yes,Yes,No,359,345,14,8
2024-03-28,Thursday,Lunch,680,Cloudy,29,No,No,No,720,622,98,27
2024-10-26,Saturday,Dinner,897,Rainy,23,Yes,Yes,Yes,889,794,95,62
2024-07-02,Tuesday,Lunch,968,Sunny,36,Yes,No,No,992,938,54,50
2024-06-26,Wednesday,Breakfast,208,Sunny,38,Yes,Yes,No,190,103,87,74
2024-08-18,Sunday,Dinner,622,Rainy,30,No,Yes,Yes,639,541,98,84
2024-08-31,Saturday,Lunch,722,Sunny,35,No,No,Yes,685,587,98,14
2024-01-12,Friday,Breakfast,707,Cloudy,25,No,No,No,750,657,93,58
2024-09-22,Sunday,Breakfast,300,Stormy,24,Yes,Yes,Yes,314,301,13,13
2024-07-12,Friday,Breakfast,925,Cloudy,31,No,No,No,936,848,88,83
2024-10-27,Sunday,Breakfast,1000,Cloudy,32,Yes,No,Yes,1046,984,62,60
2024-06-14,Friday,Breakfast,809,Stormy,22,No,Yes,No,805,756,49,2
2024-11-10,Sunday,Lunch,875,Rainy,30,Yes,No,Yes,841,765,76,38
2024-03-05,Tuesday,Lunch,690,Sunny,31,Yes,Yes,No,651,599,52,20
2024-10-06,Sunday,Breakfast,828,Rainy,30,Yes,No,Yes,821,733,88,48
2024-06-09,Sunday,Lunch,717,Sunny,33,Yes,No,Yes,743,656,87,46
2024-07-05,Friday,Lunch,594,Stormy,24,Yes,No,No,546,483,63,18
2024-10-05,Saturday,Breakfast,347,Stormy,20,No,Yes,Yes,354,262,92,11
2024-11-09,Saturday,Dinner,574,Stormy,25,Yes,Yes,Yes,555,543,12,10
2024-03-19,Tuesday,Lunch,876,Cloudy,28,No,No,No,900,807,93,66
2024-11-23,Saturday,Dinner,619,Stormy,24,Yes,No,Yes,650,607,43,10
2024-06-25,Tuesday,Lunch,840,Rainy,24,No,No,No,842,772,70,7
2024-11-13,Wednesday,Breakfast,776,Sunny,37,Yes,Yes,No,766,683,83,19
2024-07-30,Tuesday,Lunch,632,Rainy,29,No,No,No,663,633,30,19
2024-06-01,Saturday,Dinner,390,Stormy,21,Yes,No,Yes,373,358,15,13
2024-08-05,Monday,Dinner,960,Sunny,35,No,No,No,958,917,41,25
2024-12-09,Monday,Dinner,508,Rainy,23,Yes,No,No,534,527,7,5
2024-01-04,Thursday,Breakfast,578,Rainy,22,Yes,No,No,598,532,66,0
2024-07-12,Friday,Breakfast,219,Rainy,24,No,Yes,No,176,148,28,12
2024-01-11,Thursday,Lunch,847,Stormy,24,No,No,No,845,805,40,0
2024-11-16,Saturday,Dinner,385,Sunny,35,No,No,Yes,430,361,69,50
2024-04-07,Sunday,Breakfast,587,Stormy,26,Yes,Yes,Yes,580,486,94,47
2024-05-01,Wednesday,Dinner,587,Cloudy,28,Yes,No,No,610,576,34,26
2024-07-02,Tuesday,Lunch,320,Cloudy,25,No,Yes,No,329,288,41,19
2024-04-20,Saturday,Dinner,543,Rainy,25,No,Yes,Yes,561,493,68,39
2024-01-15,Monday,Breakfast,221,Cloudy,30,No,Yes,No,260,166,94,65
2024-11-07,Thursday,Breakfast,745,Stormy,26,Yes,No,No,742,711,31,16
2024-08-15,Thursday,Lunch,848,Sunny,35,No,Yes,No,820,818,2,1
2024-06-13,Thursday,Breakfast,451,Cloudy,29,No,Yes,No,430,421,9,4
2024-05-05,Sunday,Dinner,459,Stormy,24,No,Yes,Yes,475,437,38,12
2024-06-01,Saturday,Breakfast,639,Rainy,26,Yes,Yes,Yes,617,531,86,52
2024-04-25,Thursday,Breakfast,762,Cloudy,29,No,No,No,767,758,9,7
2024-10-07,Monday,Dinner,282,Stormy,27,Yes,Yes,No,248,232,16,16
2024-12-22,Sunday,Lunch,864,Rainy,25,Yes,No,Yes,872,815,57,34
2024-04-07,Sunday,Breakfast,360,Rainy,30,Yes,Yes,Yes,363,336,27,0
2024-11-10,Sunday,Lunch,548,Sunny,33,No,Yes,Yes,534,437,97,65
2024-02-23,Friday,Lunch,232,Sunny,30,No,No,No,245,162,83,67
2024-01-14,Sunday,Breakfast,725,Cloudy,30,No,No,Yes,737,731,6,6
2024-07-15,Monday,Lunch,219,Stormy,22,No,No,No,246,218,28,17
2024-10-23,Wednesday,Breakfast,559,Rainy,30,No,Yes,No,541,467,74,42
2024-07-29,Monday,Breakfast,880,Stormy,28,Yes,Yes,No,893,833,60,2
2024-06-11,Tuesday,Lunch,361,Cloudy,25,No,No,No,358,296,62,43
2024-11-07,Thursday,Breakfast,849,Sunny,39,Yes,No,No,895,838,57,54
2024-09-09,Monday,Lunch,625,Sunny,36,No,No,No,584,579,5,0
2024-01-20,Saturday,Breakfast,358,Stormy,20,Yes,No,Yes,343,338,5,2
2024-12-01,Sunday,Breakfast,659,Cloudy,27,No,Yes,Yes,625,540,85,69
2024-10-20,Sunday,Lunch,354,Cloudy,28,No,No,Yes,384,290,94,84
2024-08-02,Friday,Lunch,219,Stormy,21,Yes,No,No,205,149,56,25
2024-10-26,Saturday,Dinner,267,Cloudy,29,No,No,Yes,271,177,94,79
2024-02-20,Tuesday,Lunch,983,Rainy,30,No,Yes,No,997,943,54,41
2024-01-10,Wednesday,Lunch,784,Sunny,31,No,No,No,793,793,0,0
2024-08-31,Saturday,Dinner,544,Rainy,27,Yes,Yes,Yes,594,531,63,21
2024-04-20,Saturday,Lunch,225,Sunny,39,No,Yes,Yes,273,178,95,66
2024-12-19,Thursday,Lunch,275,Stormy,22,Yes,No,No,237,233,4,0
2024-08-20,Tuesday,Breakfast,736,Sunny,32,No,No,No,750,696,54,25
2024-05-09,Thursday,Dinner,339,Stormy,24,No,No,No,332,256,76,29
2024-06-09,Sunday,Dinner,842,Rainy,23,No,No,Yes,882,795,87,6
2024-08-17,Saturday,Lunch,479,Stormy,21,Yes,No,Yes,511,509,2,2
2024-06-08,Saturday,Breakfast,239,Stormy,23,Yes,Yes,Yes,244,182,62,35
2024-01-18,Thursday,Lunch,437,Cloudy,27,No,Yes,No,468,391,77,47
2024-03-14,Thursday,Lunch,803,Sunny,38,Yes,Yes,No,833,743,90,3
2024-06-15,Saturday,Dinner,681,Sunny,35,Yes,No,Yes,707,686,21,16
2024-06-24,Monday,Breakfast,470,Stormy,23,No,No,No,511,433,78,36
2024-04-25,Thursday,Lunch,692,Stormy,27,No,Yes,No,693,606,87,64
2024-08-15,Thursday,Dinner,419,Cloudy,27,Yes,No,No,381,376,5,4
2024-05-19,Sunday,Dinner,768,Sunny,35,No,Yes,Yes,763,696,67,66
2024-01-26,Friday,Breakfast,884,Rainy,24,Yes,Yes,No,890,812,78,70
2024-09-01,Sunday,Dinner,592,Rainy,22,Yes,Yes,Yes,580,501,79,18
2024-09-15,Sunday,Lunch,964,Sunny,32,No,Yes,Yes,982,918,64,7
2024-04-08,Monday,Lunch,591,Sunny,30,No,Yes,No,600,533,67,19
2024-11-23,Saturday,Dinner,641,Cloudy,32,Yes,No,Yes,657,576,81,79
2024-05-11,Saturday,Breakfast,383,Stormy,24,Yes,Yes,Yes,409,408,1,0
2024-06-11,Tuesday,Breakfast,270,Sunny,37,No,No,No,227,222,5,5
2024-08-15,Thursday,Breakfast,513,Cloudy,29,Yes,No,No,532,439,93,17
2024-01-17,Wednesday,Dinner,776,Stormy,22,No,Yes,No,822,771,51,22
2024-01-09,Tuesday,Lunch,659,Stormy,28,No,Yes,No,691,624,67,11
2024-03-26,Tuesday,Breakfast,573,Cloudy,31,Yes,No,No,560,484,76,32
2024-02-12,Monday,Breakfast,289,Rainy,24,Yes,No,No,265,202,63,0
2024-01-28,Sunday,Lunch,472,Sunny,34,Yes,Yes,Yes,469,461,8,4
2024-12-22,Sunday,Lunch,207,Rainy,30,Yes,No,Yes,163,98,65,12
2024-02-10,Saturday,Breakfast,732,Rainy,24,No,No,Yes,747,674,73,30
2024-03-10,Sunday,Dinner,721,Rainy,23,No,Yes,Yes,705,702,3,0
2024-04-15,Monday,Lunch,606,Sunny,35,No,No,No,595,497,98,12
2024-11-07,Thursday,Dinner,457,Sunny,35,Yes,Yes,No,470,371,99,92
2024-09-28,Saturday,Lunch,935,Cloudy,32,Yes,No,Yes,918,914,4,0
2024-10-10,Thursday,Breakfast,642,Rainy,25,Yes,Yes,No,666,666,0,0
2024-07-23,Tuesday,Breakfast,363,Stormy,24,Yes,Yes,No,340,265,75,38
2024-04-05,Friday,Lunch,447,Cloudy,33,No,Yes,No,455,445,10,4
2024-01-28,Sunday,Lunch,393,Stormy,23,Yes,Yes,Yes,409,388,21,6
2024-11-18,Monday,Breakfast,865,Cloudy,31,No,Yes,No,890,851,39,10
2024-11-03,Sunday,Dinner,824,Stormy,23,Yes,No,Yes,861,811,50,7
2024-01-08,Monday,Dinner,782,Stormy,20,Yes,No,No,755,658,97,33
2024-02-17,Saturday,Lunch,241,Sunny,40,Yes,No,Yes,280,191,89,38
2024-03-15,Friday,Breakfast,328,Cloudy,32,No,Yes,No,355,332,23,18
2024-08-21,Wednesday,Dinner,227,Cloudy,29,Yes,Yes,No,243,228,15,10
2024-09-17,Tuesday,Dinner,767,Stormy,27,No,Yes,No,733,647,86,86
2024-03-22,Friday,Dinner,709,Stormy,21,No,Yes,No,699,678,21,0
2024-12-27,Friday,Breakfast,294,Cloudy,31,Yes,Yes,No,248,174,74,71
2024-12-03,Tuesday,Dinner,547,Rainy,26,Yes,No,No,497,451,46,1
2024-03-03,Sunday,Lunch,807,Rainy,22,Yes,No,Yes,792,772,20,9
2024-05-09,Thursday,Dinner,222,Cloudy,28,Yes,Yes,No,271,188,83,31
2024-03-25,Monday,Lunch,235,Sunny,39,No,No,No,278,277,1,0
2024-02-03,Saturday,Breakfast,426,Cloudy,31,No,Yes,Yes,429,428,1,0
2024-04-22,Monday,Breakfast,461,Cloudy,30,Yes,Yes,No,442,343,99,49
2024-10-28,Monday,Breakfast,402,Rainy,24,Yes,Yes,No,355,349,6,0
2024-08-24,Saturday,Breakfast,320,Sunny,40,No,Yes,Yes,301,233,68,0
2024-08-05,Monday,Breakfast,723,Cloudy,30,No,Yes,No,720,631,89,73
2024-12-29,Sunday,Lunch,969,Cloudy,33,No,No,Yes,926,890,36,24
2024-03-25,Monday,Lunch,830,Sunny,36,No,No,No,861,850,11,11
2024-12-14,Saturday,Lunch,760,Cloudy,27,Yes,No,Yes,763,670,93,48
2024-01-18,Thursday,Breakfast,901,Rainy,22,No,No,No,939,896,43,22
2024-06-28,Friday,Breakfast,496,Cloudy,27,Yes,No,No,461,421,40,21
2024-04-11,Thursday,Breakfast,643,Cloudy,33,Yes,Yes,No,598,566,32,6
2024-12-15,Sunday,Dinner,330,Sunny,34,No,No,Yes,283,209,74,34
2024-09-30,Monday,Breakfast,699,Stormy,25,Yes,No,No,670,599,71,64
2024-05-14,Tuesday,Lunch,820,Sunny,36,Yes,Yes,No,860,785,75,71
2024-03-02,Saturday,Dinner,979,Cloudy,29,Yes,Yes,Yes,1023,1017,6,5
2024-11-28,Thursday,Breakfast,804,Stormy,20,Yes,Yes,No,803,725,78,3
2024-06-17,Monday,Dinner,243,Sunny,34,Yes,No,No,213,184,29,19
2024-01-16,Tuesday,Breakfast,455,Cloudy,30,No,No,No,407,405,2,2
2024-11-24,Sunday,Lunch,806,Cloudy,33,Yes,No,Yes,823,751,72,53
2024-04-18,Thursday,Dinner,269,Stormy,20,Yes,No,No,283,271,12,7
2024-08-31,Saturday,Lunch,664,Stormy,28,Yes,Yes,Yes,714,617,97,57
2024-09-30,Monday,Breakfast,219,Stormy,25,No,Yes,No,235,179,56,17
2024-02-12,Monday,Dinner,510,Stormy,21,No,No,No,520,438,82,2
2024-12-22,Sunday,Lunch,752,Sunny,35,No,No,Yes,739,710,29,25
2024-10-07,Monday,Dinner,758,Stormy,26,Yes,Yes,No,806,719,87,23
2024-01-01,Monday,Breakfast,845,Stormy,20,Yes,No,No,814,722,92,41
2024-01-24,Wednesday,Lunch,903,Rainy,28,Yes,No,No,943,929,14,12
2024-03-16,Saturday,Dinner,498,Stormy,27,Yes,No,Yes,491,448,43,40
2024-01-24,Wednesday,Dinner,880,Cloudy,32,No,No,No,832,744,88,61
2024-08-09,Friday,Dinner,401,Rainy,25,No,No,No,419,400,19,15
2024-07-11,Thursday,Lunch,629,Sunny,32,No,No,No,628,588,40,10
2024-11-16,Saturday,Lunch,506,Rainy,23,No,No,Yes,501,456,45,16
2024-11-12,Tuesday,Lunch,845,Stormy,20,Yes,No,No,810,759,51,6
2024-08-12,Monday,Breakfast,257,Stormy,27,Yes,Yes,No,286,262,24,19
2024-09-27,Friday,Breakfast,879,Stormy,24,Yes,No,No,870,863,7,6
2024-07-17,Wednesday,Dinner,601,Rainy,23,No,Yes,No,622,567,55,51
2024-05-01,Wednesday,Lunch,562,Cloudy,31,No,Yes,No,526,456,70,31
2024-05-22,Wednesday,Dinner,888,Stormy,27,Yes,Yes,No,910,907,3,1
2024-11-16,Saturday,Dinner,901,Stormy,23,No,Yes,Yes,935,915,20,3
2024-02-26,Monday,Dinner,256,Rainy,29,No,Yes,No,220,166,54,42
2024-03-13,Wednesday,Breakfast,693,Sunny,31,No,Yes,No,682,665,17,13
2024-03-31,Sunday,Breakfast,581,Stormy,26,No,No,Yes,591,588,3,1
2024-03-31,Sunday,Breakfast,803,Cloudy,29,Yes,Yes,Yes,836,823,13,3
2024-02-17,Saturday,Breakfast,539,Rainy,24,Yes,No,Yes,571,546,25,13
2024-06-09,Sunday,Dinner,581,Sunny,39,No,Yes,Yes,578,516,62,48
2024-02-01,Thursday,Breakfast,945,Rainy,27,No,No,No,961,875,86,31
2024-01-04,Thursday,Lunch,772,Sunny,31,Yes,Yes,No,784,685,99,96
2024-01-23,Tuesday,Breakfast,517,Cloudy,27,No,Yes,No,495,396,99,55
2024-08-07,Wednesday,Breakfast,570,Stormy,23,Yes,No,No,565,535,30,2
2024-12-04,Wednesday,Dinner,382,Stormy,28,Yes,No,No,349,338,11,10
2024-01-02,Tuesday,Lunch,791,Rainy,30,No,Yes,No,810,780,30,21
2024-07-11,Thursday,Dinner,914,Rainy,29,Yes,No,No,898,861,37,27
2024-09-20,Friday,Dinner,469,Sunny,33,No,Yes,No,501,447,54,2
2024-01-12,Friday,Breakfast,338,Rainy,25,No,Yes,No,292,200,92,2
2024-05-16,Thursday,Dinner,642,Rainy,23,Yes,Yes,No,609,600,9,4
2024-06-23,Sunday,Lunch,835,Cloudy,28,Yes,Yes,Yes,830,781,49,23
2024-10-10,Thursday,Dinner,515,Cloudy,32,Yes,No,No,491,466,25,19
2024-11-29,Friday,Dinner,979,Stormy,28,No,Yes,No,939,855,84,55
2024-11-16,Saturday,Lunch,705,Stormy,20,Yes,No,Yes,669,669,0,0
2024-02-02,Friday,Lunch,280,Sunny,40,No,No,No,260,161,99,32
2024-12-24,Tuesday,Lunch,631,Rainy,23,Yes,No,No,586,486,100,39
2024-04-08,Monday,Dinner,609,Sunny,36,Yes,No,No,636,632,4,0
2024-02-17,Saturday,Dinner,444,Rainy,28,No,No,Yes,456,410,46,30
2024-11-08,Friday,Dinner,245,Cloudy,29,No,No,No,286,234,52,31
2024-05-30,Thursday,Lunch,673,Cloudy,32,No,No,No,671,653,18,9
2024-11-21,Thursday,Dinner,724,Cloudy,33,Yes,Yes,No,736,716,20,17
2024-05-19,Sunday,Dinner,435,Sunny,40,No,No,Yes,439,406,33,30
2024-02-04,Sunday,Lunch,943,Stormy,25,Yes,Yes,Yes,993,916,77,74
2024-11-05,Tuesday,Dinner,894,Rainy,23,No,Yes,No,944,871,73,12
2024-04-16,Tuesday,Breakfast,570,Rainy,29,No,No,No,599,542,57,37
2024-01-06,Saturday,Breakfast,402,Sunny,37,Yes,No,Yes,441,409,32,16
2024-04-25,Thursday,Lunch,895,Sunny,38,Yes,Yes,No,942,922,20,19
2024-07-06,Saturday,Dinner,528,Stormy,24,No,Yes,Yes,498,490,8,5
2024-02-18,Sunday,Breakfast,637,Rainy,28,No,No,Yes,636,587,49,8
2024-04-06,Saturday,Breakfast,597,Cloudy,25,No,No,Yes,635,550,85,50
2024-04-28,Sunday,Dinner,572,Stormy,26,No,Yes,Yes,542,448,94,58
2024-11-19,Tuesday,Breakfast,245,Stormy,27,Yes,Yes,No,267,197,70,36
2024-07-28,Sunday,Lunch,260,Stormy,24,No,Yes,Yes,274,228,46,30
2024-02-07,Wednesday,Breakfast,823,Rainy,27,No,Yes,No,831,745,86,66
2024-03-13,Wednesday,Lunch,262,Cloudy,25,No,Yes,No,298,240,58,5
2024-05-04,Saturday,Lunch,317,Stormy,28,Yes,Yes,Yes,303,246,57,30
2024-07-25,Thursday,Lunch,927,Stormy,28,No,Yes,No,959,939,20,13
2024-05-02,Thursday,Lunch,302,Cloudy,32,Yes,Yes,No,254,234,20,14
2024-01-16,Tuesday,Dinner,773,Sunny,34,Yes,No,No,804,772,32,11
2024-11-13,Wednesday,Dinner,854,Stormy,27,No,Yes,No,891,871,20,6
2024-03-30,Saturday,Lunch,896,Stormy,23,Yes,No,Yes,852,788,64,51
2024-01-19,Friday,Dinner,794,Cloudy,33,Yes,No,No,771,673,98,40
2024-03-09,Saturday,Dinner,321,Stormy,27,Yes,Yes,Yes,334,243,91,85
2024-08-31,Saturday,Breakfast,843,Cloudy,26,Yes,No,Yes,824,737,87,87
2024-12-24,Tuesday,Dinner,420,Sunny,38,Yes,Yes,No,437,354,83,82
2024-11-06,Wednesday,Lunch,327,Sunny,30,Yes,Yes,No,278,178,100,93
2024-04-04,Thursday,Lunch,698,Stormy,27,Yes,No,No,648,557,91,84
2024-12-04,Wednesday,Dinner,449,Cloudy,33,No,Yes,No,457,386,71,6
2024-04-15,Monday,Lunch,429,Cloudy,26,No,Yes,No,396,355,41,30
2024-12-25,Wednesday,Lunch,341,Sunny,39,No,No,No,387,324,63,21
2024-03-14,Thursday,Lunch,797,Rainy,23,Yes,No,No,779,779,0,0
2024-01-15,Monday,Lunch,958,Rainy,29,Yes,Yes,No,1001,980,21,0
2024-08-05,Monday,Lunch,566,Sunny,40,Yes,No,No,578,539,39,13
2024-11-04,Monday,Breakfast,948,Stormy,24,Yes,No,No,974,890,84,64
2024-01-02,Tuesday,Breakfast,513,Cloudy,30,No,Yes,No,478,411,67,20
2024-04-10,Wednesday,Lunch,556,Cloudy,28,Yes,No,No,590,568,22,14
2024-08-10,Saturday,Lunch,454,Rainy,28,Yes,Yes,Yes,443,347,96,80
2024-04-09,Tuesday,Lunch,898,Sunny,38,Yes,Yes,No,939,884,55,41
2024-06-14,Friday,Dinner,619,Rainy,27,Yes,No,No,639,604,35,10
2024-10-10,Thursday,Dinner,752,Rainy,30,No,No,No,714,705,9,2
2024-01-27,Saturday,Dinner,460,Rainy,28,Yes,Yes,Yes,475,424,51,41
2024-06-05,Wednesday,Dinner,327,Stormy,27,Yes,No,No,345,249,96,70
2024-10-13,Sunday,Breakfast,630,Cloudy,29,Yes,Yes,Yes,668,588,80,42
2024-04-25,Thursday,Breakfast,206,Cloudy,32,Yes,No,No,217,210,7,5
2024-05-24,Friday,Dinner,321,Sunny,34,No,Yes,No,295,230,65,22
2024-10-12,Saturday,Dinner,919,Stormy,28,Yes,No,Yes,915,875,40,28
2024-05-23,Thursday,Breakfast,524,Cloudy,31,Yes,No,No,518,506,12,0
2024-08-02,Friday,Breakfast,800,Rainy,27,Yes,No,No,755,731,24,15
2024-12-27,Friday,Dinner,424,Stormy,24,No,Yes,No,430,382,48,40
2024-05-21,Tuesday,Breakfast,608,Stormy,27,Yes,Yes,No,645,622,23,20
2024-07-13,Saturday,Breakfast,543,Rainy,29,No,No,Yes,584,507,77,34
2024-12-16,Monday,Lunch,990,Cloudy,32,No,No,No,951,881,70,44
2024-10-01,Tuesday,Lunch,436,Cloudy,29,No,No,No,395,339,56,43
2024-09-03,Tuesday,Breakfast,354,Cloudy,30,Yes,Yes,No,382,380,2,1
2024-04-25,Thursday,Lunch,650,Cloudy,25,Yes,No,No,615,531,84,83
2024-07-27,Saturday,Lunch,361,Stormy,22,No,Yes,Yes,407,314,93,30
2024-10-08,Tuesday,Dinner,272,Stormy,24,No,Yes,No,271,219,52,31
2024-02-12,Monday,Breakfast,815,Sunny,34,Yes,Yes,No,829,772,57,46
2024-11-18,Monday,Breakfast,213,Rainy,25,Yes,Yes,No,175,124,51,10
2024-05-17,Friday,Breakfast,364,Stormy,23,Yes,Yes,No,400,329,71,30
2024-04-09,Tuesday,Breakfast,348,Rainy,29,Yes,Yes,No,303,234,69,25
2024-02-07,Wednesday,Dinner,983,Sunny,32,Yes,Yes,No,1016,959,57,7
2024-12-07,Saturday,Lunch,671,Cloudy,26,No,Yes,Yes,717,640,77,19
2024-07-25,Thursday,Lunch,238,Rainy,28,No,Yes,No,214,146,68,68
2024-07-21,Sunday,Breakfast,987,Rainy,22,No,No,Yes,982,981,1,1
2024-01-28,Sunday,Dinner,520,Cloudy,30,Yes,Yes,Yes,489,437,52,35
2024-01-28,Sunday,Lunch,327,Sunny,35,Yes,Yes,Yes,369,308,61,55
2024-08-17,Saturday,Lunch,925,Cloudy,28,No,No,Yes,877,846,31,17
2024-03-31,Sunday,Breakfast,467,Sunny,39,No,No,Yes,485,460,25,20
2024-10-10,Thursday,Breakfast,393,Rainy,30,Yes,Yes,No,422,388,34,10
2024-04-19,Friday,Lunch,536,Cloudy,26,Yes,No,No,554,502,52,23
2024-01-21,Sunday,Breakfast,335,Stormy,28,Yes,No,Yes,334,312,22,11
2024-01-15,Monday,Breakfast,888,Cloudy,31,Yes,Yes,No,869,849,20,1
2024-11-29,Friday,Breakfast,626,Sunny,30,Yes,Yes,No,648,549,99,72
2024-09-11,Wednesday,Lunch,756,Cloudy,31,Yes,No,No,741,657,84,40
2024-10-20,Sunday,Breakfast,531,Cloudy,30,Yes,Yes,Yes,495,427,68,33
2024-12-26,Thursday,Breakfast,474,Stormy,27,Yes,Yes,No,443,421,22,11
2024-01-18,Thursday,Breakfast,872,Sunny,37,No,No,No,857,778,79,12
2024-05-21,Tuesday,Breakfast,502,Rainy,28,No,No,No,477,405,72,9
2024-07-13,Saturday,Dinner,407,Sunny,30,No,Yes,Yes,418,380,38,5
2024-07-30,Tuesday,Breakfast,499,Cloudy,32,Yes,No,No,510,488,22,2
2024-03-05,Tuesday,Breakfast,604,Stormy,22,No,Yes,No,628,625,3,1
2024-08-24,Saturday,Dinner,925,Cloudy,28,No,Yes,Yes,889,848,41,15
2024-03-05,Tuesday,Breakfast,524,Rainy,30,No,No,No,487,390,97,34
2024-07-27,Saturday,Breakfast,341,Sunny,35,No,Yes,Yes,295,285,10,8
2024-12-07,Saturday,Breakfast,809,Cloudy,29,Yes,No,Yes,771,732,39,22
2024-02-28,Wednesday,Dinner,486,Cloudy,25,No,Yes,No,513,505,8,5
2024-08-31,Saturday,Breakfast,519,Rainy,28,Yes,No,Yes,486,396,90,7
2024-03-28,Thursday,Breakfast,664,Cloudy,29,No,No,No,698,613,85,14
2024-11-07,Thursday,Breakfast,831,Sunny,32,Yes,No,No,837,776,61,56
2024-09-06,Friday,Breakfast,501,Rainy,28,Yes,No,No,463,447,16,12
2024-03-07,Thursday,Lunch,630,Sunny,32,Yes,No,No,635,571,64,39
2024-12-02,Monday,Breakfast,555,Stormy,22,Yes,No,No,545,489,56,44
2024-10-30,Wednesday,Dinner,738,Stormy,27,Yes,No,No,707,645,62,61
2024-12-18,Wednesday,Dinner,324,Rainy,22,Yes,No,No,362,273,89,14
2024-10-01,Tuesday,Dinner,722,Sunny,30,No,Yes,No,713,625,88,44
2024-03-01,Friday,Dinner,920,Stormy,27,Yes,Yes,No,958,938,20,7
2024-07-01,Monday,Breakfast,394,Stormy,26,No,No,No,393,355,38,11
2024-11-24,Sunday,Lunch,298,Rainy,27,Yes,No,Yes,303,294,9,7
2024-03-10,Sunday,Breakfast,624,Rainy,29,Yes,No,Yes,664,597,67,31
2024-08-16,Friday,Breakfast,468,Rainy,22,No,No,No,471,383,88,25
2024-09-16,Monday,Dinner,405,Rainy,26,No,No,No,419,389,30,1
2024-07-28,Sunday,Dinner,896,Cloudy,33,No,Yes,Yes,924,896,28,18
2024-01-03,Wednesday,Breakfast,249,Cloudy,33,No,No,No,287,221,66,2
2024-07-04,Thursday,Breakfast,518,Sunny,36,No,Yes,No,493,460,33,20
2024-02-16,Friday,Breakfast,936,Rainy,23,Yes,Yes,No,928,839,89,65
2024-04-12,Friday,Breakfast,681,Rainy,23,Yes,No,No,649,573,76,0
2024-02-06,Tuesday,Dinner,698,Sunny,37,No,No,No,728,644,84,5
2024-11-02,Saturday,Breakfast,547,Cloudy,26,No,No,Yes,581,518,63,12
2024-10-28,Monday,Lunch,435,Sunny,32,Yes,No,No,437,382,55,47
2024-05-18,Saturday,Dinner,224,Rainy,26,No,No,Yes,215,124,91,24
2024-02-14,Wednesday,Lunch,298,Sunny,40,Yes,Yes,No,320,271,49,4
2024-10-26,Saturday,Breakfast,501,Stormy,24,No,No,Yes,549,547,2,1
2024-05-27,Monday,Lunch,279,Sunny,36,No,Yes,No,295,273,22,12
2024-02-11,Sunday,Lunch,235,Rainy,24,No,Yes,Yes,234,160,74,46
2024-08-06,Tuesday,Lunch,809,Stormy,21,Yes,Yes,No,851,772,79,3
2024-09-05,Thursday,Dinner,686,Cloudy,33,No,Yes,No,720,680,40,28
2024-07-14,Sunday,Breakfast,632,Stormy,21,Yes,Yes,Yes,620,525,95,13
2024-08-07,Wednesday,Lunch,756,Cloudy,33,No,Yes,No,743,674,69,34
2024-10-12,Saturday,Lunch,735,Stormy,23,Yes,No,Yes,766,763,3,0
2024-06-01,Saturday,Lunch,507,Sunny,32,Yes,No,Yes,507,481,26,26
2024-05-12,Sunday,Lunch,479,Sunny,36,Yes,No,Yes,510,416,94,26
2024-02-25,Sunday,Lunch,661,Rainy,26,No,No,Yes,700,636,64,17
2024-06-11,Tuesday,Breakfast,283,Stormy,24,No,Yes,No,331,243,88,80
2024-01-14,Sunday,Breakfast,624,Sunny,31,No,Yes,Yes,595,544,51,51
2024-01-12,Friday,Breakfast,478,Rainy,28,Yes,No,No,456,370,86,17
2024-03-14,Thursday,Lunch,812,Rainy,28,No,No,No,857,760,97,3
2024-02-02,Friday,Dinner,449,Stormy,23,No,Yes,No,429,384,45,2
2024-04-01,Monday,Dinner,791,Stormy,22,No,Yes,No,751,676,75,56
2024-11-21,Thursday,Lunch,897,Cloudy,31,No,No,No,942,907,35,28
2024-06-22,Saturday,Breakfast,430,Rainy,28,No,Yes,Yes,474,398,76,42
2024-10-06,Sunday,Dinner,811,Rainy,30,No,Yes,Yes,842,772,70,63
2024-02-03,Saturday,Lunch,379,Sunny,35,Yes,No,Yes,429,427,2,1
2024-12-20,Friday,Lunch,456,Sunny,38,Yes,Yes,No,463,457,6,0
2024-05-23,Thursday,Dinner,868,Sunny,34,No,Yes,No,835,814,21,3
2024-02-28,Wednesday,Dinner,474,Sunny,31,Yes,Yes,No,465,402,63,22
2024-01-15,Monday,Breakfast,992,Cloudy,30,No,Yes,No,1011,943,68,43
2024-06-06,Thursday,Breakfast,578,Sunny,33,Yes,Yes,No,580,545,35,32
2024-08-23,Friday,Breakfast,418,Sunny,33,Yes,Yes,No,426,327,99,30
2024-03-02,Saturday,Dinner,747,Cloudy,25,Yes,No,Yes,795,779,16,0
2024-11-20,Wednesday,Breakfast,225,Cloudy,29,No,Yes,No,207,174,33,26
2024-02-03,Saturday,Lunch,242,Stormy,22,Yes,Yes,Yes,270,189,81,40
2024-03-28,Thursday,Dinner,579,Stormy,27,No,Yes,No,593,571,22,9
2024-03-30,Saturday,Lunch,987,Cloudy,27,Yes,Yes,Yes,1010,917,93,84
2024-05-18,Saturday,Breakfast,801,Stormy,26,No,Yes,Yes,769,707,62,18
2024-06-07,Friday,Lunch,489,Stormy,24,Yes,Yes,No,474,392,82,23
2024-09-17,Tuesday,Lunch,701,Sunny,34,Yes,No,No,679,618,61,30
2024-08-04,Sunday,Lunch,880,Stormy,25,No,Yes,Yes,875,846,29,16
2024-03-14,Thursday,Dinner,458,Cloudy,25,Yes,No,No,431,415,16,14
2024-03-06,Wednesday,Lunch,742,Rainy,25,Yes,No,No,698,696,2,2
2024-05-30,Thursday,Dinner,763,Sunny,31,No,Yes,No,719,695,24,4
2024-06-02,Sunday,Lunch,860,Cloudy,30,Yes,No,Yes,878,786,92,42
2024-01-18,Thursday,Lunch,384,Rainy,30,Yes,No,No,397,300,97,20
2024-05-17,Friday,Lunch,552,Cloudy,33,No,No,No,593,553,40,18
2024-12-08,Sunday,Dinner,499,Cloudy,30,Yes,No,Yes,463,449,14,4
2024-05-10,Friday,Breakfast,526,Stormy,23,No,No,No,551,524,27,5
2024-10-15,Tuesday,Breakfast,258,Stormy,24,Yes,Yes,No,230,178,52,43
2024-07-27,Saturday,Lunch,233,Stormy,28,Yes,Yes,Yes,215,173,42,4
2024-07-04,Thursday,Lunch,345,Cloudy,26,No,No,No,318,256,62,41
2024-12-01,Sunday,Dinner,605,Sunny,31,Yes,Yes,Yes,655,637,18,4
2024-06-19,Wednesday,Lunch,907,Rainy,23,No,No,No,889,861,28,3
2024-08-18,Sunday,Dinner,786,Stormy,26,No,No,Yes,748,737,11,11
2024-09-06,Friday,Dinner,456,Stormy,21,Yes,Yes,No,476,418,58,46
2024-11-05,Tuesday,Lunch,520,Cloudy,30,Yes,Yes,No,476,385,91,39
2024-06-17,Monday,Dinner,296,Rainy,25,Yes,No,No,315,306,9,4
2024-11-18,Monday,Breakfast,678,Rainy,29,Yes,Yes,No,709,707,2,1
2024-11-03,Sunday,Dinner,606,Cloudy,26,No,Yes,Yes,618,614,4,0
2024-08-12,Monday,Lunch,962,Stormy,27,No,No,No,920,839,81,4
2024-02-22,Thursday,Breakfast,531,Rainy,26,Yes,No,No,510,485,25,2
2024-09-22,Sunday,Dinner,986,Stormy,26,Yes,No,Yes,943,843,100,42
2024-03-06,Wednesday,Dinner,952,Cloudy,28,Yes,Yes,No,991,924,67,37
2024-09-22,Sunday,Lunch,606,Sunny,33,No,No,Yes,596,544,52,3
2024-12-18,Wednesday,Breakfast,694,Cloudy,27,No,No,No,654,577,77,8
2024-01-13,Saturday,Breakfast,481,Cloudy,26,No,Yes,Yes,515,504,11,9
2024-02-23,Friday,Breakfast,573,Cloudy,33,No,No,No,546,474,72,55
2024-04-12,Friday,Lunch,947,Cloudy,28,No,Yes,No,957,936,21,10
2024-06-04,Tuesday,Dinner,960,Sunny,40,No,No,No,926,836,90,46
2024-06-11,Tuesday,Breakfast,968,Cloudy,26,No,No,No,957,956,1,1
2024-04-29,Monday,Lunch,232,Stormy,23,Yes,No,No,196,103,93,83
2024-02-04,Sunday,Lunch,795,Rainy,29,Yes,Yes,Yes,767,674,93,54
2024-11-03,Sunday,Dinner,900,Cloudy,31,Yes,Yes,Yes,923,905,18,11
2024-12-13,Friday,Breakfast,579,Sunny,34,Yes,No,No,561,531,30,26
2024-09-18,Wednesday,Lunch,627,Rainy,24,Yes,Yes,No,616,597,19,13
2024-01-21,Sunday,Lunch,413,Stormy,28,No,Yes,Yes,364,265,99,39
2024-07-30,Tuesday,Breakfast,933,Cloudy,26,Yes,Yes,No,902,840,62,44
2024-08-09,Friday,Dinner,709,Cloudy,25,No,Yes,No,680,655,25,6
2024-06-13,Thursday,Dinner,454,Stormy,23,No,No,No,453,366,87,35
2024-01-16,Tuesday,Breakfast,897,Cloudy,28,Yes,Yes,No,866,851,15,11
2024-10-23,Wednesday,Breakfast,467,Sunny,34,Yes,No,No,513,467,46,32
2024-01-18,Thursday,Breakfast,573,Rainy,22,Yes,No,No,571,503,68,65
2024-06-11,Tuesday,Breakfast,702,Stormy,25,Yes,Yes,No,742,655,87,87
2024-06-27,Thursday,Dinner,635,Cloudy,31,No,Yes,No,589,586,3,1
2024-04-24,Wednesday,Dinner,895,Stormy,24,No,Yes,No,888,877,11,10
2024-06-07,Friday,Lunch,848,Cloudy,30,Yes,Yes,No,846,820,26,20
2024-06-16,Sunday,Dinner,786,Sunny,33,No,No,Yes,753,703,50,46
2024-08-21,Wednesday,Breakfast,712,Sunny,33,No,No,No,756,693,63,18
2024-07-19,Friday,Dinner,305,Stormy,20,No,No,No,302,294,8,7
2024-02-11,Sunday,Lunch,613,Cloudy,26,Yes,No,Yes,592,524,68,23
2024-07-07,Sunday,Breakfast,980,Stormy,20,Yes,Yes,Yes,947,938,9,9
2024-02-18,Sunday,Dinner,321,Rainy,23,Yes,Yes,Yes,299,248,51,39
2024-03-18,Monday,Dinner,570,Stormy,24,Yes,Yes,No,583,551,32,20
2024-07-02,Tuesday,Dinner,499,Stormy,24,Yes,Yes,No,549,459,90,61
2024-03-27,Wednesday,Dinner,238,Rainy,30,Yes,No,No,233,153,80,5
2024-07-27,Saturday,Dinner,492,Rainy,24,Yes,Yes,Yes,489,414,75,8
2024-03-22,Friday,Breakfast,853,Cloudy,28,No,No,No,902,820,82,50
2024-01-25,Thursday,Dinner,369,Cloudy,26,No,Yes,No,346,319,27,13
2024-02-09,Friday,Breakfast,242,Stormy,26,Yes,Yes,No,241,189,52,46
2024-02-21,Wednesday,Lunch,288,Rainy,27,Yes,Yes,No,319,306,13,0
2024-06-01,Saturday,Breakfast,692,Rainy,25,Yes,Yes,Yes,708,642,66,24
2024-07-28,Sunday,Dinner,561,Stormy,22,No,Yes,Yes,517,455,62,21
2024-12-14,Saturday,Breakfast,863,Stormy,27,No,No,Yes,897,891,6,4
2024-09-14,Saturday,Lunch,395,Cloudy,27,Yes,Yes,Yes,370,318,52,24
2024-03-11,Monday,Dinner,663,Sunny,30,No,Yes,No,640,544,96,62
2024-11-09,Saturday,Lunch,714,Rainy,22,Yes,No,Yes,738,729,9,6
2024-06-28,Friday,Dinner,226,Sunny,34,No,No,No,207,141,66,12
2024-04-18,Thursday,Dinner,263,Stormy,23,Yes,Yes,No,255,248,7,5
2024-06-10,Monday,Breakfast,449,Sunny,38,No,Yes,No,460,361,99,51
2024-01-13,Saturday,Dinner,677,Rainy,29,Yes,Yes,Yes,697,597,100,86
2024-02-02,Friday,Breakfast,707,Rainy,24,Yes,Yes,No,734,695,39,3
2024-05-15,Wednesday,Breakfast,336,Stormy,23,Yes,Yes,No,328,314,14,10
2024-07-24,Wednesday,Dinner,793,Cloudy,28,No,Yes,No,832,766,66,61
2024-02-05,Monday,Lunch,575,Stormy,26,No,No,No,622,527,95,33
2024-01-11,Thursday,Lunch,862,Sunny,40,Yes,No,No,819,793,26,9
2024-01-25,Thursday,Breakfast,864,Sunny,40,Yes,No,No,870,813,57,35
2024-09-11,Wednesday,Lunch,851,Sunny,40,Yes,No,No,897,864,33,6
2024-03-07,Thursday,Breakfast,634,Rainy,27,Yes,No,No,680,660,20,9
2024-02-20,Tuesday,Breakfast,307,Rainy,22,No,Yes,No,305,291,14,14
2024-10-28,Monday,Dinner,612,Stormy,21,No,Yes,No,582,520,62,45
2024-05-15,Wednesday,Dinner,632,Rainy,27,No,Yes,No,651,569,82,30
2024-07-13,Saturday,Breakfast,330,Sunny,37,Yes,Yes,Yes,285,203,82,29
2024-05-17,Friday,Lunch,623,Cloudy,27,Yes,No,No,614,534,80,1
2024-12-16,Monday,Dinner,365,Stormy,22,Yes,Yes,No,361,279,82,41
2024-07-12,Friday,Lunch,676,Stormy,27,No,Yes,No,644,548,96,0
2024-09-03,Tuesday,Breakfast,294,Sunny,38,No,No,No,274,237,37,34
2024-11-18,Monday,Breakfast,279,Sunny,35,Yes,Yes,No,322,250,72,61
2024-12-31,Tuesday,Lunch,943,Sunny,40,No,No,No,947,880,67,44
2024-12-16,Monday,Lunch,470,Stormy,25,Yes,No,No,462,455,7,0
2024-04-08,Monday,Lunch,824,Rainy,30,Yes,No,No,852,801,51,1
2024-06-12,Wednesday,Breakfast,349,Cloudy,29,Yes,No,No,309,223,86,18
2024-02-17,Saturday,Dinner,471,Sunny,34,Yes,Yes,Yes,476,409,67,10
2024-02-09,Friday,Dinner,864,Cloudy,31,No,Yes,No,868,846,22,7
2024-08-10,Saturday,Lunch,898,Stormy,26,No,No,Yes,896,894,2,2
2024-07-07,Sunday,Lunch,815,Stormy,21,Yes,Yes,Yes,821,734,87,23
2024-10-20,Sunday,Dinner,992,Rainy,27,No,Yes,Yes,957,953,4,0
2024-05-23,Thursday,Breakfast,501,Sunny,34,Yes,Yes,No,528,436,92,71
2024-04-12,Friday,Breakfast,527,Sunny,31,No,Yes,No,535,511,24,2
2024-08-03,Saturday,Dinner,723,Rainy,23,Yes,No,Yes,752,664,88,23
2024-08-02,Friday,Lunch,683,Sunny,40,Yes,Yes,No,662,623,39,21
2024-03-09,Saturday,Lunch,583,Cloudy,25,Yes,No,Yes,557,539,18,4
2024-07-08,Monday,Lunch,424,Stormy,25,Yes,Yes,No,459,365,94,2
2024-12-08,Sunday,Breakfast,402,Sunny,39,No,No,Yes,385,355,30,17
2024-12-31,Tuesday,Breakfast,878,Rainy,28,No,Yes,No,843,765,78,13
2024-03-18,Monday,Dinner,224,Sunny,30,Yes,Yes,No,242,216,26,8
2024-05-14,Tuesday,Breakfast,737,Sunny,31,Yes,Yes,No,762,702,60,15
2024-06-14,Friday,Dinner,465,Stormy,27,No,Yes,No,473,439,34,23
2024-03-12,Tuesday,Dinner,788,Stormy,26,Yes,Yes,No,739,667,72,24
2024-11-05,Tuesday,Lunch,574,Rainy,23,No,Yes,No,591,573,18,5
2024-07-08,Monday,Lunch,671,Stormy,23,No,Yes,No,716,627,89,25
2024-01-23,Tuesday,Dinner,810,Sunny,30,No,Yes,No,808,796,12,12
2024-04-26,Friday,Breakfast,619,Rainy,28,No,Yes,No,655,602,53,47
2024-11-17,Sunday,Lunch,960,Cloudy,27,Yes,Yes,Yes,953,894,59,25
2024-11-23,Saturday,Dinner,615,Sunny,31,Yes,Yes,Yes,634,628,6,2
2024-02-11,Sunday,Dinner,896,Rainy,29,No,Yes,Yes,877,820,57,55
2024-12-10,Tuesday,Lunch,830,Rainy,22,No,Yes,No,870,809,61,4
2024-12-09,Monday,Breakfast,722,Rainy,29,Yes,No,No,770,734,36,3
2024-01-19,Friday,Breakfast,893,Cloudy,26,No,No,No,878,836,42,24
2024-12-01,Sunday,Breakfast,937,Rainy,22,No,Yes,Yes,958,894,64,7
2024-01-16,Tuesday,Lunch,818,Sunny,34,No,No,No,800,710,90,7
2024-08-07,Wednesday,Breakfast,980,Cloudy,32,Yes,No,No,940,883,57,21
2024-03-07,Thursday,Breakfast,898,Rainy,22,No,No,No,861,848,13,0
2024-07-28,Sunday,Breakfast,866,Stormy,24,No,No,Yes,860,793,67,62
2024-02-26,Monday,Lunch,631,Rainy,30,No,Yes,No,594,519,75,43
2024-02-01,Thursday,Breakfast,311,Rainy,26,Yes,Yes,No,357,297,60,15
2024-05-05,Sunday,Dinner,326,Rainy,23,Yes,No,Yes,292,292,0,0
2024-12-10,Tuesday,Dinner,895,Cloudy,28,No,Yes,No,881,807,74,59
2024-11-20,Wednesday,Dinner,288,Rainy,28,Yes,No,No,242,209,33,13
2024-03-22,Friday,Lunch,592,Sunny,30,No,No,No,584,548,36,29
2024-04-09,Tuesday,Breakfast,266,Stormy,25,No,No,No,301,290,11,1
2024-05-10,Friday,Lunch,410,Cloudy,27,No,No,No,362,342,20,20
2024-04-30,Tuesday,Breakfast,704,Stormy,27,Yes,Yes,No,747,718,29,25
2024-06-01,Saturday,Lunch,237,Cloudy,30,No,Yes,Yes,235,180,55,55
2024-08-11,Sunday,Breakfast,789,Stormy,24,Yes,No,Yes,747,696,51,38
2024-02-14,Wednesday,Dinner,384,Rainy,23,No,No,No,393,359,34,22
2024-06-10,Monday,Lunch,449,Sunny,35,Yes,No,No,435,426,9,0
2024-10-22,Tuesday,Lunch,646,Stormy,28,No,No,No,696,632,64,37
2024-05-08,Wednesday,Dinner,573,Sunny,30,No,Yes,No,548,511,37,6
2024-04-17,Wednesday,Breakfast,564,Rainy,27,No,Yes,No,578,558,20,4
2024-11-16,Saturday,Dinner,356,Rainy,24,No,Yes,Yes,325,252,73,59
2024-07-10,Wednesday,Breakfast,627,Cloudy,27,No,Yes,No,637,569,68,47
2024-04-18,Thursday,Breakfast,935,Stormy,27,Yes,No,No,956,911,45,1
2024-04-07,Sunday,Dinner,578,Sunny,32,No,Yes,Yes,601,587,14,4
2024-11-17,Sunday,Lunch,644,Rainy,25,Yes,Yes,Yes,618,535,83,54
2024-05-30,Thursday,Lunch,754,Stormy,22,No,Yes,No,752,697,55,50
2024-11-24,Sunday,Breakfast,640,Sunny,32,No,Yes,Yes,642,565,77,35
2024-05-09,Thursday,Lunch,422,Rainy,30,No,Yes,No,372,296,76,47
2024-04-05,Friday,Lunch,650,Stormy,22,Yes,No,No,648,635,13,13
2024-05-04,Saturday,Dinner,906,Rainy,30,No,Yes,Yes,866,820,46,35
2024-07-25,Thursday,Lunch,897,Rainy,24,No,Yes,No,879,809,70,44
2024-10-28,Monday,Lunch,406,Stormy,24,No,No,No,415,414,1,0
2024-03-07,Thursday,Dinner,856,Stormy,26,Yes,No,No,853,772,81,70
2024-07-23,Tuesday,Dinner,945,Cloudy,32,Yes,No,No,945,904,41,24
2024-06-23,Sunday,Dinner,810,Rainy,23,No,Yes,Yes,809,747,62,44
2024-11-12,Tuesday,Dinner,616,Stormy,23,No,No,No,616,578,38,0
2024-12-29,Sunday,Breakfast,242,Rainy,23,No,No,Yes,266,206,60,43
2024-03-29,Friday,Lunch,492,Stormy,20,Yes,Yes,No,466,429,37,17
2024-03-24,Sunday,Breakfast,360,Cloudy,32,No,Yes,Yes,378,288,90,68
2024-01-30,Tuesday,Lunch,493,Stormy,23,Yes,Yes,No,452,402,50,11
2024-12-25,Wednesday,Dinner,397,Sunny,36,Yes,Yes,No,415,381,34,5
2024-07-21,Sunday,Breakfast,335,Rainy,29,No,No,Yes,296,202,94,60
2024-11-23,Saturday,Lunch,824,Stormy,24,Yes,No,Yes,848,795,53,27
2024-09-12,Thursday,Dinner,359,Sunny,37,Yes,Yes,No,335,325,10,6
2024-11-14,Thursday,Breakfast,850,Rainy,27,No,Yes,No,831,741,90,83
2024-01-21,Sunday,Breakfast,789,Sunny,37,Yes,Yes,Yes,810,761,49,37
2024-03-11,Monday,Breakfast,230,Sunny,30,Yes,No,No,238,197,41,19
2024-07-17,Wednesday,Dinner,687,Rainy,26,Yes,No,No,654,618,36,26
2024-10-14,Monday,Dinner,947,Cloudy,31,No,No,No,986,911,75,22
2024-07-07,Sunday,Lunch,938,Rainy,28,No,Yes,Yes,941,841,100,84
2024-08-09,Friday,Breakfast,922,Sunny,36,No,Yes,No,874,827,47,29
2024-04-25,Thursday,Lunch,836,Rainy,23,No,Yes,No,815,784,31,5
2024-10-01,Tuesday,Dinner,875,Sunny,31,No,Yes,No,884,819,65,64
2024-09-02,Monday,Dinner,746,Sunny,35,Yes,No,No,782,735,47,13
2024-12-03,Tuesday,Lunch,633,Stormy,23,Yes,No,No,655,599,56,31
2024-10-05,Saturday,Lunch,520,Cloudy,31,Yes,No,Yes,554,457,97,78
2024-03-08,Friday,Dinner,937,Sunny,33,Yes,Yes,No,887,846,41,8
2024-01-18,Thursday,Lunch,940,Cloudy,26,No,No,No,942,865,77,30
2024-01-23,Tuesday,Lunch,541,Cloudy,32,Yes,Yes,No,527,441,86,64
2024-05-21,Tuesday,Breakfast,657,Cloudy,25,No,No,No,677,645,32,23
2024-03-25,Monday,Lunch,743,Stormy,28,No,Yes,No,768,765,3,0
2024-12-19,Thursday,Lunch,434,Sunny,32,Yes,No,No,425,423,2,1
2024-01-22,Monday,Lunch,284,Rainy,28,No,Yes,No,289,236,53,26
2024-02-20,Tuesday,Lunch,885,Rainy,25,No,Yes,No,845,795,50,16
2024-10-01,Tuesday,Breakfast,858,Rainy,23,No,No,No,827,777,50,45
2024-12-04,Wednesday,Dinner,281,Rainy,25,No,No,No,262,172,90,73
2024-03-06,Wednesday,Lunch,730,Cloudy,27,No,No,No,743,738,5,0
2024-07-13,Saturday,Lunch,801,Cloudy,33,Yes,Yes,Yes,807,709,98,78
2024-04-22,Monday,Dinner,953,Stormy,22,Yes,No,No,924,832,92,21
2024-01-07,Sunday,Breakfast,476,Stormy,21,No,Yes,Yes,433,433,0,0
2024-07-30,Tuesday,Lunch,971,Stormy,23,Yes,Yes,No,1002,945,57,53
2024-03-30,Saturday,Dinner,368,Rainy,29,Yes,No,Yes,327,248,79,34
2024-05-28,Tuesday,Lunch,288,Stormy,24,Yes,No,No,289,264,25,24
2024-05-20,Monday,Breakfast,800,Stormy,25,Yes,No,No,816,766,50,38
2024-06-23,Sunday,Breakfast,225,Stormy,24,No,No,Yes,270,206,64,25
2024-01-15,Monday,Breakfast,653,Rainy,28,No,Yes,No,697,610,87,70
2024-05-25,Saturday,Breakfast,742,Cloudy,31,Yes,Yes,Yes,704,649,55,6
2024-04-04,Thursday,Breakfast,231,Stormy,27,No,No,No,188,187,1,1
2024-03-12,Tuesday,Lunch,777,Stormy,28,Yes,No,No,732,694,38,8
2024-02-11,Sunday,Lunch,727,Stormy,22,No,Yes,Yes,690,653,37,8
2024-01-04,Thursday,Breakfast,574,Rainy,22,No,No,No,540,440,100,81
2024-10-04,Friday,Breakfast,565,Sunny,31,No,No,No,527,505,22,16
2024-06-26,Wednesday,Lunch,432,Stormy,27,Yes,Yes,No,466,379,87,8
2024-04-02,Tuesday,Lunch,944,Stormy,28,Yes,No,No,954,911,43,3
2024-06-12,Wednesday,Dinner,478,Stormy,28,No,Yes,No,466,394,72,33
2024-11-14,Thursday,Dinner,417,Rainy,26,No,Yes,No,458,399,59,23
2024-06-25,Tuesday,Dinner,646,Cloudy,27,Yes,Yes,No,692,599,93,25
2024-10-29,Tuesday,Dinner,338,Stormy,26,Yes,No,No,314,272,42,26
2024-01-28,Sunday,Breakfast,706,Stormy,28,No,No,Yes,675,591,84,57
2024-12-21,Saturday,Breakfast,603,Sunny,33,Yes,Yes,Yes,582,513,69,23
2024-02-13,Tuesday,Dinner,410,Sunny,31,Yes,No,No,403,392,11,1
2024-05-18,Saturday,Dinner,922,Cloudy,28,Yes,No,Yes,893,862,31,6
2024-09-22,Sunday,Breakfast,276,Sunny,30,Yes,No,Yes,311,287,24,19
2024-08-31,Saturday,Lunch,319,Stormy,21,Yes,No,Yes,288,264,24,1
2024-10-24,Thursday,Dinner,957,Cloudy,27,No,No,No,919,849,70,36
2024-07-19,Friday,Lunch,552,Stormy,23,Yes,Yes,No,560,538,22,18
2024-03-10,Sunday,Dinner,913,Rainy,29,Yes,No,Yes,890,793,97,74
2024-10-12,Saturday,Lunch,607,Stormy,25,Yes,No,Yes,594,524,70,29
2024-07-19,Friday,Breakfast,825,Rainy,30,Yes,Yes,No,806,740,66,9
2024-03-21,Thursday,Breakfast,981,Rainy,22,No,Yes,No,981,921,60,42
2024-10-05,Saturday,Dinner,841,Cloudy,26,Yes,Yes,Yes,834,779,55,39
2024-07-18,Thursday,Dinner,887,Rainy,27,Yes,No,No,840,808,32,17
2024-02-05,Monday,Lunch,961,Cloudy,31,No,Yes,No,997,924,73,14
2024-08-04,Sunday,Breakfast,964,Cloudy,29,Yes,Yes,Yes,974,941,33,26
2024-02-02,Friday,Dinner,511,Sunny,30,No,Yes,No,484,449,35,24
2024-01-01,Monday,Lunch,793,Sunny,38,Yes,Yes,No,838,819,19,6
2024-08-17,Saturday,Dinner,472,Rainy,28,Yes,No,Yes,475,399,76,50
2024-06-03,Monday,Breakfast,312,Stormy,20,No,Yes,No,294,239,55,23
2024-06-25,Tuesday,Breakfast,566,Rainy,27,No,Yes,No,613,560,53,2
2024-11-12,Tuesday,Breakfast,825,Stormy,25,Yes,No,No,816,795,21,15
2024-12-29,Sunday,Dinner,600,Sunny,38,No,Yes,Yes,584,577,7,1
2024-06-05,Wednesday,Lunch,599,Rainy,30,No,Yes,No,593,560,33,26
2024-01-24,Wednesday,Dinner,282,Rainy,26,Yes,No,No,298,260,38,15
2024-06-17,Monday,Dinner,634,Rainy,28,No,No,No,590,545,45,1
2024-08-04,Sunday,Breakfast,376,Cloudy,31,Yes,No,Yes,341,324,17,17
2024-09-20,Friday,Lunch,981,Stormy,20,Yes,No,No,1019,986,33,6
2024-09-22,Sunday,Lunch,713,Sunny,33,No,No,Yes,761,751,10,7
2024-02-18,Sunday,Dinner,986,Stormy,27,Yes,Yes,Yes,977,886,91,3
2024-07-13,Saturday,Dinner,850,Sunny,33,No,No,Yes,899,803,96,63
2024-10-19,Saturday,Lunch,897,Stormy,26,Yes,Yes,Yes,879,791,88,74
2024-04-04,Thursday,Breakfast,707,Sunny,34,Yes,No,No,749,716,33,33
2024-07-08,Monday,Breakfast,545,Rainy,25,No,Yes,No,592,576,16,0
2024-01-27,Saturday,Breakfast,693,Sunny,30,No,Yes,Yes,724,635,89,58
2024-01-19,Friday,Lunch,620,Stormy,24,Yes,Yes,No,586,504,82,0
2024-03-19,Tuesday,Lunch,470,Sunny,37,No,No,No,421,360,61,20
2024-02-10,Saturday,Lunch,527,Cloudy,25,Yes,No,Yes,540,536,4,4
2024-06-30,Sunday,Lunch,500,Rainy,29,No,Yes,Yes,489,467,22,3
2024-04-14,Sunday,Dinner,464,Stormy,22,Yes,Yes,Yes,422,415,7,0
2024-04-21,Sunday,Breakfast,306,Rainy,30,No,Yes,Yes,302,225,77,75
2024-10-22,Tuesday,Dinner,769,Rainy,23,Yes,No,No,760,750,10,4
2024-08-02,Friday,Dinner,739,Sunny,30,Yes,No,No,715,690,25,3
2024-01-27,Saturday,Breakfast,582,Rainy,27,No,Yes,Yes,620,540,80,47
2024-02-25,Sunday,Breakfast,897,Sunny,38,Yes,Yes,Yes,922,875,47,14
2024-04-27,Saturday,Breakfast,237,Cloudy,32,Yes,Yes,Yes,206,185,21,17
2024-09-10,Tuesday,Lunch,306,Cloudy,25,No,No,No,307,244,63,54
2024-11-30,Saturday,Breakfast,999,Cloudy,33,No,Yes,Yes,957,921,36,15
2024-07-14,Sunday,Lunch,584,Cloudy,30,Yes,Yes,Yes,569,541,28,23
2024-12-22,Sunday,Breakfast,519,Stormy,27,Yes,No,Yes,505,442,63,45
2024-12-08,Sunday,Lunch,958,Sunny,33,Yes,No,Yes,937,858,79,21
2024-04-26,Friday,Lunch,604,Stormy,26,No,No,No,570,536,34,34
2024-10-23,Wednesday,Lunch,963,Rainy,26,Yes,Yes,No,934,933,1,1
2024-11-28,Thursday,Lunch,216,Rainy,24,Yes,Yes,No,249,179,70,23
2024-07-05,Friday,Dinner,280,Stormy,21,Yes,No,No,297,257,40,38
2024-01-13,Saturday,Dinner,584,Sunny,36,Yes,No,Yes,619,590,29,11
2024-05-02,Thursday,Breakfast,803,Cloudy,29,Yes,Yes,No,778,683,95,29
2024-03-06,Wednesday,Breakfast,933,Cloudy,33,No,Yes,No,884,794,90,74
2024-05-24,Friday,Lunch,952,Stormy,20,No,No,No,916,817,99,43
2024-12-31,Tuesday,Lunch,437,Stormy,21,No,No,No,486,393,93,1
2024-11-13,Wednesday,Breakfast,301,Sunny,30,No,Yes,No,297,279,18,13
2024-03-01,Friday,Lunch,373,Sunny,33,Yes,Yes,No,366,266,100,10
2024-08-25,Sunday,Breakfast,872,Sunny,36,Yes,Yes,Yes,890,818,72,69
2024-10-19,Saturday,Dinner,814,Rainy,25,No,Yes,Yes,860,848,12,9
2024-09-16,Monday,Dinner,596,Sunny,36,Yes,Yes,No,613,542,71,6
2024-10-16,Wednesday,Lunch,347,Cloudy,27,Yes,No,No,397,319,78,54
2024-03-01,Friday,Dinner,245,Sunny,34,Yes,No,No,201,140,61,23
2024-01-10,Wednesday,Dinner,782,Sunny,35,No,Yes,No,789,735,54,51
2024-03-22,Friday,Dinner,605,Cloudy,30,Yes,Yes,No,611,559,52,14
2024-10-23,Wednesday,Lunch,940,Cloudy,32,Yes,Yes,No,924,905,19,9
2024-05-17,Friday,Breakfast,367,Rainy,29,No,Yes,No,406,399,7,0
2024-09-02,Monday,Lunch,420,Sunny,39,Yes,Yes,No,379,298,81,47
2024-12-03,Tuesday,Dinner,659,Rainy,26,No,Yes,No,701,667,34,32
2024-12-05,Thursday,Lunch,516,Sunny,32,Yes,Yes,No,540,467,73,69
2024-01-26,Friday,Breakfast,741,Rainy,27,No,No,No,700,624,76,11
2024-06-05,Wednesday,Breakfast,514,Rainy,24,No,Yes,No,504,492,12,11
2024-12-07,Saturday,Dinner,780,Sunny,36,Yes,Yes,Yes,804,736,68,66
2024-04-20,Saturday,Dinner,548,Stormy,20,Yes,No,Yes,505,441,64,51
2024-10-24,Thursday,Lunch,308,Sunny,40,No,Yes,No,350,310,40,23
2024-06-17,Monday,Lunch,315,Cloudy,32,Yes,Yes,No,314,266,48,33
2024-09-19,Thursday,Dinner,660,Cloudy,26,No,Yes,No,683,643,40,33
2024-03-31,Sunday,Dinner,529,Cloudy,33,No,No,Yes,486,472,14,6
2024-01-15,Monday,Lunch,583,Rainy,27,Yes,No,No,547,480,67,42
2024-10-21,Monday,Lunch,908,Sunny,38,No,No,No,922,878,44,33
2024-08-03,Saturday,Breakfast,457,Sunny,31,Yes,Yes,Yes,479,474,5,2
2024-01-27,Saturday,Dinner,755,Stormy,24,No,Yes,Yes,764,690,74,4
2024-11-01,Friday,Lunch,256,Rainy,29,No,Yes,No,296,252,44,24
2024-04-03,Wednesday,Breakfast,948,Stormy,21,No,Yes,No,975,898,77,9
2024-04-01,Monday,Lunch,320,Rainy,26,No,No,No,310,226,84,30
2024-10-01,Tuesday,Lunch,369,Cloudy,32,Yes,Yes,No,368,286,82,52
2024-11-14,Thursday,Lunch,533,Rainy,27,Yes,No,No,528,506,22,6
2024-01-15,Monday,Breakfast,498,Stormy,25,Yes,Yes,No,469,420,49,8
2024-04-27,Saturday,Lunch,924,Stormy,21,No,Yes,Yes,935,863,72,46
2024-02-14,Wednesday,Dinner,398,Sunny,34,Yes,No,No,428,354,74,18
2024-09-19,Thursday,Lunch,990,Stormy,25,No,No,No,949,915,34,22
2024-08-29,Thursday,Breakfast,360,Stormy,22,No,No,No,322,276,46,16
2024-06-19,Wednesday,Dinner,240,Cloudy,30,No,Yes,No,255,174,81,45
2024-12-11,Wednesday,Lunch,337,Stormy,23,No,No,No,338,307,31,19
2024-05-14,Tuesday,Dinner,383,Cloudy,25,Yes,No,No,346,299,47,25
2024-01-07,Sunday,Dinner,730,Stormy,25,No,Yes,Yes,728,684,44,31
2024-03-27,Wednesday,Dinner,457,Rainy,30,No,No,No,478,450,28,28
2024-04-13,Saturday,Breakfast,450,Sunny,37,No,No,Yes,436,360,76,45
2024-12-15,Sunday,Breakfast,334,Rainy,25,No,No,Yes,366,287,79,33
2024-07-12,Friday,Dinner,731,Rainy,26,No,No,No,709,620,89,17
2024-08-16,Friday,Breakfast,699,Rainy,30,Yes,No,No,719,641,78,8
2024-07-01,Monday,Dinner,489,Sunny,39,Yes,No,No,539,478,61,35
2024-06-27,Thursday,Breakfast,205,Cloudy,29,Yes,No,No,158,111,47,37
2024-02-22,Thursday,Breakfast,252,Rainy,30,No,Yes,No,220,179,41,7
2024-06-13,Thursday,Lunch,486,Cloudy,29,No,Yes,No,477,452,25,2
2024-11-25,Monday,Breakfast,939,Cloudy,27,No,Yes,No,890,825,65,45
2024-10-21,Monday,Dinner,986,Stormy,20,Yes,Yes,No,1023,992,31,15
2024-02-20,Tuesday,Breakfast,244,Rainy,26,Yes,Yes,No,238,158,80,46
2024-06-27,Thursday,Breakfast,723,Rainy,24,Yes,No,No,766,684,82,56
2024-05-18,Saturday,Lunch,591,Stormy,23,No,Yes,Yes,600,587,13,1
2024-08-17,Saturday,Dinner,591,Cloudy,28,No,Yes,Yes,588,519,69,20
2024-04-22,Monday,Dinner,310,Rainy,23,No,No,No,325,314,11,4
2024-12-09,Monday,Dinner,268,Sunny,30,Yes,No,No,262,205,57,15
2024-05-24,Friday,Lunch,686,Cloudy,29,Yes,Yes,No,678,671,7,2
2024-01-23,Tuesday,Lunch,611,Stormy,24,Yes,Yes,No,637,629,8,1
2024-05-30,Thursday,Breakfast,717,Stormy,24,No,Yes,No,676,616,60,46
2024-06-09,Sunday,Dinner,273,Cloudy,26,No,Yes,Yes,313,240,73,9
2024-02-25,Sunday,Dinner,487,Stormy,28,Yes,No,Yes,537,514,23,2
2024-04-30,Tuesday,Breakfast,467,Stormy,22,Yes,Yes,No,420,408,12,6
2024-03-10,Sunday,Breakfast,859,Cloudy,33,Yes,Yes,Yes,844,835,9,5
2024-08-24,Saturday,Dinner,424,Rainy,27,Yes,Yes,Yes,374,311,63,35
2024-07-11,Thursday,Dinner,642,Cloudy,27,No,No,No,597,559,38,0
2024-03-26,Tuesday,Breakfast,414,Stormy,20,No,No,No,411,361,50,45
2024-06-22,Saturday,Lunch,680,Rainy,28,No,No,Yes,691,634,57,23
2024-05-31,Friday,Lunch,418,Cloudy,29,No,No,No,397,321,76,25
2024-04-23,Tuesday,Lunch,391,Stormy,25,No,Yes,No,369,359,10,2
2024-01-12,Friday,Dinner,754,Rainy,23,Yes,No,No,719,671,48,28
2024-05-22,Wednesday,Dinner,570,Cloudy,32,Yes,No,No,567,562,5,0
2024-07-05,Friday,Dinner,472,Stormy,25,Yes,Yes,No,441,387,54,6
2024-09-04,Wednesday,Lunch,910,Stormy,22,No,Yes,No,949,908,41,24
2024-03-24,Sunday,Lunch,851,Cloudy,33,No,No,Yes,809,783,26,23
2024-06-20,Thursday,Dinner,985,Rainy,28,Yes,No,No,979,883,96,91
2024-08-29,Thursday,Lunch,202,Sunny,34,Yes,No,No,235,156,79,39
2024-12-19,Thursday,Lunch,675,Stormy,26,Yes,No,No,682,673,9,1
2024-06-24,Monday,Dinner,254,Sunny,30,No,Yes,No,234,146,88,44
2024-11-01,Friday,Lunch,591,Stormy,20,No,No,No,580,482,98,66
2024-01-06,Saturday,Lunch,768,Cloudy,32,Yes,Yes,Yes,818,724,94,66
2024-02-25,Sunday,Breakfast,352,Rainy,28,Yes,No,Yes,308,212,96,89
2024-08-03,Saturday,Breakfast,407,Stormy,21,Yes,No,Yes,364,335,29,3
2024-11-06,Wednesday,Lunch,891,Cloudy,29,No,Yes,No,898,799,99,93
2024-10-27,Sunday,Dinner,525,Sunny,36,No,No,Yes,517,493,24,22
2024-10-23,Wednesday,Breakfast,743,Stormy,22,No,Yes,No,758,757,1,1
2024-06-16,Sunday,Lunch,476,Cloudy,31,No,No,Yes,517,509,8,7
2024-09-12,Thursday,Dinner,331,Cloudy,31,No,No,No,304,290,14,6
2024-11-19,Tuesday,Lunch,509,Sunny,33,No,Yes,No,467,434,33,7
2024-04-06,Saturday,Dinner,348,Rainy,25,Yes,No,Yes,334,273,61,24
2024-06-06,Thursday,Lunch,989,Cloudy,32,Yes,No,No,1023,1014,9,2
2024-01-14,Sunday,Lunch,535,Sunny,40,Yes,No,Yes,552,544,8,2
2024-01-11,Thursday,Breakfast,903,Stormy,22,Yes,Yes,No,903,896,7,6
2024-01-06,Saturday,Dinner,788,Sunny,38,Yes,Yes,Yes,810,721,89,76
2024-10-30,Wednesday,Breakfast,305,Cloudy,32,Yes,Yes,No,296,249,47,46
2024-09-24,Tuesday,Dinner,860,Rainy,30,Yes,No,No,864,809,55,40
2024-12-25,Wednesday,Breakfast,965,Sunny,30,No,No,No,973,909,64,28
2024-10-09,Wednesday,Breakfast,318,Sunny,35,No,Yes,No,297,259,38,20
2024-01-12,Friday,Dinner,972,Stormy,22,Yes,Yes,No,959,926,33,17
2024-05-18,Saturday,Lunch,300,Cloudy,31,No,Yes,Yes,270,217,53,15
2024-01-07,Sunday,Dinner,256,Sunny,31,No,Yes,Yes,250,237,13,3
2024-11-30,Saturday,Lunch,635,Stormy,26,No,Yes,Yes,663,607,56,27
2024-09-10,Tuesday,Lunch,630,Stormy,26,No,No,No,616,586,30,18
2024-01-18,Thursday,Lunch,440,Sunny,31,Yes,No,No,394,316,78,57
2024-07-28,Sunday,Dinner,957,Rainy,26,Yes,No,Yes,980,895,85,81
2024-11-21,Thursday,Dinner,332,Stormy,25,Yes,Yes,No,345,289,56,6
2024-10-12,Saturday,Breakfast,961,Rainy,27,No,Yes,Yes,924,870,54,28
2024-07-31,Wednesday,Dinner,573,Sunny,33,Yes,Yes,No,574,502,72,31
2024-06-07,Friday,Dinner,455,Cloudy,31,Yes,No,No,470,424,46,39
2024-11-28,Thursday,Dinner,800,Sunny,40,No,Yes,No,821,739,82,6
2024-10-15,Tuesday,Lunch,751,Sunny,35,No,Yes,No,746,694,52,22
2024-09-21,Saturday,Dinner,478,Cloudy,30,Yes,No,Yes,523,510,13,4
2024-11-02,Saturday,Breakfast,434,Sunny,31,Yes,No,Yes,476,441,35,8
2024-10-06,Sunday,Dinner,402,Stormy,20,Yes,No,Yes,384,324,60,47
2024-04-09,Tuesday,Breakfast,348,Rainy,26,Yes,No,No,383,305,78,35
2024-05-23,Thursday,Dinner,289,Sunny,39,No,No,No,244,160,84,39
2024-09-12,Thursday,Dinner,659,Rainy,27,Yes,Yes,No,697,668,29,9
2024-10-20,Sunday,Lunch,563,Cloudy,28,No,Yes,Yes,546,545,1,1
2024-03-03,Sunday,Breakfast,772,Sunny,37,No,No,Yes,774,754,20,18
2024-07-09,Tuesday,Dinner,549,Stormy,24,Yes,Yes,No,556,459,97,40
2024-10-01,Tuesday,Dinner,704,Sunny,34,No,Yes,No,680,618,62,39
2024-02-04,Sunday,Breakfast,398,Rainy,28,Yes,Yes,Yes,420,390,30,3
2024-02-19,Monday,Breakfast,483,Stormy,21,Yes,No,No,482,445,37,34
2024-10-27,Sunday,Breakfast,239,Sunny,36,No,No,Yes,202,148,54,52
2024-08-23,Friday,Breakfast,539,Sunny,40,No,Yes,No,523,449,74,7
2024-05-16,Thursday,Breakfast,420,Sunny,40,Yes,Yes,No,371,363,8,2
2024-12-19,Thursday,Dinner,795,Rainy,26,No,Yes,No,820,779,41,34
2024-11-20,Wednesday,Dinner,202,Stormy,22,No,No,No,203,150,53,12
2024-04-19,Friday,Dinner,581,Stormy,21,Yes,Yes,No,624,604,20,19
2024-01-16,Tuesday,Breakfast,402,Rainy,23,Yes,No,No,421,359,62,34
2024-10-31,Thursday,Breakfast,418,Sunny,33,Yes,Yes,No,380,350,30,0
2024-09-29,Sunday,Breakfast,837,Cloudy,31,Yes,Yes,Yes,874,843,31,26
2024-07-14,Sunday,Dinner,961,Sunny,36,Yes,Yes,Yes,955,905,50,20
2024-09-25,Wednesday,Lunch,349,Cloudy,27,Yes,No,No,299,249,50,35
2024-03-09,Saturday,Dinner,534,Sunny,39,Yes,Yes,Yes,553,534,19,14
2024-05-25,Saturday,Breakfast,652,Rainy,26,No,Yes,Yes,606,536,70,27
2024-08-08,Thursday,Breakfast,423,Rainy,23,Yes,No,No,452,373,79,14
2024-09-07,Saturday,Breakfast,768,Cloudy,29,No,Yes,Yes,772,735,37,9
2024-05-30,Thursday,Breakfast,699,Rainy,27,No,No,No,737,729,8,3
2024-12-07,Saturday,Breakfast,557,Sunny,38,Yes,Yes,Yes,547,458,89,82
2024-06-19,Wednesday,Lunch,436,Sunny,34,No,No,No,414,356,58,0
2024-06-26,Wednesday,Dinner,675,Cloudy,28,No,No,No,648,548,100,100
2024-12-19,Thursday,Breakfast,329,Stormy,24,No,No,No,312,249,63,39
2024-05-02,Thursday,Breakfast,882,Rainy,28,Yes,Yes,No,847,844,3,2
2024-11-21,Thursday,Dinner,230,Stormy,28,No,Yes,No,197,117,80,14
2024-10-13,Sunday,Dinner,751,Cloudy,28,Yes,Yes,Yes,793,747,46,33
2024-11-12,Tuesday,Lunch,988,Stormy,26,No,No,No,1038,974,64,32
2024-07-10,Wednesday,Dinner,948,Sunny,33,Yes,No,No,900,804,96,77
2024-08-15,Thursday,Lunch,636,Stormy,23,Yes,No,No,615,608,7,1
2024-08-22,Thursday,Lunch,935,Stormy,26,No,Yes,No,899,836,63,43
2024-05-22,Wednesday,Breakfast,902,Sunny,38,Yes,Yes,No,876,862,14,9
2024-04-03,Wednesday,Breakfast,754,Cloudy,31,Yes,Yes,No,736,664,72,47
2024-09-19,Thursday,Lunch,823,Stormy,20,No,No,No,851,798,53,37
2024-08-17,Saturday,Lunch,961,Stormy,27,No,Yes,Yes,981,971,10,5
2024-06-19,Wednesday,Breakfast,489,Sunny,38,Yes,No,No,450,419,31,19
2024-11-06,Wednesday,Lunch,205,Stormy,28,Yes,Yes,No,252,163,89,46
2024-09-03,Tuesday,Dinner,271,Sunny,37,Yes,No,No,273,252,21,9
2024-07-24,Wednesday,Breakfast,452,Sunny,35,Yes,Yes,No,420,340,80,7
2024-12-13,Friday,Breakfast,243,Stormy,22,No,No,No,285,244,41,34
2024-11-13,Wednesday,Lunch,396,Cloudy,32,Yes,Yes,No,430,383,47,10
2024-03-03,Sunday,Dinner,913,Sunny,30,No,No,Yes,928,894,34,33
2024-04-22,Monday,Dinner,258,Cloudy,31,No,Yes,No,231,224,7,3
2024-06-19,Wednesday,Lunch,316,Sunny,32,Yes,Yes,No,347,274,73,61
2024-06-08,Saturday,Breakfast,962,Rainy,30,No,No,Yes,946,917,29,29
2024-03-22,Friday,Dinner,699,Rainy,28,Yes,Yes,No,687,620,67,42
2024-03-25,Monday,Breakfast,274,Cloudy,27,Yes,Yes,No,312,238,74,47
2024-07-18,Thursday,Dinner,799,Cloudy,27,Yes,Yes,No,789,689,100,92
2024-06-28,Friday,Breakfast,462,Rainy,23,Yes,No,No,424,393,31,1
2024-07-18,Thursday,Dinner,758,Cloudy,25,No,Yes,No,746,678,68,59
2024-04-19,Friday,Lunch,295,Rainy,27,No,Yes,No,276,225,51,15
2024-04-29,Monday,Breakfast,295,Cloudy,31,No,No,No,312,241,71,8
2024-03-04,Monday,Dinner,581,Rainy,26,No,Yes,No,627,564,63,30
2024-12-28,Saturday,Breakfast,909,Rainy,29,No,No,Yes,893,822,71,56
2024-04-10,Wednesday,Lunch,204,Sunny,39,Yes,Yes,No,171,139,32,29
2024-04-09,Tuesday,Lunch,891,Stormy,25,Yes,Yes,No,844,750,94,68
2024-11-04,Monday,Lunch,420,Stormy,24,Yes,Yes,No,376,324,52,9
2024-02-29,Thursday,Breakfast,901,Stormy,20,Yes,Yes,No,906,868,38,27
2024-02-13,Tuesday,Lunch,646,Rainy,25,Yes,No,No,602,548,54,32
2024-11-26,Tuesday,Dinner,423,Rainy,26,No,No,No,425,402,23,11
2024-08-28,Wednesday,Lunch,586,Cloudy,28,No,Yes,No,588,555,33,31
2024-10-06,Sunday,Dinner,547,Rainy,28,No,Yes,Yes,564,510,54,1
2024-02-13,Tuesday,Lunch,403,Stormy,28,No,No,No,444,439,5,3
2024-06-10,Monday,Breakfast,432,Rainy,25,No,Yes,No,383,351,32,16
2024-05-16,Thursday,Breakfast,788,Rainy,29,No,No,No,759,716,43,22
2024-09-05,Thursday,Breakfast,865,Cloudy,28,Yes,No,No,882,828,54,3
2024-01-26,Friday,Breakfast,906,Rainy,30,Yes,Yes,No,915,888,27,9
2024-08-14,Wednesday,Dinner,564,Rainy,22,No,Yes,No,585,570,15,13
2024-07-13,Saturday,Lunch,899,Sunny,34,Yes,Yes,Yes,873,780,93,29
2024-04-24,Wednesday,Dinner,409,Cloudy,28,Yes,Yes,No,367,303,64,56
2024-11-18,Monday,Lunch,571,Cloudy,26,No,No,No,615,523,92,45
2024-07-13,Saturday,Dinner,403,Rainy,24,No,Yes,Yes,393,330,63,58
2024-05-07,Tuesday,Lunch,619,Cloudy,32,Yes,No,No,660,607,53,2
2024-07-15,Monday,Dinner,636,Cloudy,32,Yes,No,No,663,600,63,12
2024-10-04,Friday,Lunch,585,Stormy,20,No,Yes,No,602,550,52,33
2024-09-30,Monday,Dinner,795,Stormy,23,No,Yes,No,821,800,21,21
2024-01-19,Friday,Breakfast,664,Sunny,34,Yes,No,No,695,655,40,11
2024-07-06,Saturday,Lunch,366,Rainy,23,No,No,Yes,340,300,40,3
2024-01-28,Sunday,Lunch,943,Cloudy,33,No,Yes,Yes,976,934,42,2
2024-03-28,Thursday,Lunch,698,Stormy,21,No,Yes,No,711,621,90,82
2024-09-14,Saturday,Dinner,230,Rainy,29,No,No,Yes,188,166,22,3
2024-07-17,Wednesday,Dinner,831,Rainy,26,No,No,No,838,799,39,37
2024-06-05,Wednesday,Lunch,504,Sunny,40,No,No,No,487,403,84,84
2024-09-13,Friday,Lunch,391,Cloudy,31,No,Yes,No,355,265,90,64
2024-02-20,Tuesday,Breakfast,752,Stormy,27,Yes,Yes,No,766,763,3,2
2024-10-31,Thursday,Breakfast,793,Cloudy,26,No,Yes,No,761,733,28,23
2024-10-07,Monday,Breakfast,429,Rainy,27,No,Yes,No,388,379,9,1
2024-01-06,Saturday,Breakfast,918,Rainy,28,Yes,Yes,Yes,875,870,5,1
2024-11-21,Thursday,Lunch,846,Stormy,21,Yes,No,No,859,856,3,0
2024-03-04,Monday,Dinner,411,Stormy,26,No,No,No,371,312,59,15
2024-12-11,Wednesday,Breakfast,862,Rainy,24,No,No,No,870,788,82,39
2024-07-05,Friday,Lunch,913,Sunny,37,No,No,No,884,786,98,53
2024-12-10,Tuesday,Lunch,734,Sunny,37,No,No,No,750,712,38,17
2024-01-08,Monday,Lunch,841,Stormy,25,No,Yes,No,821,733,88,65
2024-05-28,Tuesday,Dinner,373,Rainy,22,No,Yes,No,409,337,72,15
2024-11-15,Friday,Breakfast,412,Rainy,28,Yes,Yes,No,441,356,85,19
2024-07-21,Sunday,Dinner,708,Stormy,28,No,No,Yes,689,631,58,34
2024-11-21,Thursday,Lunch,368,Sunny,33,No,Yes,No,360,286,74,23
2024-11-11,Monday,Lunch,832,Sunny,40,No,No,No,857,779,78,69
2024-04-02,Tuesday,Dinner,633,Cloudy,29,No,No,No,651,572,79,53
2024-11-10,Sunday,Breakfast,652,Rainy,22,Yes,No,Yes,621,529,92,71
2024-06-17,Monday,Breakfast,980,Rainy,23,Yes,No,No,970,956,14,2
2024-06-14,Friday,Breakfast,552,Sunny,37,Yes,Yes,No,541,498,43,37
2024-12-12,Thursday,Lunch,694,Cloudy,25,Yes,No,No,739,653,86,57
2024-05-31,Friday,Breakfast,532,Cloudy,28,No,Yes,No,562,554,8,2
2024-02-28,Wednesday,Lunch,620,Sunny,33,Yes,No,No,629,549,80,22
2024-06-24,Monday,Dinner,734,Sunny,39,No,No,No,742,708,34,6
2024-05-12,Sunday,Lunch,771,Sunny,34,No,No,Yes,724,707,17,7
2024-01-18,Thursday,Breakfast,324,Stormy,28,Yes,Yes,No,290,235,55,42
2024-11-08,Friday,Lunch,993,Cloudy,28,No,Yes,No,987,932,55,19
2024-05-06,Monday,Dinner,384,Sunny,33,No,Yes,No,396,369,27,27
2024-08-25,Sunday,Breakfast,902,Rainy,26,Yes,No,Yes,907,895,12,6
2024-10-23,Wednesday,Lunch,996,Stormy,20,Yes,No,No,964,911,53,22
2024-10-15,Tuesday,Lunch,483,Cloudy,32,Yes,No,No,523,479,44,23
2024-04-23,Tuesday,Dinner,553,Cloudy,28,Yes,No,No,572,557,15,5
2024-07-03,Wednesday,Breakfast,699,Sunny,34,No,No,No,732,699,33,33
2024-09-05,Thursday,Lunch,535,Sunny,31,Yes,No,No,522,490,32,21
2024-01-09,Tuesday,Lunch,218,Stormy,27,Yes,No,No,170,102,68,62
2024-04-26,Friday,Dinner,583,Stormy,20,Yes,Yes,No,541,482,59,50
2024-12-02,Monday,Dinner,702,Stormy,26,No,No,No,705,614,91,1
2024-09-30,Monday,Lunch,949,Rainy,27,Yes,No,No,941,885,56,18
2024-11-21,Thursday,Breakfast,685,Sunny,36,Yes,Yes,No,705,695,10,4
2024-03-13,Wednesday,Lunch,296,Rainy,25,Yes,Yes,No,290,204,86,59
2024-09-09,Monday,Lunch,237,Sunny,36,No,No,No,235,193,42,42
2024-10-08,Tuesday,Breakfast,201,Sunny,31,No,No,No,236,156,80,71
2024-10-05,Saturday,Breakfast,747,Stormy,22,No,No,Yes,756,715,41,14
2024-12-05,Thursday,Lunch,818,Rainy,27,No,No,No,774,765,9,4
2024-02-19,Monday,Lunch,237,Rainy,24,No,Yes,No,268,203,65,47
2024-10-14,Monday,Lunch,966,Sunny,31,No,Yes,No,927,860,67,56
2024-09-17,Tuesday,Lunch,237,Rainy,24,No,No,No,241,197,44,32
2024-11-14,Thursday,Lunch,691,Stormy,28,No,Yes,No,666,589,77,43
2024-06-11,Tuesday,Dinner,302,Rainy,27,No,No,No,295,254,41,33
2024-08-14,Wednesday,Breakfast,921,Sunny,38,No,No,No,920,843,77,43
2024-03-24,Sunday,Breakfast,255,Sunny,37,No,Yes,Yes,234,156,78,47
2024-09-20,Friday,Lunch,934,Cloudy,29,Yes,Yes,No,906,878,28,4
2024-02-20,Tuesday,Dinner,777,Rainy,25,Yes,Yes,No,735,690,45,39
2024-01-01,Monday,Breakfast,241,Rainy,22,Yes,No,No,200,192,8,6
2024-10-06,Sunday,Breakfast,459,Rainy,29,Yes,Yes,Yes,434,347,87,22
2024-09-19,Thursday,Dinner,834,Sunny,30,Yes,Yes,No,861,852,9,9
2024-07-31,Wednesday,Breakfast,506,Rainy,22,No,Yes,No,538,452,86,33
2024-12-02,Monday,Dinner,985,Stormy,22,No,Yes,No,947,892,55,55
2024-01-31,Wednesday,Dinner,610,Stormy,25,Yes,No,No,637,541,96,8
2024-04-24,Wednesday,Breakfast,664,Cloudy,26,Yes,No,No,672,584,88,57
2024-05-21,Tuesday,Lunch,214,Cloudy,32,No,No,No,189,162,27,11
2024-03-12,Tuesday,Breakfast,536,Sunny,40,Yes,Yes,No,543,493,50,5
2024-02-12,Monday,Breakfast,287,Rainy,29,No,No,No,266,204,62,39
2024-08-12,Monday,Dinner,954,Rainy,23,No,Yes,No,957,915,42,37
2024-11-27,Wednesday,Breakfast,905,Rainy,30,No,Yes,No,875,817,58,5
2024-07-19,Friday,Dinner,817,Cloudy,33,No,Yes,No,814,799,15,15
2024-08-22,Thursday,Breakfast,410,Rainy,22,Yes,Yes,No,422,332,90,2
2024-07-02,Tuesday,Dinner,761,Sunny,38,Yes,Yes,No,720,670,50,2
2024-03-02,Saturday,Dinner,275,Sunny,30,Yes,No,Yes,259,259,0,0
2024-09-03,Tuesday,Breakfast,519,Sunny,35,Yes,No,No,539,450,89,38
2024-08-01,Thursday,Lunch,881,Cloudy,32,No,No,No,926,826,100,36
2024-02-18,Sunday,Lunch,420,Rainy,23,Yes,Yes,Yes,387,307,80,18
2024-12-17,Tuesday,Breakfast,995,Rainy,26,Yes,No,No,1016,959,57,17
2024-12-15,Sunday,Dinner,748,Sunny,36,Yes,Yes,Yes,735,694,41,33
2024-10-25,Friday,Dinner,381,Sunny,36,Yes,No,No,356,256,100,32
2024-05-05,Sunday,Lunch,479,Rainy,30,No,Yes,Yes,457,444,13,11
2024-01-17,Wednesday,Lunch,370,Cloudy,30,Yes,No,No,375,340,35,26
2024-05-14,Tuesday,Dinner,452,Rainy,29,Yes,No,No,439,414,25,20
2024-08-23,Friday,Breakfast,407,Cloudy,30,No,Yes,No,424,386,38,19
2024-11-21,Thursday,Breakfast,576,Rainy,22,No,No,No,548,498,50,45
2024-11-20,Wednesday,Lunch,276,Stormy,27,No,Yes,No,246,208,38,17
2024-05-20,Monday,Breakfast,725,Stormy,23,Yes,No,No,700,635,65,44
2024-02-15,Thursday,Lunch,757,Cloudy,27,No,Yes,No,713,691,22,11
2024-05-19,Sunday,Dinner,255,Rainy,24,No,Yes,Yes,211,155,56,41
2024-01-22,Monday,Lunch,258,Sunny,37,No,Yes,No,298,224,74,28
2024-02-20,Tuesday,Breakfast,306,Rainy,28,No,Yes,No,351,295,56,26
2024-02-07,Wednesday,Breakfast,766,Stormy,26,No,No,No,770,767,3,0
2024-01-31,Wednesday,Breakfast,810,Stormy,26,No,Yes,No,798,704,94,84
2024-06-30,Sunday,Breakfast,302,Sunny,34,Yes,No,Yes,333,316,17,6
2024-03-06,Wednesday,Breakfast,267,Stormy,27,No,Yes,No,274,192,82,78
2024-10-25,Friday,Breakfast,299,Sunny,30,Yes,Yes,No,255,220,35,26
2024-03-18,Monday,Lunch,704,Cloudy,30,Yes,No,No,726,709,17,16
2024-11-11,Monday,Breakfast,477,Sunny,37,Yes,Yes,No,521,466,55,52
2024-03-17,Sunday,Breakfast,518,Sunny,33,No,Yes,Yes,511,498,13,7
2024-05-31,Friday,Lunch,335,Cloudy,29,No,Yes,No,305,214,91,76
2024-09-01,Sunday,Breakfast,753,Rainy,29,No,No,Yes,756,714,42,38
2024-03-22,Friday,Breakfast,538,Stormy,24,Yes,No,No,502,453,49,43
2024-06-12,Wednesday,Dinner,401,Rainy,22,No,Yes,No,384,319,65,48
2024-09-29,Sunday,Dinner,381,Sunny,40,Yes,No,Yes,409,311,98,76
2024-04-24,Wednesday,Lunch,309,Stormy,21,Yes,No,No,340,243,97,35
2024-03-08,Friday,Lunch,208,Rainy,24,Yes,Yes,No,191,175,16,12
2024-07-26,Friday,Lunch,265,Rainy,26,No,No,No,247,198,49,30
2024-07-17,Wednesday,Lunch,512,Rainy,25,Yes,Yes,No,538,507,31,1
2024-01-17,Wednesday,Dinner,341,Stormy,27,No,Yes,No,386,322,64,7
2024-08-28,Wednesday,Dinner,829,Stormy,22,No,No,No,829,739,90,70
2024-10-31,Thursday,Breakfast,660,Rainy,30,No,Yes,No,678,615,63,0
2024-04-09,Tuesday,Dinner,802,Cloudy,29,No,Yes,No,794,789,5,2
2024-09-30,Monday,Lunch,603,Sunny,34,Yes,No,No,643,600,43,2
2024-11-20,Wednesday,Dinner,569,Stormy,22,Yes,Yes,No,575,574,1,1
2024-05-15,Wednesday,Dinner,769,Stormy,28,Yes,Yes,No,795,695,100,24
2024-01-20,Saturday,Lunch,263,Sunny,40,No,Yes,Yes,309,216,93,0
2024-02-17,Saturday,Dinner,763,Sunny,31,No,Yes,Yes,809,791,18,9
2024-06-22,Saturday,Breakfast,287,Sunny,40,No,No,Yes,308,279,29,20
2024-06-10,Monday,Breakfast,212,Cloudy,32,Yes,No,No,174,96,78,63
2024-10-03,Thursday,Dinner,923,Stormy,27,No,Yes,No,905,850,55,36
2024-01-16,Tuesday,Dinner,282,Cloudy,25,No,No,No,302,267,35,23
2024-07-23,Tuesday,Lunch,490,Rainy,26,Yes,Yes,No,520,437,83,43
2024-11-13,Wednesday,Lunch,806,Cloudy,25,Yes,Yes,No,759,671,88,45
2024-02-15,Thursday,Lunch,748,Cloudy,30,No,Yes,No,709,688,21,10
2024-10-30,Wednesday,Dinner,449,Cloudy,27,No,Yes,No,488,415,73,39
2024-08-03,Saturday,Dinner,816,Rainy,26,No,Yes,Yes,837,780,57,22
2024-04-29,Monday,Lunch,403,Cloudy,33,Yes,Yes,No,418,337,81,16
2024-06-30,Sunday,Breakfast,790,Rainy,23,No,Yes,Yes,756,723,33,14
2024-10-01,Tuesday,Dinner,394,Sunny,32,No,Yes,No,430,362,68,50
2024-09-05,Thursday,Breakfast,982,Cloudy,30,Yes,Yes,No,956,881,75,74
2024-01-01,Monday,Breakfast,507,Sunny,34,No,Yes,No,482,473,9,4
2024-06-04,Tuesday,Breakfast,364,Stormy,27,No,No,No,356,266,90,1
2024-07-22,Monday,Breakfast,634,Cloudy,32,Yes,Yes,No,658,650,8,0
2024-01-08,Monday,Breakfast,296,Rainy,22,No,No,No,301,212,89,46
2024-09-03,Tuesday,Breakfast,549,Cloudy,33,Yes,Yes,No,599,578,21,0
2024-09-20,Friday,Breakfast,994,Sunny,39,Yes,No,No,993,955,38,32
2024-09-19,Thursday,Dinner,820,Stormy,22,Yes,No,No,790,788,2,1
2024-11-06,Wednesday,Lunch,473,Stormy,21,No,No,No,492,421,71,8
2024-06-12,Wednesday,Lunch,689,Cloudy,33,Yes,Yes,No,676,650,26,8
2024-07-17,Wednesday,Breakfast,787,Cloudy,29,No,Yes,No,763,690,73,68
2024-03-21,Thursday,Lunch,825,Rainy,24,No,No,No,807,787,20,9
2024-01-07,Sunday,Breakfast,918,Stormy,22,Yes,Yes,Yes,923,907,16,14
2024-11-10,Sunday,Breakfast,677,Cloudy,32,No,No,Yes,654,578,76,11
2024-06-11,Tuesday,Lunch,496,Rainy,26,Yes,Yes,No,489,464,25,14
2024-09-16,Monday,Breakfast,605,Stormy,26,Yes,Yes,No,613,595,18,13
2024-05-04,Saturday,Lunch,372,Rainy,28,No,No,Yes,390,298,92,6
2024-08-11,Sunday,Dinner,449,Stormy,20,Yes,Yes,Yes,453,401,52,8
2024-09-18,Wednesday,Breakfast,589,Stormy,22,No,Yes,No,592,519,73,17
2024-06-13,Thursday,Breakfast,291,Cloudy,28,Yes,No,No,258,238,20,18
2024-10-14,Monday,Breakfast,200,Cloudy,29,Yes,No,No,158,100,58,38
2024-04-06,Saturday,Dinner,287,Rainy,27,No,No,Yes,238,140,98,33
2024-01-30,Tuesday,Breakfast,353,Rainy,30,Yes,No,No,324,258,66,11
2024-09-24,Tuesday,Breakfast,223,Rainy,22,No,No,No,247,196,51,1
2024-04-18,Thursday,Lunch,428,Sunny,38,No,No,No,445,410,35,9
2024-03-25,Monday,Dinner,324,Rainy,26,Yes,Yes,No,333,262,71,13
2024-03-21,Thursday,Lunch,551,Cloudy,28,No,No,No,601,584,17,0
2024-12-13,Friday,Breakfast,689,Sunny,33,No,No,No,715,615,100,81
2024-11-16,Saturday,Breakfast,837,Stormy,22,No,No,Yes,800,750,50,26
2024-01-25,Thursday,Breakfast,712,Stormy,24,No,No,No,672,627,45,3
2024-09-01,Sunday,Lunch,873,Sunny,34,Yes,No,Yes,848,805,43,41
2024-09-01,Sunday,Dinner,373,Rainy,28,Yes,Yes,Yes,353,311,42,31
2024-10-12,Saturday,Breakfast,935,Sunny,35,Yes,Yes,Yes,972,936,36,8
2024-02-04,Sunday,Breakfast,233,Sunny,38,Yes,No,Yes,243,224,19,17
2024-01-12,Friday,Lunch,969,Stormy,26,Yes,No,No,927,837,90,63
2024-01-19,Friday,Lunch,698,Stormy,27,Yes,Yes,No,679,637,42,1
2024-11-05,Tuesday,Lunch,510,Cloudy,33,Yes,No,No,462,434,28,8
2024-11-09,Saturday,Lunch,292,Cloudy,27,Yes,No,Yes,327,250,77,74
2024-06-30,Sunday,Dinner,576,Cloudy,31,Yes,Yes,Yes,529,457,72,72
2024-11-05,Tuesday,Lunch,485,Sunny,40,No,Yes,No,507,502,5,5
2024-10-31,Thursday,Dinner,494,Cloudy,26,No,No,No,544,492,52,36
2024-08-13,Tuesday,Dinner,470,Rainy,27,No,Yes,No,474,435,39,38
2024-10-07,Monday,Dinner,392,Cloudy,33,Yes,No,No,415,415,0,0
2024-07-22,Monday,Lunch,882,Cloudy,28,Yes,No,No,886,797,89,19
2024-11-03,Sunday,Breakfast,356,Stormy,20,Yes,No,Yes,394,317,77,77
2024-07-11,Thursday,Lunch,650,Rainy,27,Yes,Yes,No,647,616,31,4
2024-03-27,Wednesday,Breakfast,511,Rainy,25,No,No,No,560,511,49,33
2024-05-28,Tuesday,Lunch,244,Stormy,25,Yes,No,No,256,254,2,0
2024-09-28,Saturday,Dinner,891,Rainy,30,No,No,Yes,861,788,73,1
2024-04-05,Friday,Breakfast,962,Rainy,26,Yes,Yes,No,1009,922,87,42
2024-02-04,Sunday,Dinner,785,Rainy,29,No,Yes,Yes,823,777,46,45
2024-03-31,Sunday,Dinner,314,Cloudy,29,No,No,Yes,318,226,92,44
2024-01-19,Friday,Breakfast,967,Rainy,30,Yes,Yes,No,921,892,29,5
2024-05-15,Wednesday,Lunch,649,Cloudy,33,Yes,No,No,626,620,6,1
2024-03-06,Wednesday,Dinner,232,Cloudy,26,Yes,No,No,208,149,59,48
2024-03-14,Thursday,Lunch,243,Rainy,22,Yes,Yes,No,234,182,52,3
2024-08-01,Thursday,Breakfast,413,Rainy,23,Yes,No,No,406,368,38,0
2024-10-30,Wednesday,Lunch,339,Cloudy,26,Yes,No,No,384,370,14,11
2024-02-03,Saturday,Breakfast,454,Cloudy,27,Yes,No,Yes,407,381,26,14
2024-05-07,Tuesday,Breakfast,561,Stormy,25,Yes,No,No,530,434,96,79
2024-04-13,Saturday,Breakfast,970,Cloudy,30,No,No,Yes,946,846,100,81
2024-04-14,Sunday,Lunch,614,Rainy,22,No,No,Yes,629,623,6,1
2024-07-07,Sunday,Lunch,372,Stormy,25,No,No,Yes,360,264,96,77
2024-06-18,Tuesday,Dinner,574,Sunny,33,No,Yes,No,570,529,41,13
2024-10-29,Tuesday,Lunch,504,Stormy,26,No,No,No,542,498,44,29
2024-01-25,Thursday,Lunch,779,Rainy,26,No,Yes,No,742,714,28,8
2024-02-16,Friday,Lunch,522,Cloudy,30,No,Yes,No,510,426,84,78
2024-05-14,Tuesday,Dinner,312,Stormy,28,Yes,No,No,277,240,37,22
2024-12-07,Saturday,Lunch,749,Cloudy,26,Yes,No,Yes,748,739,9,7
2024-01-06,Saturday,Lunch,438,Sunny,36,Yes,No,Yes,389,371,18,14
2024-07-11,Thursday,Breakfast,705,Rainy,23,Yes,Yes,No,668,584,84,52
2024-02-22,Thursday,Breakfast,494,Cloudy,26,Yes,Yes,No,493,443,50,36
2024-04-07,Sunday,Lunch,486,Cloudy,29,No,Yes,Yes,464,385,79,66
2024-03-11,Monday,Lunch,752,Stormy,24,No,Yes,No,768,689,79,28
2024-09-30,Monday,Breakfast,981,Sunny,38,No,Yes,No,1023,964,59,6
2024-10-19,Saturday,Breakfast,715,Sunny,37,Yes,No,Yes,683,598,85,58
2024-09-12,Thursday,Dinner,931,Rainy,22,No,No,No,903,882,21,21
2024-08-28,Wednesday,Lunch,672,Cloudy,32,No,No,No,693,684,9,6
2024-02-29,Thursday,Dinner,339,Stormy,26,Yes,Yes,No,311,215,96,84
2024-04-25,Thursday,Lunch,692,Rainy,28,Yes,Yes,No,683,613,70,55
2024-12-06,Friday,Dinner,254,Rainy,29,No,No,No,247,160,87,41
2024-08-04,Sunday,Breakfast,343,Cloudy,33,Yes,Yes,Yes,359,353,6,1
2024-07-08,Monday,Breakfast,987,Cloudy,27,Yes,No,No,955,903,52,32
2024-12-30,Monday,Breakfast,351,Sunny,31,Yes,Yes,No,338,321,17,9
2024-03-19,Tuesday,Lunch,535,Stormy,20,No,Yes,No,503,457,46,42
2024-06-18,Tuesday,Dinner,803,Sunny,32,Yes,Yes,No,836,775,61,30
2024-12-08,Sunday,Lunch,333,Rainy,29,No,No,Yes,329,256,73,26
2024-06-13,Thursday,Breakfast,749,Rainy,23,Yes,Yes,No,793,721,72,34
2024-11-27,Wednesday,Lunch,892,Sunny,30,No,Yes,No,935,877,58,28
2024-06-23,Sunday,Breakfast,303,Rainy,30,Yes,No,Yes,313,275,38,31
2024-02-26,Monday,Lunch,988,Rainy,25,No,Yes,No,1027,949,78,17
2024-08-14,Wednesday,Breakfast,625,Sunny,32,No,Yes,No,590,529,61,18
2024-02-27,Tuesday,Lunch,579,Stormy,20,No,Yes,No,590,523,67,20
2024-07-01,Monday,Dinner,751,Sunny,32,No,Yes,No,733,685,48,39
2024-04-29,Monday,Lunch,665,Rainy,26,Yes,Yes,No,682,650,32,13
2024-01-26,Friday,Dinner,333,Stormy,24,Yes,No,No,303,230,73,39
2024-05-08,Wednesday,Breakfast,980,Sunny,31,Yes,Yes,No,990,989,1,0
2024-06-16,Sunday,Lunch,500,Stormy,25,No,No,Yes,474,412,62,54
2024-12-07,Saturday,Dinner,823,Rainy,25,Yes,No,Yes,818,780,38,6
2024-02-19,Monday,Breakfast,558,Cloudy,28,Yes,No,No,513,506,7,4
2024-04-03,Wednesday,Lunch,336,Stormy,25,No,No,No,359,260,99,50
2024-10-05,Saturday,Lunch,453,Cloudy,27,Yes,No,Yes,484,408,76,36
2024-04-23,Tuesday,Breakfast,257,Cloudy,27,No,Yes,No,234,169,65,29
2024-04-05,Friday,Lunch,942,Cloudy,28,No,No,No,950,920,30,6
2024-07-17,Wednesday,Breakfast,492,Rainy,22,Yes,Yes,No,522,497,25,5
2024-12-14,Saturday,Breakfast,914,Stormy,28,Yes,Yes,Yes,929,829,100,93
2024-09-15,Sunday,Dinner,646,Cloudy,29,No,No,Yes,665,631,34,30
2024-08-09,Friday,Lunch,567,Cloudy,30,No,No,No,537,514,23,23
2024-05-11,Saturday,Breakfast,753,Rainy,24,Yes,Yes,Yes,789,739,50,33
2024-06-16,Sunday,Lunch,647,Cloudy,33,No,No,Yes,685,659,26,20
2024-09-22,Sunday,Dinner,448,Sunny,39,Yes,Yes,Yes,469,397,72,55
2024-03-30,Saturday,Breakfast,603,Sunny,32,Yes,Yes,Yes,606,528,78,1
2024-07-08,Monday,Dinner,557,Sunny,34,No,Yes,No,607,520,87,19
2024-09-25,Wednesday,Lunch,440,Cloudy,32,Yes,Yes,No,453,369,84,55
2024-01-27,Saturday,Breakfast,719,Sunny,40,No,No,Yes,685,614,71,53
2024-08-01,Thursday,Lunch,297,Stormy,27,No,No,No,338,322,16,3
2024-08-12,Monday,Breakfast,514,Cloudy,26,Yes,No,No,485,419,66,21
2024-09-21,Saturday,Dinner,958,Rainy,30,No,No,Yes,918,831,87,8
2024-07-22,Monday,Dinner,985,Sunny,33,Yes,Yes,No,1025,981,44,16
2024-07-28,Sunday,Breakfast,251,Sunny,32,Yes,Yes,Yes,281,224,57,7
2024-06-06,Thursday,Dinner,476,Stormy,28,Yes,Yes,No,446,414,32,14
2024-04-27,Saturday,Dinner,417,Stormy,24,Yes,No,Yes,427,377,50,29
2024-03-23,Saturday,Lunch,724,Stormy,25,Yes,Yes,Yes,695,672,23,2
2024-01-05,Friday,Dinner,722,Cloudy,32,No,No,No,700,648,52,49
2024-07-16,Tuesday,Dinner,411,Stormy,27,No,Yes,No,389,290,99,27
2024-02-19,Monday,Breakfast,939,Sunny,34,Yes,No,No,933,838,95,40
2024-11-27,Wednesday,Breakfast,453,Stormy,28,Yes,Yes,No,410,342,68,64
2024-11-01,Friday,Breakfast,328,Stormy,27,Yes,No,No,370,369,1,1
2024-06-04,Tuesday,Dinner,278,Stormy,26,Yes,No,No,272,265,7,7
2024-01-26,Friday,Dinner,430,Cloudy,33,Yes,Yes,No,466,391,75,43
2024-12-08,Sunday,Lunch,934,Stormy,26,Yes,Yes,Yes,976,895,81,69
2024-08-23,Friday,Dinner,970,Rainy,26,Yes,No,No,976,971,5,4
2024-04-22,Monday,Dinner,595,Stormy,23,Yes,No,No,566,547,19,13
2024-02-18,Sunday,Dinner,564,Cloudy,29,Yes,No,Yes,580,554,26,3
2024-09-21,Saturday,Dinner,336,Cloudy,32,Yes,Yes,Yes,304,252,52,6
2024-05-13,Monday,Lunch,205,Stormy,26,Yes,Yes,No,177,164,13,6
2024-03-07,Thursday,Lunch,864,Sunny,37,No,No,No,911,811,100,97
2024-04-29,Monday,Breakfast,632,Stormy,24,Yes,Yes,No,610,542,68,28
2024-11-30,Saturday,Breakfast,792,Stormy,25,No,Yes,Yes,814,805,9,9
2024-05-05,Sunday,Breakfast,903,Sunny,35,Yes,No,Yes,950,877,73,56
2024-05-12,Sunday,Lunch,489,Sunny,39,No,No,Yes,486,429,57,27
2024-02-04,Sunday,Breakfast,788,Sunny,33,No,No,Yes,808,735,73,22
2024-01-13,Saturday,Dinner,595,Stormy,25,Yes,No,Yes,575,514,61,10
2024-03-18,Monday,Breakfast,425,Rainy,29,Yes,Yes,No,420,330,90,66
2024-07-13,Saturday,Breakfast,844,Cloudy,26,Yes,No,Yes,884,865,19,10
2024-12-03,Tuesday,Breakfast,246,Sunny,37,Yes,No,No,253,239,14,4
2024-06-03,Monday,Lunch,284,Cloudy,32,Yes,Yes,No,332,252,80,65
2024-03-31,Sunday,Breakfast,523,Sunny,36,No,Yes,Yes,564,540,24,23
2024-07-12,Friday,Lunch,320,Rainy,29,No,No,No,343,263,80,58
2024-08-01,Thursday,Breakfast,841,Stormy,26,Yes,Yes,No,888,805,83,57
2024-01-20,Saturday,Dinner,673,Rainy,30,No,Yes,Yes,718,686,32,13
2024-10-30,Wednesday,Lunch,671,Rainy,29,Yes,No,No,702,615,87,11
2024-07-12,Friday,Lunch,785,Sunny,34,No,Yes,No,802,763,39,11
2024-11-02,Saturday,Breakfast,845,Sunny,30,Yes,No,Yes,870,783,87,7
2024-05-12,Sunday,Breakfast,649,Stormy,26,No,No,Yes,684,589,95,36
2024-12-19,Thursday,Lunch,824,Stormy,23,Yes,Yes,No,817,808,9,1
2024-01-14,Sunday,Dinner,660,Cloudy,31,No,No,Yes,690,670,20,9
2024-08-31,Saturday,Breakfast,357,Cloudy,26,No,No,Yes,391,334,57,54
2024-01-25,Thursday,Dinner,482,Sunny,38,No,Yes,No,448,428,20,16
2024-03-15,Friday,Dinner,397,Stormy,20,Yes,Yes,No,424,390,34,23
2024-07-27,Saturday,Breakfast,715,Sunny,33,Yes,No,Yes,681,678,3,0
2024-06-17,Monday,Lunch,235,Stormy,25,Yes,Yes,No,257,217,40,17
2024-09-17,Tuesday,Breakfast,646,Sunny,35,Yes,Yes,No,655,641,14,3
2024-03-16,Saturday,Dinner,473,Cloudy,29,Yes,Yes,Yes,476,456,20,15
2024-10-11,Friday,Breakfast,821,Sunny,40,No,Yes,No,808,734,74,13
2024-04-22,Monday,Lunch,818,Sunny,40,No,Yes,No,793,767,26,13
2024-07-28,Sunday,Lunch,558,Cloudy,31,Yes,Yes,Yes,518,450,68,9
2024-10-19,Saturday,Breakfast,684,Stormy,24,No,Yes,Yes,714,652,62,54
2024-12-26,Thursday,Lunch,604,Cloudy,28,Yes,Yes,No,621,600,21,21
2024-07-28,Sunday,Breakfast,251,Rainy,24,No,Yes,Yes,201,140,61,20
2024-09-24,Tuesday,Lunch,964,Stormy,23,Yes,Yes,No,1007,986,21,12
2024-08-30,Friday,Breakfast,441,Stormy,23,No,Yes,No,440,399,41,0
2024-11-21,Thursday,Breakfast,885,Stormy,28,No,No,No,884,881,3,1
2024-08-29,Thursday,Lunch,278,Stormy,21,No,No,No,293,278,15,3
2024-11-30,Saturday,Lunch,893,Sunny,30,No,No,Yes,904,866,38,35
2024-11-19,Tuesday,Dinner,744,Cloudy,33,No,Yes,No,765,763,2,0
2024-08-22,Thursday,Dinner,778,Rainy,29,Yes,Yes,No,806,745,61,13
2024-05-27,Monday,Dinner,881,Cloudy,31,Yes,No,No,855,755,100,57
2024-02-24,Saturday,Breakfast,212,Stormy,26,No,Yes,Yes,178,149,29,17
2024-10-02,Wednesday,Lunch,327,Stormy,22,No,No,No,333,234,99,65
2024-01-29,Monday,Lunch,867,Sunny,38,No,No,No,836,830,6,4
2024-08-20,Tuesday,Breakfast,892,Rainy,22,Yes,Yes,No,867,827,40,7
2024-05-01,Wednesday,Breakfast,212,Sunny,31,Yes,Yes,No,227,182,45,9
2024-03-20,Wednesday,Dinner,314,Sunny,31,Yes,No,No,279,239,40,21
2024-03-11,Monday,Dinner,774,Stormy,23,Yes,Yes,No,774,749,25,23
2024-09-04,Wednesday,Dinner,243,Stormy,20,Yes,Yes,No,237,160,77,14
2024-11-02,Saturday,Dinner,860,Stormy,24,No,Yes,Yes,865,831,34,1
2024-08-22,Thursday,Lunch,388,Stormy,25,Yes,Yes,No,359,357,2,2
2024-02-26,Monday,Lunch,418,Cloudy,32,Yes,Yes,No,373,347,26,23
2024-09-25,Wednesday,Dinner,796,Rainy,26,No,Yes,No,779,682,97,93
2024-02-03,Saturday,Dinner,305,Cloudy,31,Yes,Yes,Yes,309,295,14,14
2024-10-06,Sunday,Lunch,517,Rainy,30,Yes,Yes,Yes,529,447,82,53
2024-06-05,Wednesday,Dinner,646,Cloudy,30,Yes,No,No,649,614,35,24
2024-11-03,Sunday,Lunch,301,Sunny,39,No,Yes,Yes,269,196,73,60
2024-05-28,Tuesday,Dinner,955,Stormy,23,Yes,Yes,No,965,936,29,6
2024-05-17,Friday,Breakfast,516,Cloudy,29,No,Yes,No,561,545,16,15
2024-08-28,Wednesday,Breakfast,856,Rainy,22,No,Yes,No,874,814,60,23
2024-12-26,Thursday,Dinner,881,Stormy,20,Yes,Yes,No,842,743,99,31
2024-11-27,Wednesday,Breakfast,922,Cloudy,26,No,No,No,876,790,86,26
2024-10-09,Wednesday,Breakfast,401,Stormy,25,Yes,No,No,437,352,85,53
2024-03-11,Monday,Dinner,636,Sunny,39,No,Yes,No,593,546,47,8
2024-03-15,Friday,Dinner,644,Cloudy,29,Yes,Yes,No,663,630,33,12
2024-09-14,Saturday,Breakfast,880,Stormy,23,Yes,Yes,Yes,893,820,73,30
2024-10-13,Sunday,Lunch,337,Stormy,25,Yes,No,Yes,327,275,52,21
2024-10-11,Friday,Breakfast,583,Rainy,22,Yes,Yes,No,593,528,65,14
2024-02-01,Thursday,Dinner,731,Sunny,34,No,No,No,770,707,63,43
2024-06-29,Saturday,Lunch,770,Sunny,30,No,Yes,Yes,780,749,31,6
2024-02-21,Wednesday,Breakfast,824,Stormy,26,Yes,Yes,No,827,787,40,4
2024-07-25,Thursday,Lunch,943,Cloudy,33,Yes,No,No,987,914,73,30
2024-06-26,Wednesday,Breakfast,587,Stormy,26,No,No,No,572,569,3,2
2024-09-09,Monday,Dinner,530,Stormy,20,Yes,No,No,560,504,56,18
2024-10-13,Sunday,Breakfast,393,Sunny,39,No,No,Yes,361,361,0,0
2024-11-08,Friday,Dinner,267,Sunny,30,Yes,No,No,234,207,27,25
2024-09-19,Thursday,Lunch,463,Sunny,38,Yes,Yes,No,431,412,19,9
2024-12-24,Tuesday,Dinner,579,Cloudy,30,Yes,No,No,618,574,44,3
2024-11-19,Tuesday,Dinner,315,Cloudy,31,No,Yes,No,345,343,2,2
2024-08-22,Thursday,Lunch,581,Sunny,30,Yes,Yes,No,553,481,72,17
2024-08-23,Friday,Breakfast,235,Sunny,31,No,No,No,211,113,98,54
2024-08-29,Thursday,Dinner,328,Rainy,24,Yes,No,No,278,187,91,4
2024-03-02,Saturday,Dinner,549,Rainy,26,No,No,Yes,549,478,71,16
2024-08-28,Wednesday,Lunch,855,Cloudy,33,Yes,No,No,884,827,57,40
2024-02-13,Tuesday,Lunch,762,Sunny,37,No,Yes,No,776,748,28,3
2024-04-12,Friday,Lunch,370,Stormy,26,No,Yes,No,348,273,75,26
2024-08-09,Friday,Breakfast,916,Cloudy,29,No,Yes,No,919,833,86,3
2024-07-29,Monday,Lunch,637,Cloudy,25,No,No,No,683,673,10,2
2024-12-21,Saturday,Lunch,319,Stormy,25,Yes,No,Yes,304,215,89,71
2024-03-13,Wednesday,Dinner,901,Sunny,39,Yes,No,No,947,909,38,21
2024-03-11,Monday,Breakfast,215,Sunny,36,No,No,No,217,157,60,44
2024-12-16,Monday,Breakfast,962,Cloudy,28,Yes,Yes,No,998,990,8,4
2024-03-29,Friday,Lunch,627,Rainy,26,Yes,Yes,No,659,638,21,2
2024-10-25,Friday,Lunch,795,Cloudy,29,No,Yes,No,800,772,28,6
2024-05-26,Sunday,Lunch,899,Rainy,22,No,No,Yes,883,826,57,55
2024-01-16,Tuesday,Dinner,326,Stormy,27,Yes,No,No,340,320,20,12
2024-02-06,Tuesday,Breakfast,686,Sunny,35,Yes,Yes,No,721,661,60,16
2024-12-28,Saturday,Dinner,275,Sunny,40,Yes,No,Yes,282,218,64,3
2024-01-17,Wednesday,Lunch,444,Cloudy,30,No,No,No,462,430,32,25
2024-08-18,Sunday,Dinner,287,Cloudy,32,No,No,Yes,333,234,99,85
2024-12-05,Thursday,Breakfast,857,Cloudy,31,No,No,No,890,868,22,6
2024-10-12,Saturday,Lunch,335,Cloudy,26,No,No,Yes,349,310,39,18
2024-05-14,Tuesday,Dinner,509,Sunny,36,No,Yes,No,547,499,48,48
2024-02-01,Thursday,Lunch,480,Rainy,22,Yes,No,No,512,459,53,25
2024-12-11,Wednesday,Lunch,856,Sunny,37,Yes,No,No,810,787,23,3
2024-12-17,Tuesday,Dinner,866,Cloudy,32,No,No,No,819,801,18,16
2024-09-02,Monday,Breakfast,235,Sunny,33,No,Yes,No,228,169,59,8
2024-05-23,Thursday,Lunch,512,Sunny,40,No,No,No,474,380,94,6
2024-10-30,Wednesday,Dinner,631,Stormy,23,Yes,Yes,No,631,547,84,79
2024-10-11,Friday,Dinner,507,Stormy,28,Yes,No,No,489,462,27,2
2024-07-21,Sunday,Breakfast,987,Cloudy,31,Yes,Yes,Yes,992,944,48,17
2024-05-30,Thursday,Lunch,635,Rainy,25,Yes,No,No,633,543,90,87
2024-10-22,Tuesday,Breakfast,423,Rainy,27,Yes,No,No,451,413,38,1
2024-11-19,Tuesday,Lunch,820,Sunny,40,No,Yes,No,852,765,87,69
2024-03-03,Sunday,Breakfast,700,Stormy,22,No,No,Yes,750,679,71,1
2024-06-01,Saturday,Breakfast,443,Cloudy,31,Yes,No,Yes,406,382,24,23
2024-01-09,Tuesday,Lunch,572,Stormy,24,Yes,No,No,598,594,4,1
2024-06-10,Monday,Breakfast,989,Stormy,21,Yes,Yes,No,1024,938,86,34
2024-12-08,Sunday,Breakfast,395,Rainy,29,No,Yes,Yes,430,394,36,22
2024-12-25,Wednesday,Dinner,863,Sunny,32,No,Yes,No,897,856,41,6
2024-07-11,Thursday,Dinner,594,Sunny,31,Yes,Yes,No,575,476,99,23
2024-07-20,Saturday,Dinner,415,Cloudy,31,No,Yes,Yes,447,367,80,22
2024-04-03,Wednesday,Dinner,369,Sunny,35,Yes,Yes,No,380,315,65,50
2024-02-16,Friday,Breakfast,932,Sunny,37,Yes,Yes,No,950,905,45,24
2024-02-09,Friday,Dinner,683,Stormy,21,Yes,Yes,No,658,588,70,5
2024-04-23,Tuesday,Dinner,252,Rainy,27,Yes,Yes,No,291,207,84,62
2024-09-10,Tuesday,Lunch,752,Cloudy,31,No,Yes,No,783,691,92,42
2024-03-21,Thursday,Breakfast,619,Rainy,26,No,No,No,636,619,17,13
2024-12-28,Saturday,Lunch,348,Cloudy,26,No,Yes,Yes,392,297,95,14
2024-03-31,Sunday,Lunch,629,Sunny,40,Yes,Yes,Yes,595,545,50,19
2024-01-14,Sunday,Breakfast,384,Stormy,27,Yes,No,Yes,394,350,44,7
2024-12-31,Tuesday,Breakfast,419,Rainy,30,No,No,No,397,356,41,28
2024-05-29,Wednesday,Dinner,707,Sunny,38,Yes,Yes,No,666,652,14,8
2024-08-09,Friday,Breakfast,308,Cloudy,26,Yes,No,No,352,264,88,84
2024-01-25,Thursday,Breakfast,280,Rainy,25,Yes,No,No,291,275,16,2
2024-12-31,Tuesday,Dinner,937,Rainy,23,No,No,No,942,940,2,1
2024-11-22,Friday,Dinner,340,Sunny,38,Yes,Yes,No,296,229,67,31
2024-05-17,Friday,Breakfast,774,Sunny,40,Yes,No,No,759,733,26,19
2024-01-07,Sunday,Dinner,504,Stormy,22,No,No,Yes,508,443,65,60
2024-08-24,Saturday,Breakfast,442,Rainy,28,Yes,No,Yes,425,365,60,12
2024-06-27,Thursday,Lunch,411,Rainy,25,Yes,Yes,No,449,428,21,21
2024-02-04,Sunday,Dinner,979,Sunny,33,No,Yes,Yes,931,844,87,20
2024-05-03,Friday,Lunch,626,Cloudy,33,No,Yes,No,651,598,53,39
2024-12-09,Monday,Dinner,641,Sunny,33,No,No,No,680,667,13,6
2024-05-24,Friday,Breakfast,638,Stormy,28,Yes,No,No,594,558,36,19
2024-08-14,Wednesday,Breakfast,797,Sunny,38,No,No,No,821,788,33,16
2024-10-08,Tuesday,Dinner,575,Sunny,40,Yes,No,No,562,553,9,2
2024-04-09,Tuesday,Lunch,331,Rainy,23,Yes,No,No,312,294,18,7
2024-06-06,Thursday,Lunch,731,Cloudy,32,No,Yes,No,745,713,32,20
2024-06-05,Wednesday,Lunch,954,Cloudy,32,Yes,Yes,No,909,846,63,39
2024-02-21,Wednesday,Lunch,766,Cloudy,25,No,Yes,No,733,724,9,1
2024-11-30,Saturday,Dinner,707,Cloudy,33,No,Yes,Yes,718,643,75,6
2024-02-29,Thursday,Dinner,918,Rainy,26,Yes,No,No,872,827,45,4
2024-07-09,Tuesday,Dinner,920,Sunny,36,No,Yes,No,968,929,39,8
2024-06-21,Friday,Lunch,218,Rainy,28,Yes,No,No,218,160,58,36
2024-10-21,Monday,Lunch,545,Sunny,31,No,No,No,572,492,80,22
2024-07-05,Friday,Lunch,239,Stormy,20,Yes,No,No,193,94,99,97
2024-05-29,Wednesday,Breakfast,802,Rainy,22,Yes,Yes,No,829,794,35,27
2024-06-24,Monday,Breakfast,824,Sunny,31,No,Yes,No,869,786,83,23
2024-12-23,Monday,Breakfast,985,Stormy,25,No,No,No,957,945,12,3
2024-08-10,Saturday,Breakfast,233,Cloudy,32,No,Yes,Yes,183,119,64,39
2024-04-28,Sunday,Dinner,317,Sunny,33,Yes,No,Yes,346,264,82,18
2024-05-11,Saturday,Lunch,596,Cloudy,28,Yes,Yes,Yes,553,552,1,0
2024-09-20,Friday,Lunch,767,Cloudy,30,No,Yes,No,758,746,12,11
2024-02-25,Sunday,Lunch,879,Cloudy,26,Yes,Yes,Yes,890,818,72,56
2024-05-02,Thursday,Breakfast,415,Stormy,21,No,No,No,401,363,38,29
2024-01-01,Monday,Lunch,701,Sunny,36,No,Yes,No,731,686,45,23
2024-03-06,Wednesday,Lunch,622,Sunny,30,Yes,No,No,631,559,72,27
2024-01-23,Tuesday,Breakfast,295,Rainy,25,Yes,No,No,324,300,24,0
2024-05-25,Saturday,Breakfast,983,Stormy,20,Yes,Yes,Yes,951,862,89,84
2024-09-04,Wednesday,Lunch,275,Cloudy,29,Yes,Yes,No,321,235,86,19
2024-04-23,Tuesday,Dinner,603,Sunny,31,Yes,No,No,638,593,45,21
2024-02-09,Friday,Breakfast,443,Rainy,22,Yes,No,No,484,399,85,1
2024-09-19,Thursday,Breakfast,858,Rainy,22,Yes,Yes,No,908,887,21,17
2024-07-03,Wednesday,Lunch,870,Sunny,39,No,No,No,837,752,85,45
2024-12-01,Sunday,Dinner,612,Cloudy,28,Yes,No,Yes,597,507,90,52
2024-06-29,Saturday,Dinner,818,Sunny,37,No,Yes,Yes,812,808,4,1
2024-09-16,Monday,Lunch,982,Cloudy,31,Yes,No,No,1019,954,65,65
2024-04-05,Friday,Breakfast,502,Cloudy,29,Yes,No,No,524,517,7,7
2024-08-06,Tuesday,Breakfast,959,Cloudy,32,Yes,No,No,976,968,8,3
2024-06-29,Saturday,Dinner,423,Stormy,25,Yes,No,Yes,430,425,5,3
2024-03-19,Tuesday,Lunch,423,Sunny,38,Yes,No,No,443,402,41,1
2024-04-13,Saturday,Lunch,719,Stormy,28,Yes,No,Yes,722,663,59,30
2024-08-20,Tuesday,Lunch,629,Rainy,27,No,Yes,No,664,622,42,34
2024-11-14,Thursday,Dinner,611,Cloudy,28,Yes,No,No,598,517,81,54
2024-05-24,Friday,Dinner,336,Rainy,27,No,Yes,No,353,279,74,71
2024-10-19,Saturday,Lunch,853,Stormy,26,No,No,Yes,811,745,66,0
2024-11-13,Wednesday,Dinner,636,Cloudy,32,No,Yes,No,604,602,2,0
2024-08-19,Monday,Lunch,243,Cloudy,29,Yes,No,No,268,192,76,26
2024-11-04,Monday,Breakfast,265,Rainy,25,No,Yes,No,311,234,77,28
2024-10-23,Wednesday,Lunch,447,Stormy,22,No,No,No,461,371,90,17
2024-01-21,Sunday,Breakfast,255,Rainy,30,Yes,No,Yes,268,204,64,6
2024-05-06,Monday,Dinner,879,Cloudy,30,No,No,No,883,839,44,3
2024-04-30,Tuesday,Lunch,219,Sunny,33,No,Yes,No,234,146,88,18
2024-12-15,Sunday,Dinner,552,Stormy,26,No,Yes,Yes,576,512,64,54
2024-10-11,Friday,Lunch,962,Cloudy,30,Yes,Yes,No,953,868,85,78
2024-08-11,Sunday,Lunch,201,Rainy,27,No,No,Yes,224,159,65,63
2024-06-15,Saturday,Dinner,247,Cloudy,26,No,Yes,Yes,214,120,94,7
2024-05-20,Monday,Dinner,647,Stormy,23,No,Yes,No,627,625,2,0
2024-04-23,Tuesday,Dinner,252,Stormy,21,No,Yes,No,275,201,74,64
2024-01-07,Sunday,Lunch,764,Cloudy,30,No,Yes,Yes,760,679,81,28
2024-01-10,Wednesday,Lunch,741,Sunny,35,No,No,No,719,638,81,52
2024-01-26,Friday,Dinner,929,Rainy,26,Yes,No,No,896,873,23,22
2024-04-12,Friday,Dinner,344,Stormy,26,Yes,Yes,No,297,293,4,1
2024-07-09,Tuesday,Dinner,682,Rainy,22,Yes,No,No,710,706,4,3
2024-02-25,Sunday,Lunch,210,Cloudy,26,No,No,Yes,196,176,20,13
2024-02-03,Saturday,Lunch,216,Rainy,25,Yes,No,Yes,174,144,30,28
2024-02-23,Friday,Lunch,618,Stormy,22,Yes,Yes,No,638,622,16,9
2024-01-24,Wednesday,Dinner,671,Stormy,23,No,No,No,630,564,66,1
2024-08-24,Saturday,Breakfast,537,Stormy,28,Yes,Yes,Yes,530,430,100,20
2024-07-01,Monday,Breakfast,260,Stormy,24,No,Yes,No,222,165,57,12
2024-01-04,Thursday,Lunch,486,Stormy,20,No,No,No,523,511,12,11
2024-12-13,Friday,Breakfast,835,Rainy,30,Yes,Yes,No,827,799,28,0
2024-05-17,Friday,Breakfast,398,Stormy,22,No,No,No,378,360,18,12
2024-01-08,Monday,Breakfast,699,Rainy,22,Yes,No,No,700,603,97,75
2024-05-21,Tuesday,Breakfast,435,Cloudy,31,Yes,No,No,388,344,44,33
2024-07-29,Monday,Breakfast,437,Stormy,24,No,Yes,No,450,367,83,61
2024-08-09,Friday,Dinner,671,Stormy,23,No,Yes,No,687,601,86,27
2024-06-20,Thursday,Breakfast,494,Sunny,30,Yes,Yes,No,461,361,100,63
2024-04-02,Tuesday,Breakfast,630,Rainy,30,No,No,No,673,609,64,37
2024-12-01,Sunday,Breakfast,925,Sunny,39,No,No,Yes,947,857,90,61
2024-09-25,Wednesday,Dinner,489,Stormy,25,Yes,Yes,No,500,441,59,41
2024-03-05,Tuesday,Breakfast,204,Cloudy,25,Yes,Yes,No,155,69,86,50
2024-08-12,Monday,Dinner,797,Stormy,23,No,Yes,No,839,797,42,4
2024-04-27,Saturday,Lunch,471,Cloudy,25,Yes,No,Yes,502,402,100,11
2024-01-17,Wednesday,Breakfast,806,Cloudy,25,No,No,No,797,761,36,5
2024-07-15,Monday,Lunch,335,Sunny,40,No,Yes,No,290,289,1,1
2024-07-25,Thursday,Breakfast,655,Cloudy,27,No,No,No,701,613,88,19
2024-11-13,Wednesday,Breakfast,902,Rainy,23,Yes,No,No,885,830,55,8
2024-12-26,Thursday,Dinner,373,Stormy,26,Yes,Yes,No,390,382,8,2
2024-03-28,Thursday,Breakfast,555,Stormy,27,Yes,No,No,566,490,76,26
2024-12-20,Friday,Lunch,338,Stormy,20,Yes,Yes,No,314,218,96,48
2024-03-08,Friday,Dinner,296,Rainy,25,Yes,No,No,319,290,29,3
2024-09-04,Wednesday,Lunch,724,Rainy,25,Yes,No,No,676,669,7,4
2024-11-10,Sunday,Dinner,403,Sunny,35,No,No,Yes,393,387,6,0
2024-06-14,Friday,Breakfast,779,Rainy,28,No,Yes,No,766,747,19,3
2024-04-02,Tuesday,Lunch,272,Rainy,28,Yes,No,No,278,179,99,35
2024-07-07,Sunday,Breakfast,656,Sunny,36,No,No,Yes,673,655,18,18
2024-08-29,Thursday,Dinner,521,Stormy,20,Yes,Yes,No,531,483,48,1
2024-03-29,Friday,Dinner,658,Rainy,23,No,No,No,703,627,76,45
2024-10-25,Friday,Breakfast,587,Rainy,27,Yes,No,No,566,537,29,15
2024-04-26,Friday,Breakfast,993,Stormy,28,Yes,No,No,969,875,94,83
2024-06-06,Thursday,Lunch,332,Rainy,27,No,No,No,343,256,87,56
2024-12-11,Wednesday,Dinner,217,Sunny,38,Yes,Yes,No,241,144,97,58
2024-11-26,Tuesday,Dinner,688,Cloudy,30,Yes,No,No,654,634,20,0
2024-10-13,Sunday,Dinner,664,Rainy,24,No,Yes,Yes,711,666,45,16
2024-09-16,Monday,Breakfast,508,Stormy,22,Yes,Yes,No,531,473,58,39
2024-09-15,Sunday,Breakfast,667,Rainy,23,No,No,Yes,710,667,43,0
2024-10-14,Monday,Lunch,832,Cloudy,28,No,Yes,No,853,757,96,5
2024-05-09,Thursday,Breakfast,717,Sunny,35,Yes,No,No,677,594,83,8
2024-06-24,Monday,Lunch,941,Sunny,35,Yes,Yes,No,947,896,51,44
2024-03-12,Tuesday,Dinner,853,Rainy,24,Yes,No,No,854,772,82,1
2024-05-11,Saturday,Lunch,598,Stormy,20,Yes,No,Yes,548,481,67,15
2024-11-24,Sunday,Breakfast,364,Stormy,20,No,No,Yes,373,339,34,30
2024-08-22,Thursday,Dinner,562,Sunny,35,No,Yes,No,588,583,5,5
2024-10-16,Wednesday,Dinner,329,Stormy,21,No,Yes,No,292,230,62,62
2024-11-07,Thursday,Lunch,443,Stormy,20,No,No,No,469,397,72,66
2024-10-02,Wednesday,Breakfast,571,Stormy,22,Yes,Yes,No,601,533,68,51
2024-02-15,Thursday,Dinner,942,Cloudy,25,No,No,No,955,939,16,13
2024-01-22,Monday,Breakfast,783,Cloudy,32,No,No,No,825,806,19,3
2024-10-03,Thursday,Breakfast,469,Sunny,37,No,No,No,481,405,76,58
2024-04-24,Wednesday,Lunch,637,Rainy,24,Yes,Yes,No,636,612,24,11
2024-10-19,Saturday,Breakfast,440,Cloudy,28,Yes,No,Yes,470,449,21,7
2024-12-10,Tuesday,Lunch,853,Rainy,23,Yes,Yes,No,895,875,20,2
2024-04-13,Saturday,Lunch,659,Cloudy,25,Yes,No,Yes,674,581,93,25
2024-12-26,Thursday,Lunch,653,Stormy,28,No,No,No,657,591,66,46
2024-03-26,Tuesday,Lunch,873,Stormy,28,Yes,No,No,857,825,32,15
2024-07-15,Monday,Lunch,320,Rainy,25,No,Yes,No,347,319,28,15
2024-03-15,Friday,Lunch,672,Cloudy,29,No,No,No,707,633,74,40
2024-07-15,Monday,Lunch,918,Sunny,36,Yes,Yes,No,884,884,0,0
2024-01-13,Saturday,Dinner,942,Sunny,34,Yes,Yes,Yes,992,930,62,37
2024-08-14,Wednesday,Dinner,277,Sunny,37,No,No,No,269,215,54,20
2024-07-05,Friday,Dinner,856,Stormy,24,Yes,Yes,No,901,893,8,6
2024-09-21,Saturday,Lunch,675,Rainy,27,Yes,No,Yes,628,569,59,34
2024-06-23,Sunday,Breakfast,864,Rainy,29,Yes,No,Yes,855,829,26,9
2024-04-25,Thursday,Lunch,933,Rainy,24,Yes,Yes,No,981,883,98,74
2024-07-05,Friday,Lunch,421,Cloudy,30,Yes,No,No,432,415,17,5
2024-10-10,Thursday,Breakfast,790,Sunny,38,Yes,Yes,No,742,648,94,5
2024-07-19,Friday,Breakfast,385,Rainy,22,No,Yes,No,403,305,98,90
2024-08-14,Wednesday,Breakfast,220,Cloudy,30,No,Yes,No,259,170,89,13
2024-11-20,Wednesday,Dinner,424,Rainy,27,No,Yes,No,463,454,9,0
2024-03-09,Saturday,Dinner,968,Sunny,31,No,No,Yes,921,846,75,53
2024-10-29,Tuesday,Dinner,786,Cloudy,27,Yes,No,No,768,722,46,36
2024-02-11,Sunday,Dinner,484,Sunny,30,Yes,Yes,Yes,446,352,94,24
2024-01-27,Saturday,Dinner,230,Stormy,22,Yes,No,Yes,257,212,45,44
2024-06-19,Wednesday,Lunch,955,Rainy,25,Yes,Yes,No,997,949,48,9
2024-02-27,Tuesday,Breakfast,880,Stormy,27,Yes,No,No,840,798,42,40
2024-12-30,Monday,Breakfast,543,Sunny,39,No,Yes,No,523,501,22,5
2024-04-03,Wednesday,Dinner,455,Rainy,23,Yes,No,No,409,407,2,1
2024-04-21,Sunday,Lunch,575,Sunny,34,No,Yes,Yes,586,505,81,42
2024-02-04,Sunday,Breakfast,364,Rainy,30,No,Yes,Yes,317,303,14,4
2024-11-05,Tuesday,Lunch,637,Sunny,37,Yes,No,No,682,596,86,47
2024-12-27,Friday,Lunch,621,Rainy,26,No,No,No,598,598,0,0
2024-02-01,Thursday,Lunch,201,Stormy,20,No,No,No,251,251,0,0
2024-07-01,Monday,Lunch,427,Sunny,33,No,Yes,No,426,370,56,56
2024-10-29,Tuesday,Breakfast,905,Rainy,26,Yes,No,No,938,878,60,25
2024-12-13,Friday,Breakfast,228,Sunny,40,No,No,No,226,130,96,3
2024-12-04,Wednesday,Lunch,317,Cloudy,25,No,No,No,343,321,22,10
2024-07-17,Wednesday,Lunch,220,Cloudy,31,No,No,No,206,135,71,6
2024-08-11,Sunday,Lunch,857,Stormy,21,No,No,Yes,853,791,62,44
2024-09-23,Monday,Dinner,930,Stormy,22,No,No,No,965,894,71,27
2024-11-20,Wednesday,Breakfast,559,Cloudy,31,Yes,Yes,No,553,519,34,27
2024-08-22,Thursday,Lunch,604,Cloudy,25,Yes,Yes,No,590,522,68,41
2024-04-07,Sunday,Lunch,634,Rainy,28,Yes,Yes,Yes,663,658,5,5
2024-06-20,Thursday,Dinner,567,Stormy,26,No,No,No,548,456,92,58
2024-07-31,Wednesday,Dinner,550,Rainy,26,Yes,Yes,No,532,502,30,10
2024-03-21,Thursday,Lunch,648,Stormy,22,Yes,Yes,No,679,640,39,17
2024-05-08,Wednesday,Breakfast,631,Cloudy,32,Yes,No,No,598,557,41,13
2024-09-06,Friday,Lunch,621,Cloudy,32,No,Yes,No,598,568,30,2
2024-09-19,Thursday,Breakfast,495,Stormy,25,Yes,Yes,No,529,440,89,47
2024-08-30,Friday,Lunch,832,Sunny,40,No,No,No,784,765,19,7
2024-07-31,Wednesday,Dinner,302,Stormy,24,No,Yes,No,281,243,38,11
2024-05-21,Tuesday,Breakfast,509,Sunny,38,Yes,Yes,No,486,391,95,45
2024-12-22,Sunday,Lunch,866,Stormy,21,No,No,Yes,864,837,27,9
2024-04-05,Friday,Dinner,258,Stormy,23,Yes,No,No,250,219,31,19
2024-11-30,Saturday,Dinner,623,Stormy,25,Yes,Yes,Yes,598,535,63,23
2024-01-14,Sunday,Lunch,272,Sunny,32,Yes,No,Yes,304,210,94,77
2024-01-21,Sunday,Breakfast,548,Stormy,23,Yes,Yes,Yes,586,563,23,5
2024-03-07,Thursday,Dinner,584,Cloudy,25,Yes,Yes,No,578,558,20,11
2024-05-08,Wednesday,Lunch,823,Cloudy,31,No,Yes,No,824,747,77,10
2024-10-18,Friday,Dinner,826,Stormy,26,No,No,No,791,787,4,3
2024-10-29,Tuesday,Lunch,242,Rainy,27,Yes,No,No,202,128,74,44
2024-05-18,Saturday,Lunch,542,Stormy,26,No,Yes,Yes,575,493,82,37
2024-09-08,Sunday,Lunch,659,Stormy,22,Yes,Yes,Yes,644,572,72,23
2024-09-02,Monday,Lunch,896,Sunny,35,No,No,No,937,866,71,17
2024-01-19,Friday,Dinner,646,Cloudy,32,No,No,No,640,628,12,11
2024-03-18,Monday,Dinner,357,Stormy,27,Yes,Yes,No,371,331,40,11
2024-08-05,Monday,Dinner,537,Rainy,27,Yes,Yes,No,552,492,60,5
2024-04-19,Friday,Dinner,860,Cloudy,25,Yes,Yes,No,883,839,44,36
2024-12-14,Saturday,Dinner,746,Rainy,23,Yes,No,Yes,713,694,19,0
2024-10-30,Wednesday,Breakfast,917,Cloudy,32,Yes,No,No,942,912,30,8
2024-04-29,Monday,Dinner,275,Cloudy,31,No,Yes,No,258,249,9,8
2024-10-16,Wednesday,Breakfast,243,Sunny,40,Yes,Yes,No,193,153,40,1
2024-04-26,Friday,Breakfast,925,Sunny,31,Yes,Yes,No,883,816,67,20
2024-05-05,Sunday,Breakfast,766,Cloudy,31,No,No,Yes,816,814,2,1
2024-06-18,Tuesday,Dinner,657,Rainy,29,Yes,Yes,No,615,552,63,13
2024-09-20,Friday,Breakfast,808,Stormy,28,Yes,Yes,No,773,674,99,94
2024-08-29,Thursday,Dinner,991,Stormy,26,No,No,No,1001,902,99,24
2024-05-05,Sunday,Breakfast,306,Rainy,22,Yes,No,Yes,348,301,47,34
2024-01-16,Tuesday,Dinner,261,Cloudy,32,No,Yes,No,290,190,100,98
2024-09-23,Monday,Breakfast,603,Cloudy,27,Yes,No,No,633,551,82,52
2024-01-06,Saturday,Breakfast,655,Rainy,24,Yes,Yes,Yes,665,649,16,2
2024-04-10,Wednesday,Dinner,977,Stormy,23,Yes,No,No,1018,955,63,27
2024-10-10,Thursday,Breakfast,653,Cloudy,31,Yes,Yes,No,658,591,67,24
2024-10-05,Saturday,Dinner,568,Sunny,40,Yes,Yes,Yes,565,466,99,24
2024-04-11,Thursday,Lunch,455,Sunny,38,Yes,Yes,No,405,318,87,52
2024-12-01,Sunday,Breakfast,851,Cloudy,28,No,No,Yes,890,885,5,3
2024-03-08,Friday,Dinner,624,Stormy,26,No,No,No,651,565,86,19
2024-04-06,Saturday,Lunch,698,Rainy,25,No,Yes,Yes,686,678,8,3
2024-06-30,Sunday,Breakfast,864,Stormy,21,Yes,Yes,Yes,849,757,92,78
2024-02-18,Sunday,Dinner,927,Stormy,22,No,No,Yes,928,837,91,45
2024-04-07,Sunday,Breakfast,223,Rainy,25,Yes,Yes,Yes,258,233,25,20
2024-11-18,Monday,Lunch,393,Rainy,23,No,Yes,No,435,401,34,21
2024-11-08,Friday,Breakfast,355,Cloudy,30,Yes,No,No,322,251,71,49
2024-05-10,Friday,Breakfast,545,Cloudy,30,No,Yes,No,509,480,29,6
2024-06-26,Wednesday,Lunch,511,Rainy,30,No,Yes,No,530,437,93,77
2024-02-05,Monday,Breakfast,941,Rainy,25,No,Yes,No,895,854,41,23
2024-07-15,Monday,Lunch,601,Sunny,32,Yes,Yes,No,624,546,78,13
2024-07-16,Tuesday,Dinner,577,Cloudy,28,No,No,No,590,558,32,32
2024-04-25,Thursday,Dinner,590,Cloudy,30,Yes,No,No,553,544,9,1
2024-04-23,Tuesday,Lunch,533,Stormy,23,No,No,No,498,444,54,21
2024-05-11,Saturday,Lunch,295,Sunny,39,No,No,Yes,279,216,63,42
2024-02-23,Friday,Dinner,447,Stormy,27,Yes,No,No,440,417,23,23
2024-12-31,Tuesday,Dinner,275,Cloudy,29,Yes,Yes,No,288,225,63,22
2024-01-17,Wednesday,Lunch,698,Sunny,39,No,Yes,No,709,702,7,5
2024-02-21,Wednesday,Dinner,524,Cloudy,33,No,Yes,No,570,507,63,36
2024-08-14,Wednesday,Breakfast,537,Stormy,21,Yes,No,No,558,481,77,36
2024-02-16,Friday,Lunch,274,Rainy,25,Yes,No,No,275,252,23,2
2024-11-13,Wednesday,Lunch,364,Cloudy,33,No,Yes,No,340,333,7,2
2024-02-02,Friday,Dinner,962,Sunny,40,No,No,No,992,898,94,18
2024-03-06,Wednesday,Dinner,241,Sunny,32,No,Yes,No,209,186,23,23
2024-10-27,Sunday,Dinner,795,Sunny,31,No,Yes,Yes,801,730,71,27
2024-05-12,Sunday,Lunch,442,Sunny,35,No,Yes,Yes,476,455,21,17
2024-08-03,Saturday,Breakfast,254,Sunny,34,No,Yes,Yes,288,234,54,13
2024-08-09,Friday,Breakfast,367,Rainy,24,Yes,No,No,379,303,76,56
2024-12-31,Tuesday,Lunch,499,Rainy,22,No,No,No,544,492,52,28
2024-11-30,Saturday,Lunch,223,Rainy,29,Yes,Yes,Yes,210,158,52,23
2024-01-06,Saturday,Dinner,714,Stormy,20,No,Yes,Yes,758,731,27,17
2024-04-28,Sunday,Dinner,916,Sunny,39,No,Yes,Yes,935,858,77,72
2024-06-24,Monday,Breakfast,624,Cloudy,29,Yes,Yes,No,586,538,48,9
2024-05-24,Friday,Lunch,530,Rainy,25,Yes,No,No,526,438,88,34
2024-03-23,Saturday,Lunch,450,Sunny,32,No,No,Yes,477,395,82,56
2024-09-07,Saturday,Lunch,293,Sunny,32,Yes,No,Yes,320,261,59,19
2024-10-10,Thursday,Breakfast,766,Cloudy,28,Yes,No,No,777,767,10,4
2024-01-29,Monday,Breakfast,739,Stormy,28,No,Yes,No,785,761,24,20
2024-07-24,Wednesday,Breakfast,780,Rainy,25,No,Yes,No,736,716,20,19
2024-12-28,Saturday,Lunch,455,Stormy,23,No,Yes,Yes,452,429,23,0
2024-05-05,Sunday,Dinner,296,Sunny,31,No,Yes,Yes,246,238,8,0
2024-12-19,Thursday,Lunch,819,Sunny,33,No,No,No,773,763,10,8
2024-04-17,Wednesday,Lunch,500,Sunny,37,No,No,No,530,435,95,85
2024-02-25,Sunday,Breakfast,550,Cloudy,33,Yes,Yes,Yes,505,425,80,63
2024-05-19,Sunday,Dinner,892,Sunny,38,No,Yes,Yes,879,788,91,25
2024-04-04,Thursday,Dinner,611,Sunny,35,Yes,Yes,No,661,590,71,35
2024-07-12,Friday,Dinner,281,Rainy,30,Yes,No,No,306,301,5,4
2024-01-10,Wednesday,Breakfast,713,Stormy,24,No,No,No,727,647,80,34
2024-05-05,Sunday,Dinner,980,Cloudy,28,Yes,Yes,Yes,1001,968,33,0
2024-10-31,Thursday,Breakfast,882,Cloudy,29,Yes,No,No,902,832,70,19
2024-11-23,Saturday,Lunch,299,Cloudy,26,No,No,Yes,264,244,20,0
2024-10-05,Saturday,Lunch,370,Cloudy,31,No,Yes,Yes,380,290,90,55
2024-03-22,Friday,Lunch,231,Rainy,22,No,Yes,No,191,177,14,5
2024-02-01,Thursday,Lunch,328,Stormy,23,Yes,No,No,310,256,54,32
2024-06-27,Thursday,Dinner,563,Stormy,22,No,Yes,No,563,520,43,22
2024-05-23,Thursday,Breakfast,721,Sunny,37,Yes,Yes,No,718,682,36,20
2024-09-28,Saturday,Breakfast,976,Rainy,25,Yes,Yes,Yes,929,850,79,38
2024-09-18,Wednesday,Breakfast,259,Sunny,33,No,No,No,273,267,6,0
2024-02-15,Thursday,Lunch,248,Stormy,28,Yes,No,No,292,272,20,4
2024-10-25,Friday,Lunch,438,Stormy,23,No,No,No,447,447,0,0
2024-12-02,Monday,Breakfast,718,Sunny,32,No,Yes,No,737,661,76,3
2024-07-19,Friday,Dinner,522,Stormy,28,Yes,No,No,510,430,80,61
2024-06-30,Sunday,Dinner,447,Cloudy,32,No,Yes,Yes,450,399,51,44
2024-06-13,Thursday,Dinner,430,Cloudy,25,No,Yes,No,457,431,26,25
2024-12-22,Sunday,Dinner,473,Sunny,32,Yes,Yes,Yes,515,471,44,21
2024-03-31,Sunday,Breakfast,215,Rainy,24,No,Yes,Yes,184,134,50,50
2024-11-22,Friday,Dinner,905,Rainy,28,No,Yes,No,947,891,56,1
2024-07-29,Monday,Breakfast,937,Rainy,29,Yes,Yes,No,895,839,56,26
2024-04-30,Tuesday,Lunch,509,Stormy,28,No,No,No,559,470,89,30
2024-08-04,Sunday,Lunch,272,Rainy,28,Yes,No,Yes,233,227,6,3
2024-06-08,Saturday,Breakfast,915,Stormy,24,Yes,Yes,Yes,868,813,55,50
2024-10-02,Wednesday,Lunch,756,Stormy,26,No,No,No,789,705,84,27
2024-11-01,Friday,Dinner,401,Rainy,30,No,Yes,No,437,367,70,36
2024-06-15,Saturday,Breakfast,649,Stormy,23,No,No,Yes,644,618,26,18
2024-03-25,Monday,Lunch,360,Cloudy,33,No,No,No,355,325,30,0
2024-03-16,Saturday,Dinner,691,Cloudy,26,Yes,No,Yes,705,634,71,27
2024-12-15,Sunday,Dinner,681,Stormy,21,No,No,Yes,698,640,58,33
2024-02-27,Tuesday,Breakfast,309,Sunny,30,No,No,No,297,245,52,10
2024-10-26,Saturday,Breakfast,432,Stormy,25,Yes,Yes,Yes,427,342,85,41
2024-01-11,Thursday,Breakfast,604,Sunny,34,Yes,No,No,567,533,34,34
2024-03-07,Thursday,Dinner,601,Sunny,36,Yes,Yes,No,583,494,89,47
2024-06-04,Tuesday,Dinner,654,Rainy,24,No,No,No,694,667,27,20
2024-03-07,Thursday,Lunch,836,Sunny,30,Yes,No,No,795,762,33,14
2024-09-14,Saturday,Dinner,609,Sunny,39,Yes,No,Yes,560,552,8,2
2024-08-29,Thursday,Dinner,902,Sunny,37,No,Yes,No,862,825,37,9
2024-02-29,Thursday,Dinner,455,Sunny,37,Yes,Yes,No,475,466,9,9
2024-08-01,Thursday,Dinner,371,Rainy,23,Yes,No,No,414,360,54,3
2024-09-15,Sunday,Dinner,896,Cloudy,30,Yes,Yes,Yes,899,887,12,6
2024-10-20,Sunday,Lunch,689,Rainy,27,No,Yes,Yes,737,711,26,6
2024-12-11,Wednesday,Lunch,628,Rainy,24,Yes,Yes,No,640,569,71,45
2024-08-19,Monday,Breakfast,444,Stormy,24,No,Yes,No,402,302,100,5
2024-01-25,Thursday,Lunch,421,Sunny,37,Yes,No,No,425,351,74,52
2024-04-01,Monday,Dinner,336,Sunny,30,Yes,Yes,No,356,332,24,1
2024-07-25,Thursday,Breakfast,657,Sunny,36,No,No,No,653,571,82,56
2024-10-20,Sunday,Lunch,929,Cloudy,29,No,Yes,Yes,907,875,32,3
2024-08-20,Tuesday,Lunch,585,Sunny,31,Yes,Yes,No,619,547,72,11
2024-10-18,Friday,Dinner,639,Stormy,24,No,Yes,No,643,567,76,22
2024-02-27,Tuesday,Dinner,246,Cloudy,33,No,Yes,No,295,251,44,33
2024-07-04,Thursday,Lunch,425,Rainy,25,No,No,No,449,373,76,24
2024-09-25,Wednesday,Dinner,350,Rainy,23,No,No,No,350,341,9,5
2024-05-26,Sunday,Lunch,940,Rainy,29,No,No,Yes,927,869,58,35
2024-04-04,Thursday,Breakfast,219,Cloudy,31,No,No,No,182,170,12,11
2024-08-04,Sunday,Lunch,474,Rainy,30,Yes,No,Yes,448,349,99,29
2024-01-02,Tuesday,Breakfast,590,Sunny,31,No,Yes,No,632,555,77,28
2024-07-09,Tuesday,Dinner,732,Cloudy,33,Yes,Yes,No,702,630,72,12
2024-04-20,Saturday,Lunch,512,Stormy,22,Yes,Yes,Yes,485,399,86,75
2024-09-07,Saturday,Lunch,233,Sunny,31,Yes,Yes,Yes,227,199,28,26
2024-01-25,Thursday,Dinner,216,Rainy,27,No,Yes,No,197,100,97,83
2024-10-09,Wednesday,Lunch,376,Stormy,28,Yes,Yes,No,330,281,49,39
2024-10-22,Tuesday,Dinner,644,Cloudy,25,No,Yes,No,642,640,2,1
2024-10-24,Thursday,Dinner,560,Cloudy,29,Yes,Yes,No,526,518,8,6
2024-01-23,Tuesday,Dinner,762,Rainy,23,Yes,No,No,718,700,18,9
2024-07-24,Wednesday,Dinner,565,Sunny,33,No,No,No,596,538,58,28
2024-07-14,Sunday,Breakfast,404,Cloudy,26,Yes,Yes,Yes,450,370,80,14
2024-09-21,Saturday,Breakfast,327,Stormy,28,No,No,Yes,332,308,24,0
2024-01-18,Thursday,Breakfast,408,Cloudy,27,No,Yes,No,421,401,20,0
2024-01-23,Tuesday,Breakfast,550,Sunny,32,Yes,No,No,572,565,7,7
2024-11-10,Sunday,Lunch,976,Cloudy,27,Yes,No,Yes,944,944,0,0
2024-06-30,Sunday,Dinner,355,Rainy,30,No,No,Yes,315,240,75,43
2024-07-20,Saturday,Lunch,314,Stormy,28,No,No,Yes,276,213,63,20
2024-04-28,Sunday,Dinner,259,Cloudy,25,No,Yes,Yes,247,155,92,19
2024-08-04,Sunday,Lunch,507,Sunny,31,No,No,Yes,483,421,62,17
2024-06-28,Friday,Breakfast,372,Cloudy,29,No,No,No,369,359,10,8
2024-08-24,Saturday,Breakfast,369,Cloudy,30,Yes,Yes,Yes,419,372,47,24
2024-11-16,Saturday,Lunch,568,Rainy,28,Yes,No,Yes,560,490,70,46
2024-07-15,Monday,Breakfast,496,Cloudy,30,No,Yes,No,463,440,23,13
2024-06-01,Saturday,Lunch,692,Rainy,28,No,No,Yes,656,570,86,13
2024-05-21,Tuesday,Dinner,664,Sunny,33,No,No,No,696,691,5,2
2024-04-24,Wednesday,Lunch,985,Rainy,26,Yes,No,No,942,913,29,22
2024-10-16,Wednesday,Dinner,313,Cloudy,27,No,Yes,No,276,251,25,14
2024-05-24,Friday,Dinner,259,Sunny,35,No,No,No,229,133,96,44
2024-06-24,Monday,Lunch,294,Sunny,36,No,No,No,279,242,37,34
2024-08-06,Tuesday,Dinner,923,Stormy,24,Yes,No,No,951,855,96,22
2024-01-28,Sunday,Dinner,535,Sunny,34,Yes,Yes,Yes,578,523,55,21
2024-11-24,Sunday,Dinner,591,Cloudy,27,No,Yes,Yes,598,550,48,9
2024-06-14,Friday,Dinner,737,Stormy,21,No,No,No,727,637,90,8
2024-04-04,Thursday,Dinner,494,Rainy,26,No,No,No,520,422,98,26
2024-06-11,Tuesday,Breakfast,295,Rainy,28,Yes,Yes,No,267,261,6,6
2024-07-12,Friday,Lunch,865,Rainy,23,Yes,Yes,No,892,848,44,3
2024-10-30,Wednesday,Breakfast,638,Stormy,22,No,Yes,No,662,593,69,42
2024-10-31,Thursday,Lunch,314,Sunny,33,No,No,No,324,265,59,38
2024-11-28,Thursday,Dinner,583,Cloudy,27,Yes,Yes,No,626,559,67,63
2024-05-30,Thursday,Breakfast,806,Rainy,26,No,No,No,832,770,62,24
2024-10-10,Thursday,Dinner,468,Rainy,23,Yes,No,No,471,439,32,19
2024-08-29,Thursday,Lunch,890,Stormy,26,No,No,No,850,837,13,5
2024-01-01,Monday,Dinner,658,Stormy,25,No,No,No,678,660,18,18
2024-11-02,Saturday,Lunch,655,Cloudy,31,Yes,No,Yes,608,534,74,32
2024-09-04,Wednesday,Breakfast,356,Stormy,28,No,Yes,No,355,331,24,7
2024-08-02,Friday,Dinner,811,Stormy,25,Yes,No,No,768,707,61,54
2024-06-12,Wednesday,Lunch,922,Sunny,39,Yes,Yes,No,947,869,78,7
2024-02-10,Saturday,Breakfast,434,Rainy,28,No,No,Yes,436,379,57,26
2024-09-07,Saturday,Dinner,849,Stormy,24,No,Yes,Yes,878,877,1,1
2024-11-08,Friday,Breakfast,273,Sunny,35,Yes,Yes,No,261,182,79,63
2024-01-15,Monday,Dinner,431,Sunny,36,Yes,No,No,415,387,28,12
2024-06-16,Sunday,Breakfast,797,Stormy,28,Yes,Yes,Yes,779,684,95,71
2024-02-22,Thursday,Breakfast,377,Rainy,23,Yes,Yes,No,367,304,63,45
2024-05-14,Tuesday,Breakfast,863,Rainy,24,No,Yes,No,877,822,55,50
2024-11-14,Thursday,Breakfast,809,Sunny,35,No,Yes,No,819,799,20,12
2024-09-04,Wednesday,Lunch,759,Sunny,38,Yes,No,No,804,792,12,1
2024-04-02,Tuesday,Dinner,446,Sunny,32,No,No,No,488,392,96,87
2024-11-23,Saturday,Breakfast,751,Cloudy,25,Yes,Yes,Yes,753,728,25,22
2024-07-04,Thursday,Dinner,424,Cloudy,33,Yes,Yes,No,437,338,99,58
2024-05-17,Friday,Dinner,294,Stormy,28,No,No,No,321,291,30,25
2024-03-03,Sunday,Dinner,688,Sunny,37,No,No,Yes,680,668,12,1
2024-07-07,Sunday,Lunch,412,Stormy,28,No,No,Yes,392,373,19,10
2024-01-10,Wednesday,Breakfast,478,Cloudy,31,No,Yes,No,458,445,13,10
2024-08-16,Friday,Breakfast,618,Stormy,23,No,Yes,No,572,528,44,24
2024-04-30,Tuesday,Lunch,446,Sunny,36,Yes,Yes,No,413,379,34,10
2024-03-16,Saturday,Breakfast,808,Rainy,22,Yes,Yes,Yes,771,760,11,0
2024-04-01,Monday,Dinner,687,Sunny,30,Yes,No,No,725,649,76,4
2024-01-29,Monday,Breakfast,921,Cloudy,32,No,Yes,No,931,842,89,69
2024-10-02,Wednesday,Dinner,449,Stormy,24,Yes,No,No,492,488,4,3
2024-02-13,Tuesday,Dinner,375,Sunny,30,Yes,No,No,349,260,89,20
2024-05-18,Saturday,Breakfast,327,Sunny,36,Yes,No,Yes,306,289,17,12
2024-01-12,Friday,Breakfast,226,Stormy,26,No,Yes,No,192,191,1,1
2024-03-05,Tuesday,Breakfast,540,Rainy,22,Yes,Yes,No,565,504,61,61
2024-01-04,Thursday,Breakfast,224,Rainy,23,Yes,Yes,No,270,197,73,60
2024-05-05,Sunday,Lunch,266,Cloudy,30,No,Yes,Yes,235,229,6,1
2024-03-02,Saturday,Breakfast,462,Sunny,30,No,No,Yes,441,363,78,59
2024-09-10,Tuesday,Breakfast,206,Cloudy,26,No,No,No,235,204,31,23
2024-02-09,Friday,Lunch,931,Cloudy,28,Yes,Yes,No,885,862,23,14
2024-01-29,Monday,Lunch,915,Stormy,27,Yes,Yes,No,897,865,32,14
2024-10-29,Tuesday,Lunch,637,Sunny,38,No,Yes,No,614,570,44,44
2024-08-13,Tuesday,Dinner,442,Cloudy,27,Yes,No,No,487,440,47,0
2024-08-11,Sunday,Lunch,568,Rainy,26,Yes,Yes,Yes,574,508,66,19
2024-12-30,Monday,Lunch,651,Stormy,27,Yes,No,No,690,595,95,61
2024-05-18,Saturday,Lunch,939,Sunny,33,No,No,Yes,954,922,32,29
2024-12-10,Tuesday,Breakfast,278,Sunny,32,No,No,No,243,160,83,9
2024-04-22,Monday,Lunch,331,Cloudy,33,No,No,No,379,305,74,44
2024-05-02,Thursday,Breakfast,944,Rainy,27,Yes,Yes,No,940,933,7,0
2024-07-09,Tuesday,Dinner,982,Sunny,31,No,No,No,1005,907,98,16
2024-07-17,Wednesday,Breakfast,366,Rainy,30,No,Yes,No,388,302,86,2
2024-08-19,Monday,Breakfast,626,Stormy,25,No,Yes,No,646,557,89,34
2024-07-19,Friday,Dinner,437,Sunny,40,No,No,No,473,447,26,2
2024-02-26,Monday,Lunch,333,Stormy,28,No,Yes,No,292,271,21,12
2024-04-08,Monday,Lunch,839,Stormy,21,Yes,Yes,No,876,793,83,46
2024-10-16,Wednesday,Lunch,858,Sunny,36,No,Yes,No,885,820,65,27
2024-05-12,Sunday,Lunch,316,Sunny,34,Yes,Yes,Yes,301,226,75,4
2024-12-29,Sunday,Dinner,527,Cloudy,29,Yes,No,Yes,490,453,37,10
2024-04-18,Thursday,Breakfast,487,Rainy,30,Yes,No,No,480,383,97,33
2024-06-10,Monday,Breakfast,965,Sunny,34,No,No,No,924,831,93,9
2024-10-07,Monday,Lunch,240,Stormy,21,Yes,No,No,245,147,98,48
2024-09-03,Tuesday,Dinner,944,Stormy,25,No,Yes,No,946,867,79,73
2024-08-24,Saturday,Breakfast,307,Sunny,39,No,Yes,Yes,331,244,87,37
2024-08-14,Wednesday,Lunch,267,Stormy,25,Yes,No,No,217,117,100,5
2024-11-03,Sunday,Lunch,883,Cloudy,27,Yes,Yes,Yes,874,790,84,61
2024-10-16,Wednesday,Breakfast,425,Rainy,29,Yes,Yes,No,390,330,60,37
2024-07-19,Friday,Dinner,956,Rainy,30,Yes,Yes,No,946,877,69,40
2024-05-25,Saturday,Lunch,875,Cloudy,31,Yes,Yes,Yes,910,896,14,11
2024-04-14,Sunday,Dinner,808,Stormy,22,Yes,No,Yes,768,728,40,37
2024-11-27,Wednesday,Dinner,356,Stormy,20,Yes,Yes,No,386,358,28,13
2024-11-16,Saturday,Dinner,578,Rainy,22,Yes,Yes,Yes,620,535,85,46
2024-05-27,Monday,Lunch,231,Cloudy,26,No,No,No,225,130,95,45
2024-07-04,Thursday,Dinner,903,Cloudy,33,Yes,No,No,923,823,100,16
2024-10-05,Saturday,Dinner,492,Sunny,33,No,No,Yes,456,429,27,19
2024-02-08,Thursday,Lunch,949,Sunny,33,No,Yes,No,958,916,42,18
2024-06-07,Friday,Dinner,738,Sunny,30,Yes,No,No,756,710,46,5
2024-12-12,Thursday,Lunch,695,Sunny,30,Yes,Yes,No,696,605,91,87
2024-12-05,Thursday,Breakfast,550,Sunny,39,No,No,No,514,450,64,1
2024-07-17,Wednesday,Dinner,405,Cloudy,28,Yes,Yes,No,391,343,48,17
2024-01-23,Tuesday,Lunch,713,Rainy,26,Yes,Yes,No,683,624,59,8
2024-07-12,Friday,Lunch,845,Sunny,40,No,Yes,No,810,715,95,5
2024-08-22,Thursday,Dinner,328,Sunny,38,No,No,No,319,319,0,0
2024-04-28,Sunday,Breakfast,673,Rainy,28,Yes,No,Yes,708,683,25,10
2024-12-09,Monday,Dinner,891,Sunny,38,No,Yes,No,921,888,33,16
2024-10-08,Tuesday,Lunch,485,Cloudy,27,Yes,No,No,493,399,94,59
2024-09-04,Wednesday,Dinner,953,Sunny,39,Yes,No,No,970,950,20,18
2024-08-18,Sunday,Dinner,954,Rainy,29,No,No,Yes,995,923,72,28
2024-07-27,Saturday,Lunch,682,Sunny,40,No,No,Yes,689,671,18,12
2024-03-15,Friday,Lunch,682,Cloudy,31,Yes,No,No,663,584,79,17
2024-10-10,Thursday,Lunch,971,Rainy,22,No,No,No,936,935,1,0
2024-02-14,Wednesday,Breakfast,416,Rainy,30,No,No,No,369,282,87,38
2024-12-15,Sunday,Dinner,397,Rainy,24,No,Yes,Yes,358,265,93,45
2024-02-26,Monday,Lunch,268,Rainy,24,No,Yes,No,260,176,84,53
2024-02-21,Wednesday,Lunch,579,Sunny,40,Yes,Yes,No,531,459,72,7
2024-03-17,Sunday,Dinner,720,Cloudy,32,Yes,Yes,Yes,712,614,98,22
2024-05-15,Wednesday,Dinner,470,Sunny,36,Yes,No,No,468,402,66,27
2024-11-10,Sunday,Breakfast,386,Cloudy,31,No,No,Yes,389,290,99,98
2024-01-13,Saturday,Breakfast,498,Cloudy,31,No,No,Yes,484,455,29,4
2024-03-30,Saturday,Breakfast,939,Cloudy,29,No,Yes,Yes,947,890,57,8
2024-10-19,Saturday,Dinner,545,Stormy,22,Yes,No,Yes,520,516,4,2
2024-07-31,Wednesday,Breakfast,927,Cloudy,26,Yes,No,No,941,936,5,0
2024-03-29,Friday,Lunch,273,Cloudy,29,Yes,Yes,No,289,205,84,14
2024-09-28,Saturday,Dinner,961,Rainy,30,Yes,Yes,Yes,913,842,71,45
2024-08-09,Friday,Breakfast,659,Stormy,27,No,No,No,684,640,44,28
2024-04-02,Tuesday,Dinner,627,Rainy,27,No,Yes,No,631,616,15,2
2024-11-16,Saturday,Dinner,638,Sunny,36,No,Yes,Yes,637,574,63,19
2024-04-20,Saturday,Breakfast,233,Sunny,33,Yes,Yes,Yes,197,109,88,28
2024-03-10,Sunday,Breakfast,295,Rainy,24,No,No,Yes,332,236,96,53
2024-08-01,Thursday,Lunch,810,Sunny,30,Yes,Yes,No,844,843,1,1
2024-06-20,Thursday,Lunch,876,Sunny,32,No,Yes,No,844,790,54,53
2024-07-01,Monday,Dinner,805,Cloudy,27,No,Yes,No,809,781,28,22
2024-05-23,Thursday,Lunch,781,Cloudy,28,Yes,Yes,No,778,767,11,11
2024-09-13,Friday,Lunch,275,Cloudy,33,Yes,Yes,No,303,241,62,50
2024-03-31,Sunday,Lunch,394,Rainy,27,Yes,No,Yes,395,312,83,76
2024-11-04,Monday,Dinner,420,Stormy,23,Yes,Yes,No,451,422,29,15
2024-01-19,Friday,Lunch,694,Cloudy,31,Yes,Yes,No,644,591,53,32
2024-03-20,Wednesday,Lunch,699,Rainy,28,Yes,No,No,728,634,94,39
2024-03-10,Sunday,Dinner,670,Sunny,38,Yes,Yes,Yes,683,683,0,0
2024-03-06,Wednesday,Lunch,977,Rainy,25,Yes,Yes,No,942,897,45,28
2024-01-08,Monday,Lunch,503,Cloudy,27,No,Yes,No,511,506,5,3
2024-10-23,Wednesday,Breakfast,436,Sunny,40,No,No,No,476,404,72,11
2024-06-14,Friday,Dinner,954,Sunny,33,No,No,No,972,947,25,0
2024-06-14,Friday,Breakfast,969,Stormy,28,No,Yes,No,932,837,95,44
2024-05-15,Wednesday,Breakfast,238,Rainy,22,No,No,No,279,273,6,4
2024-02-23,Friday,Lunch,787,Rainy,25,Yes,Yes,No,810,738,72,36
2024-08-07,Wednesday,Breakfast,431,Stormy,22,Yes,No,No,403,357,46,37
2024-04-04,Thursday,Breakfast,633,Rainy,22,No,Yes,No,605,592,13,3
2024-10-23,Wednesday,Lunch,950,Sunny,40,No,No,No,978,964,14,5
2024-01-03,Wednesday,Dinner,590,Stormy,26,Yes,Yes,No,574,520,54,38
2024-06-21,Friday,Breakfast,482,Cloudy,33,Yes,No,No,480,392,88,68
2024-02-07,Wednesday,Breakfast,892,Sunny,34,Yes,Yes,No,921,898,23,9
2024-11-17,Sunday,Lunch,854,Stormy,22,No,Yes,Yes,832,808,24,15
2024-04-02,Tuesday,Lunch,821,Stormy,20,Yes,Yes,No,796,754,42,32
2024-03-07,Thursday,Breakfast,298,Sunny,39,No,No,No,287,205,82,63
2024-08-22,Thursday,Breakfast,246,Rainy,26,Yes,No,No,227,153,74,28
2024-10-28,Monday,Lunch,443,Rainy,28,Yes,Yes,No,445,406,39,15
2024-12-16,Monday,Lunch,525,Sunny,32,No,No,No,575,507,68,52
2024-01-14,Sunday,Breakfast,500,Sunny,34,No,Yes,Yes,532,442,90,36
2024-12-22,Sunday,Lunch,294,Sunny,40,Yes,No,Yes,343,324,19,12
2024-07-08,Monday,Lunch,801,Sunny,34,Yes,No,No,770,691,79,25
2024-07-24,Wednesday,Dinner,953,Rainy,22,Yes,Yes,No,908,888,20,17
2024-04-17,Wednesday,Breakfast,782,Stormy,27,No,Yes,No,791,763,28,10
2024-12-24,Tuesday,Breakfast,395,Cloudy,28,Yes,No,No,376,301,75,6
2024-05-05,Sunday,Breakfast,661,Rainy,23,No,No,Yes,622,604,18,13
2024-06-10,Monday,Dinner,273,Rainy,23,No,Yes,No,303,224,79,18
2024-05-06,Monday,Dinner,321,Stormy,20,Yes,Yes,No,293,221,72,22
2024-12-22,Sunday,Lunch,355,Rainy,30,Yes,Yes,Yes,305,266,39,32
2024-08-21,Wednesday,Dinner,633,Cloudy,29,No,No,No,634,579,55,49
2024-02-11,Sunday,Lunch,528,Rainy,23,Yes,No,Yes,521,435,86,85
2024-07-06,Saturday,Lunch,481,Stormy,20,Yes,No,Yes,523,439,84,24
2024-11-24,Sunday,Dinner,783,Cloudy,33,Yes,Yes,Yes,773,752,21,21
2024-02-04,Sunday,Lunch,626,Rainy,22,No,Yes,Yes,632,617,15,3
2024-10-27,Sunday,Lunch,507,Cloudy,32,No,Yes,Yes,473,407,66,22
2024-10-23,Wednesday,Dinner,310,Rainy,29,Yes,Yes,No,293,245,48,11
2024-02-01,Thursday,Dinner,940,Cloudy,29,Yes,No,No,910,864,46,28
2024-05-16,Thursday,Breakfast,524,Cloudy,30,Yes,Yes,No,539,443,96,2
2024-04-30,Tuesday,Breakfast,508,Cloudy,26,No,No,No,468,401,67,49
2024-08-06,Tuesday,Lunch,464,Cloudy,29,Yes,Yes,No,433,338,95,47
2024-11-12,Tuesday,Dinner,831,Stormy,20,Yes,Yes,No,809,750,59,12
2024-10-02,Wednesday,Breakfast,280,Sunny,36,Yes,No,No,303,301,2,2
2024-02-15,Thursday,Dinner,747,Cloudy,26,No,Yes,No,715,678,37,13
2024-02-19,Monday,Dinner,327,Cloudy,32,Yes,Yes,No,323,258,65,27
2024-05-19,Sunday,Breakfast,958,Rainy,22,Yes,No,Yes,987,960,27,4
2024-02-14,Wednesday,Lunch,717,Sunny,38,Yes,Yes,No,702,614,88,57
2024-11-10,Sunday,Lunch,620,Rainy,25,No,No,Yes,656,556,100,4
2024-10-12,Saturday,Lunch,745,Cloudy,26,No,Yes,Yes,785,744,41,36
2024-07-16,Tuesday,Dinner,630,Stormy,28,No,No,No,654,626,28,21
2024-08-06,Tuesday,Lunch,789,Cloudy,26,Yes,Yes,No,740,680,60,23
2024-10-28,Monday,Breakfast,339,Rainy,26,No,No,No,337,326,11,5
2024-10-17,Thursday,Breakfast,274,Cloudy,32,No,Yes,No,233,155,78,35
2024-07-07,Sunday,Dinner,859,Stormy,28,Yes,Yes,Yes,826,735,91,44
2024-12-27,Friday,Breakfast,845,Cloudy,28,No,Yes,No,804,739,65,38
2024-10-22,Tuesday,Breakfast,642,Stormy,20,Yes,Yes,No,642,612,30,3
2024-05-24,Friday,Lunch,488,Rainy,26,No,No,No,529,459,70,21
2024-08-13,Tuesday,Lunch,995,Rainy,30,No,No,No,1028,1028,0,0
2024-04-03,Wednesday,Dinner,888,Sunny,40,Yes,Yes,No,916,891,25,24
2024-08-27,Tuesday,Dinner,763,Sunny,39,No,No,No,754,731,23,8
2024-06-08,Saturday,Lunch,498,Sunny,38,Yes,Yes,Yes,512,469,43,14
2024-01-19,Friday,Lunch,313,Rainy,30,Yes,Yes,No,267,258,9,9
2024-11-24,Sunday,Lunch,221,Rainy,30,Yes,No,Yes,252,194,58,24
2024-10-02,Wednesday,Dinner,241,Stormy,27,Yes,No,No,262,215,47,6
2024-02-26,Monday,Dinner,855,Rainy,25,No,Yes,No,867,841,26,22
2024-06-19,Wednesday,Dinner,743,Sunny,33,No,Yes,No,695,692,3,3
2024-10-28,Monday,Breakfast,708,Stormy,24,No,Yes,No,690,631,59,43
2024-07-20,Saturday,Dinner,567,Cloudy,28,Yes,No,Yes,544,533,11,10
2024-01-21,Sunday,Dinner,828,Cloudy,28,Yes,Yes,Yes,864,793,71,49
2024-07-08,Monday,Dinner,912,Stormy,20,No,No,No,863,845,18,18
2024-02-03,Saturday,Lunch,832,Stormy,24,Yes,No,Yes,865,801,64,45
2024-10-19,Saturday,Lunch,507,Cloudy,28,No,No,Yes,551,468,83,3
2024-12-31,Tuesday,Dinner,365,Cloudy,29,Yes,No,No,364,285,79,18
2024-04-26,Friday,Breakfast,423,Stormy,28,Yes,No,No,380,297,83,56
2024-09-08,Sunday,Dinner,931,Rainy,23,Yes,Yes,Yes,953,867,86,34
2024-06-27,Thursday,Lunch,365,Sunny,32,No,No,No,401,369,32,5
2024-05-19,Sunday,Lunch,405,Stormy,22,No,No,Yes,411,326,85,61
2024-08-01,Thursday,Dinner,580,Sunny,33,Yes,Yes,No,554,526,28,14
2024-01-20,Saturday,Lunch,481,Rainy,27,No,Yes,Yes,469,431,38,14
2024-12-03,Tuesday,Dinner,685,Cloudy,33,No,No,No,717,669,48,32
2024-06-09,Sunday,Lunch,248,Cloudy,25,Yes,No,Yes,223,173,50,31
2024-04-27,Saturday,Dinner,695,Rainy,24,No,Yes,Yes,663,626,37,34
2024-10-14,Monday,Lunch,247,Stormy,27,Yes,No,No,275,274,1,1
2024-11-19,Tuesday,Lunch,807,Stormy,28,No,No,No,819,777,42,15
2024-04-13,Saturday,Lunch,964,Stormy,23,Yes,No,Yes,1000,939,61,52
2024-10-06,Sunday,Dinner,726,Rainy,26,Yes,No,Yes,703,644,59,1
2024-07-09,Tuesday,Breakfast,314,Stormy,27,No,No,No,357,336,21,12
2024-06-28,Friday,Dinner,344,Rainy,28,Yes,No,No,332,248,84,35
2024-10-04,Friday,Breakfast,355,Cloudy,29,Yes,No,No,330,231,99,91
2024-08-24,Saturday,Breakfast,891,Cloudy,29,No,No,Yes,880,838,42,16
2024-10-05,Saturday,Breakfast,493,Stormy,24,Yes,Yes,Yes,513,478,35,34
2024-10-29,Tuesday,Lunch,981,Stormy,26,No,Yes,No,1011,920,91,80
2024-08-10,Saturday,Breakfast,547,Sunny,33,Yes,No,Yes,563,533,30,4
2024-10-04,Friday,Breakfast,537,Rainy,28,No,Yes,No,516,500,16,7
2024-12-18,Wednesday,Lunch,652,Rainy,27,No,Yes,No,651,592,59,2
2024-05-04,Saturday,Dinner,935,Rainy,28,Yes,Yes,Yes,917,829,88,60
2024-09-16,Monday,Breakfast,759,Rainy,22,No,No,No,785,780,5,5
2024-09-07,Saturday,Lunch,772,Cloudy,33,Yes,Yes,Yes,797,753,44,38
2024-11-28,Thursday,Lunch,408,Rainy,22,Yes,No,No,411,345,66,46
2024-08-31,Saturday,Breakfast,687,Cloudy,31,Yes,Yes,Yes,721,628,93,71
2024-10-06,Sunday,Lunch,825,Stormy,28,Yes,Yes,Yes,775,736,39,0
2024-09-02,Monday,Breakfast,940,Cloudy,27,No,Yes,No,984,897,87,77
2024-10-14,Monday,Dinner,348,Rainy,28,No,Yes,No,335,303,32,8
2024-10-06,Sunday,Lunch,413,Stormy,26,Yes,No,Yes,406,331,75,40
2024-07-30,Tuesday,Dinner,673,Cloudy,31,No,No,No,697,641,56,43
2024-08-31,Saturday,Breakfast,867,Rainy,27,No,No,Yes,871,827,44,1
2024-05-21,Tuesday,Lunch,846,Cloudy,30,Yes,Yes,No,833,781,52,48
2024-02-06,Tuesday,Lunch,384,Rainy,28,Yes,No,No,396,364,32,23
2024-06-14,Friday,Breakfast,845,Sunny,36,Yes,No,No,883,876,7,2
2024-09-01,Sunday,Breakfast,584,Sunny,37,No,Yes,Yes,560,497,63,19
2024-05-18,Saturday,Dinner,895,Rainy,27,No,Yes,Yes,848,816,32,29
2024-03-04,Monday,Lunch,786,Cloudy,29,No,Yes,No,743,650,93,39
2024-05-27,Monday,Dinner,441,Stormy,27,Yes,No,No,411,320,91,70
2024-05-15,Wednesday,Dinner,555,Cloudy,33,Yes,Yes,No,552,462,90,21
2024-05-16,Thursday,Breakfast,948,Rainy,30,Yes,No,No,903,844,59,13
2024-02-14,Wednesday,Lunch,700,Sunny,34,Yes,Yes,No,670,653,17,6
2024-10-19,Saturday,Breakfast,858,Cloudy,27,Yes,Yes,Yes,851,794,57,22
2024-11-25,Monday,Dinner,554,Sunny,38,No,No,No,572,549,23,8
2024-10-21,Monday,Lunch,488,Cloudy,26,Yes,Yes,No,445,380,65,48
2024-04-19,Friday,Breakfast,810,Stormy,20,Yes,No,No,817,769,48,32
2024-06-04,Tuesday,Lunch,968,Rainy,29,Yes,Yes,No,947,947,0,0
2024-11-23,Saturday,Lunch,765,Cloudy,30,No,No,Yes,716,668,48,24
2024-01-17,Wednesday,Lunch,532,Cloudy,33,Yes,No,No,550,524,26,21
2024-10-23,Wednesday,Lunch,486,Sunny,37,Yes,Yes,No,530,470,60,25
2024-03-05,Tuesday,Lunch,923,Cloudy,31,No,Yes,No,907,887,20,9
2024-10-24,Thursday,Dinner,469,Rainy,26,No,No,No,447,384,63,42
2024-02-11,Sunday,Breakfast,993,Sunny,40,Yes,No,Yes,992,930,62,38
2024-09-08,Sunday,Lunch,955,Stormy,22,No,No,Yes,910,874,36,19
2024-10-18,Friday,Lunch,876,Sunny,39,Yes,Yes,No,878,836,42,13
2024-03-04,Monday,Dinner,263,Stormy,25,No,No,No,254,201,53,31
2024-10-11,Friday,Dinner,752,Sunny,38,Yes,No,No,713,622,91,15
2024-06-06,Thursday,Dinner,283,Sunny,32,Yes,No,No,255,216,39,6
2024-07-27,Saturday,Dinner,531,Rainy,25,No,Yes,Yes,561,527,34,32
2024-05-31,Friday,Breakfast,648,Rainy,25,No,No,No,635,562,73,15
2024-03-08,Friday,Lunch,284,Cloudy,25,Yes,No,No,245,153,92,34
2024-07-22,Monday,Lunch,394,Sunny,32,No,Yes,No,345,297,48,33
2024-04-16,Tuesday,Dinner,348,Cloudy,33,Yes,Yes,No,354,297,57,56
2024-10-15,Tuesday,Breakfast,570,Cloudy,32,Yes,Yes,No,542,469,73,9
2024-08-13,Tuesday,Dinner,694,Cloudy,26,Yes,No,No,688,611,77,63
2024-08-19,Monday,Dinner,904,Stormy,26,No,No,No,927,918,9,7
2024-01-21,Sunday,Lunch,614,Cloudy,33,No,Yes,Yes,661,659,2,1
2024-01-26,Friday,Breakfast,738,Cloudy,28,Yes,No,No,773,736,37,33
2024-05-06,Monday,Dinner,968,Stormy,20,Yes,Yes,No,938,868,70,45
2024-09-19,Thursday,Dinner,238,Sunny,37,No,Yes,No,287,260,27,5
2024-07-20,Saturday,Breakfast,811,Cloudy,26,Yes,No,Yes,779,738,41,24
2024-06-17,Monday,Lunch,794,Sunny,39,No,No,No,822,771,51,33
2024-12-12,Thursday,Breakfast,343,Cloudy,26,Yes,Yes,No,384,324,60,36
2024-02-19,Monday,Lunch,933,Sunny,35,No,Yes,No,924,875,49,31
2024-03-04,Monday,Dinner,303,Rainy,27,No,Yes,No,316,238,78,56
2024-06-17,Monday,Dinner,746,Stormy,23,No,Yes,No,795,756,39,17
2024-10-16,Wednesday,Dinner,864,Sunny,30,Yes,No,No,912,892,20,17
2024-09-27,Friday,Dinner,704,Sunny,36,No,Yes,No,726,696,30,21
2024-05-26,Sunday,Lunch,556,Stormy,21,Yes,Yes,Yes,584,577,7,7
2024-06-22,Saturday,Dinner,885,Stormy,24,No,No,Yes,914,903,11,3
2024-05-11,Saturday,Lunch,255,Rainy,27,No,No,Yes,216,207,9,8
2024-11-30,Saturday,Breakfast,608,Rainy,22,Yes,No,Yes,593,577,16,11
2024-11-29,Friday,Breakfast,882,Cloudy,29,No,No,No,843,751,92,89
2024-12-15,Sunday,Lunch,575,Sunny,39,No,No,Yes,535,488,47,0
2024-04-08,Monday,Breakfast,614,Rainy,27,Yes,Yes,No,662,567,95,39
2024-02-04,Sunday,Lunch,391,Sunny,35,Yes,No,Yes,360,325,35,31
2024-09-21,Saturday,Lunch,804,Sunny,33,Yes,Yes,Yes,755,684,71,36
2024-12-12,Thursday,Lunch,353,Stormy,25,Yes,Yes,No,322,274,48,6
2024-02-08,Thursday,Breakfast,936,Stormy,22,Yes,Yes,No,914,895,19,1
2024-09-26,Thursday,Dinner,567,Cloudy,30,Yes,No,No,522,442,80,14
2024-12-27,Friday,Breakfast,493,Stormy,21,Yes,Yes,No,524,440,84,49
2024-10-09,Wednesday,Breakfast,547,Sunny,39,Yes,No,No,585,507,78,71
2024-03-08,Friday,Dinner,420,Stormy,23,Yes,No,No,372,299,73,71
2024-08-03,Saturday,Breakfast,749,Stormy,27,Yes,Yes,Yes,735,638,97,61
2024-11-04,Monday,Lunch,687,Stormy,25,Yes,Yes,No,684,621,63,7
2024-08-27,Tuesday,Dinner,813,Cloudy,32,Yes,No,No,780,760,20,12
2024-08-16,Friday,Lunch,448,Rainy,30,Yes,No,No,487,479,8,8
2024-05-07,Tuesday,Dinner,350,Rainy,22,Yes,No,No,364,328,36,25
2024-09-07,Saturday,Dinner,819,Stormy,25,Yes,Yes,Yes,863,840,23,8
2024-06-15,Saturday,Lunch,477,Stormy,26,Yes,Yes,Yes,526,433,93,31
2024-02-16,Friday,Lunch,244,Sunny,34,No,No,No,272,205,67,39
2024-02-18,Sunday,Breakfast,416,Sunny,30,Yes,No,Yes,455,446,9,7
2024-07-15,Monday,Dinner,275,Cloudy,32,Yes,Yes,No,262,165,97,10
2024-05-23,Thursday,Breakfast,787,Sunny,30,No,No,No,837,763,74,31
2024-01-20,Saturday,Dinner,534,Sunny,37,Yes,Yes,Yes,529,473,56,46
2024-10-17,Thursday,Dinner,359,Rainy,27,Yes,No,No,354,336,18,9
2024-09-30,Monday,Dinner,814,Stormy,27,Yes,Yes,No,798,704,94,50
2024-07-18,Thursday,Dinner,292,Sunny,36,No,No,No,336,278,58,10
2024-03-26,Tuesday,Dinner,230,Rainy,26,No,No,No,239,199,40,20
2024-03-11,Monday,Lunch,660,Cloudy,29,No,Yes,No,652,603,49,7
2024-10-19,Saturday,Dinner,281,Cloudy,25,Yes,No,Yes,242,204,38,4
2024-07-16,Tuesday,Lunch,464,Rainy,24,No,No,No,447,361,86,84
2024-03-17,Sunday,Dinner,838,Cloudy,31,Yes,Yes,Yes,855,794,61,21
2024-03-02,Saturday,Lunch,586,Cloudy,28,No,Yes,Yes,568,564,4,2
2024-04-16,Tuesday,Dinner,751,Stormy,26,Yes,No,No,786,779,7,1
2024-12-04,Wednesday,Lunch,312,Rainy,26,Yes,Yes,No,330,272,58,45
2024-12-18,Wednesday,Breakfast,367,Cloudy,29,No,Yes,No,363,326,37,14
2024-12-16,Monday,Lunch,913,Sunny,39,Yes,No,No,896,860,36,12
2024-01-15,Monday,Dinner,720,Sunny,31,No,No,No,721,702,19,17
2024-04-19,Friday,Dinner,281,Rainy,24,Yes,Yes,No,312,275,37,0
2024-11-07,Thursday,Lunch,893,Stormy,24,Yes,Yes,No,895,806,89,29
2024-11-05,Tuesday,Dinner,392,Cloudy,30,No,Yes,No,432,349,83,46
2024-06-21,Friday,Dinner,243,Sunny,31,No,Yes,No,288,250,38,4
2024-05-29,Wednesday,Dinner,790,Cloudy,25,Yes,Yes,No,751,720,31,29
2024-06-13,Thursday,Breakfast,977,Rainy,26,No,No,No,1023,1015,8,2
2024-09-13,Friday,Breakfast,263,Rainy,29,Yes,Yes,No,281,210,71,66
2024-01-13,Saturday,Dinner,962,Stormy,23,Yes,Yes,Yes,926,862,64,56
2024-09-03,Tuesday,Dinner,940,Sunny,32,No,Yes,No,916,829,87,24
2024-03-19,Tuesday,Breakfast,929,Sunny,30,Yes,Yes,No,944,872,72,65
2024-12-02,Monday,Breakfast,654,Rainy,29,No,Yes,No,684,667,17,16
2024-05-26,Sunday,Lunch,918,Rainy,29,Yes,No,Yes,925,901,24,21
2024-11-10,Sunday,Lunch,287,Rainy,23,No,No,Yes,262,207,55,0
2024-04-18,Thursday,Dinner,282,Sunny,32,Yes,No,No,300,270,30,18
2024-08-03,Saturday,Breakfast,646,Cloudy,26,Yes,No,Yes,692,626,66,2
2024-03-13,Wednesday,Breakfast,763,Stormy,26,Yes,Yes,No,732,689,43,36
2024-04-19,Friday,Dinner,353,Stormy,24,Yes,Yes,No,330,239,91,6
2024-06-20,Thursday,Lunch,905,Sunny,30,Yes,No,No,888,861,27,25
2024-02-10,Saturday,Dinner,366,Rainy,22,Yes,Yes,Yes,340,306,34,5
2024-05-04,Saturday,Dinner,977,Rainy,26,No,No,Yes,1007,952,55,2
2024-07-20,Saturday,Dinner,401,Sunny,40,Yes,Yes,Yes,449,432,17,17
2024-12-24,Tuesday,Lunch,903,Cloudy,33,Yes,Yes,No,943,859,84,23
2024-03-13,Wednesday,Lunch,763,Cloudy,25,No,Yes,No,742,645,97,57
2024-05-18,Saturday,Lunch,464,Stormy,26,Yes,Yes,Yes,431,411,20,20
2024-07-10,Wednesday,Lunch,553,Cloudy,27,Yes,No,No,514,436,78,5
2024-10-01,Tuesday,Dinner,671,Sunny,36,No,Yes,No,685,615,70,49
2024-12-13,Friday,Dinner,727,Stormy,24,No,No,No,760,717,43,34
2024-09-01,Sunday,Breakfast,250,Stormy,20,No,No,Yes,244,152,92,78
2024-04-04,Thursday,Lunch,590,Cloudy,31,No,Yes,No,607,591,16,0
2024-01-26,Friday,Dinner,831,Sunny,35,Yes,No,No,866,821,45,9
2024-12-20,Friday,Lunch,693,Rainy,26,Yes,Yes,No,692,661,31,3
2024-10-18,Friday,Breakfast,887,Stormy,23,Yes,No,No,864,766,98,49
2024-07-18,Thursday,Dinner,947,Sunny,40,No,Yes,No,910,822,88,87
2024-05-18,Saturday,Lunch,556,Cloudy,30,Yes,No,Yes,548,469,79,66
2024-06-04,Tuesday,Lunch,811,Rainy,30,Yes,No,No,807,725,82,15
2024-05-02,Thursday,Lunch,305,Stormy,23,Yes,Yes,No,346,299,47,36
2024-05-14,Tuesday,Breakfast,504,Rainy,22,No,No,No,535,469,66,57
2024-05-02,Thursday,Dinner,498,Cloudy,27,Yes,No,No,525,435,90,76
2024-04-25,Thursday,Dinner,875,Stormy,27,No,Yes,No,886,816,70,25
2024-09-09,Monday,Dinner,575,Sunny,31,Yes,No,No,527,526,1,1
2024-12-09,Monday,Lunch,925,Cloudy,31,No,Yes,No,939,857,82,26
2024-09-03,Tuesday,Dinner,293,Cloudy,27,No,Yes,No,255,191,64,8
2024-06-08,Saturday,Breakfast,778,Sunny,38,Yes,No,Yes,820,792,28,12
2024-05-13,Monday,Lunch,789,Stormy,24,No,Yes,No,808,771,37,17
2024-08-26,Monday,Breakfast,721,Cloudy,27,Yes,No,No,757,712,45,0
2024-05-07,Tuesday,Dinner,393,Cloudy,32,Yes,Yes,No,423,414,9,7
2024-10-05,Saturday,Lunch,984,Sunny,34,Yes,No,Yes,962,902,60,32
2024-01-07,Sunday,Dinner,936,Cloudy,31,Yes,Yes,Yes,960,885,75,43
2024-12-08,Sunday,Dinner,542,Stormy,27,Yes,No,Yes,495,469,26,16
2024-10-23,Wednesday,Lunch,360,Rainy,22,No,No,No,356,262,94,78
2024-12-09,Monday,Breakfast,313,Sunny,31,No,No,No,359,309,50,18
2024-07-09,Tuesday,Lunch,208,Stormy,26,No,Yes,No,196,176,20,10
2024-01-19,Friday,Breakfast,796,Stormy,23,Yes,No,No,805,805,0,0
2024-03-26,Tuesday,Lunch,752,Cloudy,33,No,No,No,780,768,12,6
2024-08-09,Friday,Dinner,795,Stormy,20,No,Yes,No,781,714,67,50
2024-10-18,Friday,Dinner,520,Sunny,36,No,No,No,565,467,98,56
2024-07-07,Sunday,Breakfast,645,Sunny,30,No,Yes,Yes,686,653,33,13
2024-01-11,Thursday,Dinner,851,Rainy,26,No,Yes,No,871,787,84,15
2024-05-18,Saturday,Lunch,296,Sunny,34,No,No,Yes,279,228,51,13
2024-04-15,Monday,Breakfast,886,Stormy,28,Yes,Yes,No,840,757,83,53
2024-03-24,Sunday,Dinner,242,Cloudy,26,No,Yes,Yes,197,171,26,1
2024-04-04,Thursday,Lunch,443,Sunny,40,No,Yes,No,461,456,5,4
2024-12-11,Wednesday,Dinner,274,Sunny,34,No,No,No,260,231,29,24
2024-12-25,Wednesday,Lunch,904,Cloudy,30,No,No,No,891,884,7,1
2024-10-06,Sunday,Breakfast,455,Stormy,21,No,Yes,Yes,505,478,27,10
2024-06-20,Thursday,Dinner,851,Stormy,26,Yes,Yes,No,820,783,37,36
2024-07-11,Thursday,Breakfast,518,Cloudy,33,No,No,No,560,499,61,26
2024-11-10,Sunday,Dinner,349,Stormy,27,No,Yes,Yes,324,289,35,13
2024-05-22,Wednesday,Dinner,273,Rainy,27,No,Yes,No,310,307,3,1
2024-04-26,Friday,Breakfast,590,Stormy,21,No,No,No,609,571,38,16
2024-09-21,Saturday,Breakfast,887,Sunny,34,Yes,Yes,Yes,905,881,24,6
2024-04-17,Wednesday,Breakfast,230,Sunny,37,Yes,Yes,No,238,162,76,63
2024-05-02,Thursday,Lunch,241,Rainy,23,No,No,No,197,153,44,32
2024-11-19,Tuesday,Lunch,632,Stormy,23,Yes,Yes,No,602,586,16,14
2024-09-07,Saturday,Lunch,667,Rainy,22,Yes,Yes,Yes,639,612,27,12
2024-03-13,Wednesday,Lunch,525,Cloudy,26,No,Yes,No,485,421,64,3
2024-03-18,Monday,Dinner,576,Stormy,25,Yes,Yes,No,568,539,29,28
2024-12-14,Saturday,Lunch,437,Rainy,29,Yes,Yes,Yes,425,361,64,25
2024-08-16,Friday,Breakfast,270,Rainy,26,Yes,Yes,No,250,205,45,45
2024-11-23,Saturday,Dinner,351,Stormy,22,Yes,No,Yes,349,281,68,67
2024-05-15,Wednesday,Breakfast,384,Rainy,29,Yes,Yes,No,409,378,31,22
2024-11-30,Saturday,Lunch,332,Rainy,24,Yes,Yes,Yes,323,229,94,39
2024-09-05,Thursday,Breakfast,724,Stormy,23,Yes,Yes,No,711,698,13,9
2024-02-21,Wednesday,Breakfast,927,Stormy,26,Yes,No,No,951,891,60,51
2024-08-27,Tuesday,Lunch,515,Cloudy,30,No,No,No,472,395,77,60
2024-08-18,Sunday,Breakfast,772,Sunny,31,No,No,Yes,739,687,52,0
2024-01-08,Monday,Lunch,336,Rainy,29,No,No,No,329,236,93,21
2024-04-02,Tuesday,Lunch,343,Sunny,34,Yes,Yes,No,369,337,32,17
2024-08-26,Monday,Lunch,234,Sunny,31,Yes,No,No,222,129,93,33
2024-12-08,Sunday,Dinner,825,Cloudy,27,No,Yes,Yes,813,780,33,23
2024-05-25,Saturday,Lunch,664,Cloudy,26,No,No,Yes,616,579,37,35
2024-07-15,Monday,Dinner,666,Stormy,28,No,Yes,No,663,594,69,38
2024-10-25,Friday,Lunch,879,Rainy,27,No,Yes,No,874,784,90,81
2024-02-19,Monday,Lunch,951,Stormy,26,No,No,No,910,850,60,21
2024-09-30,Monday,Dinner,837,Sunny,36,Yes,No,No,881,825,56,18
2024-09-10,Tuesday,Dinner,439,Sunny,33,No,Yes,No,486,452,34,13
2024-05-19,Sunday,Dinner,282,Sunny,30,No,No,Yes,269,234,35,0
2024-04-19,Friday,Lunch,792,Cloudy,25,No,Yes,No,746,732,14,8
2024-10-25,Friday,Lunch,384,Stormy,20,Yes,No,No,421,402,19,3
2024-06-25,Tuesday,Lunch,1000,Cloudy,29,No,Yes,No,962,946,16,13
2024-11-09,Saturday,Dinner,926,Sunny,35,Yes,Yes,Yes,963,865,98,64
2024-03-21,Thursday,Lunch,359,Stormy,28,No,No,No,403,381,22,7
2024-08-09,Friday,Dinner,260,Cloudy,28,Yes,No,No,299,205,94,82
2024-08-14,Wednesday,Lunch,783,Sunny,40,Yes,Yes,No,794,696,98,39
2024-09-15,Sunday,Dinner,667,Cloudy,29,Yes,Yes,Yes,645,625,20,10
2024-04-05,Friday,Breakfast,718,Stormy,24,No,Yes,No,709,677,32,27
2024-02-20,Tuesday,Lunch,782,Stormy,23,Yes,No,No,830,786,44,39
2024-05-12,Sunday,Lunch,918,Rainy,30,No,Yes,Yes,915,835,80,25
2024-05-15,Wednesday,Lunch,448,Rainy,27,Yes,Yes,No,456,388,68,47
2024-02-21,Wednesday,Breakfast,355,Rainy,25,No,Yes,No,377,345,32,19
2024-01-29,Monday,Breakfast,301,Sunny,33,Yes,No,No,280,219,61,57
2024-03-29,Friday,Dinner,780,Stormy,23,Yes,Yes,No,815,730,85,12
2024-06-30,Sunday,Breakfast,487,Sunny,35,No,No,Yes,470,444,26,20
2024-11-08,Friday,Lunch,365,Sunny,33,Yes,No,No,328,243,85,80
2024-09-14,Saturday,Breakfast,605,Stormy,24,No,Yes,Yes,595,580,15,15
2024-12-23,Monday,Lunch,896,Rainy,23,Yes,Yes,No,935,898,37,16
2024-10-11,Friday,Dinner,616,Rainy,28,No,No,No,625,599,26,14
2024-10-09,Wednesday,Dinner,438,Stormy,25,No,Yes,No,410,408,2,1
2024-03-14,Thursday,Lunch,413,Stormy,21,No,Yes,No,401,380,21,8
2024-07-08,Monday,Breakfast,382,Rainy,23,Yes,Yes,No,417,347,70,18
2024-03-04,Monday,Dinner,810,Stormy,21,Yes,Yes,No,820,734,86,15
2024-02-06,Tuesday,Breakfast,438,Cloudy,30,Yes,Yes,No,487,398,89,63
2024-08-01,Thursday,Dinner,629,Sunny,31,No,No,No,586,545,41,27
2024-12-19,Thursday,Breakfast,680,Stormy,26,No,No,No,672,601,71,39
2024-09-02,Monday,Lunch,777,Sunny,35,Yes,Yes,No,757,688,69,27
2024-07-21,Sunday,Lunch,202,Rainy,26,No,No,Yes,177,127,50,40
2024-04-24,Wednesday,Dinner,631,Sunny,39,Yes,No,No,674,642,32,0
2024-08-13,Tuesday,Dinner,988,Sunny,40,No,Yes,No,964,907,57,28
2024-02-12,Monday,Lunch,770,Sunny,31,Yes,Yes,No,762,727,35,26
2024-02-29,Thursday,Lunch,594,Sunny,31,No,No,No,601,523,78,58
2024-09-04,Wednesday,Lunch,271,Stormy,27,No,Yes,No,253,239,14,7
2024-04-19,Friday,Lunch,680,Rainy,26,Yes,No,No,725,687,38,17
2024-09-26,Thursday,Dinner,609,Stormy,25,Yes,Yes,No,592,504,88,60
2024-04-26,Friday,Dinner,519,Sunny,33,No,Yes,No,478,423,55,20
2024-11-28,Thursday,Lunch,784,Cloudy,29,Yes,No,No,809,750,59,48
2024-03-01,Friday,Breakfast,374,Cloudy,29,Yes,No,No,400,398,2,1
2024-04-22,Monday,Lunch,718,Sunny,33,Yes,No,No,741,695,46,12
2024-11-14,Thursday,Lunch,799,Sunny,31,Yes,Yes,No,822,814,8,1
2024-07-02,Tuesday,Lunch,856,Cloudy,31,Yes,No,No,830,815,15,0
2024-07-07,Sunday,Lunch,260,Rainy,27,No,No,Yes,264,201,63,6
2024-07-01,Monday,Dinner,430,Cloudy,26,No,No,No,386,354,32,11
2024-09-08,Sunday,Breakfast,272,Sunny,38,Yes,No,Yes,246,228,18,7
2024-05-19,Sunday,Dinner,962,Rainy,30,Yes,Yes,Yes,928,881,47,13
2024-12-28,Saturday,Lunch,871,Rainy,24,Yes,No,Yes,914,876,38,19
2024-12-08,Sunday,Breakfast,691,Rainy,27,No,Yes,Yes,667,581,86,34
2024-08-09,Friday,Lunch,253,Rainy,24,No,Yes,No,204,179,25,17
2024-11-05,Tuesday,Breakfast,285,Cloudy,30,Yes,Yes,No,302,219,83,55
2024-08-19,Monday,Breakfast,776,Cloudy,33,No,Yes,No,743,733,10,8
2024-02-02,Friday,Lunch,722,Sunny,36,Yes,No,No,712,638,74,15
2024-09-28,Saturday,Lunch,606,Stormy,26,No,Yes,Yes,588,492,96,83
2024-07-15,Monday,Breakfast,409,Sunny,40,Yes,Yes,No,401,323,78,32
2024-05-30,Thursday,Breakfast,985,Sunny,38,No,Yes,No,937,844,93,76
2024-02-22,Thursday,Dinner,616,Sunny,38,Yes,No,No,656,597,59,47
2024-07-26,Friday,Lunch,443,Sunny,37,No,No,No,419,414,5,5
2024-07-09,Tuesday,Dinner,637,Cloudy,27,Yes,No,No,638,583,55,9
2024-11-05,Tuesday,Dinner,387,Cloudy,27,Yes,Yes,No,411,328,83,24
2024-08-26,Monday,Breakfast,303,Rainy,29,Yes,No,No,278,262,16,1
2024-12-03,Tuesday,Dinner,617,Sunny,31,No,Yes,No,583,540,43,39
2024-12-16,Monday,Breakfast,621,Rainy,24,No,Yes,No,655,620,35,23
2024-04-02,Tuesday,Lunch,632,Stormy,26,No,Yes,No,678,668,10,1
2024-12-15,Sunday,Dinner,360,Cloudy,29,Yes,Yes,Yes,312,259,53,53
2024-07-10,Wednesday,Lunch,382,Rainy,22,Yes,Yes,No,377,358,19,14
2024-06-26,Wednesday,Breakfast,554,Stormy,22,No,No,No,544,491,53,43
2024-08-22,Thursday,Dinner,401,Sunny,34,Yes,Yes,No,440,403,37,31
2024-01-30,Tuesday,Dinner,282,Rainy,29,No,Yes,No,321,224,97,4
2024-12-25,Wednesday,Lunch,918,Cloudy,25,Yes,No,No,962,897,65,33
2024-11-12,Tuesday,Breakfast,262,Stormy,27,Yes,Yes,No,240,149,91,2
2024-07-19,Friday,Dinner,377,Cloudy,30,No,No,No,334,301,33,25
2024-01-04,Thursday,Breakfast,393,Stormy,21,No,No,No,389,334,55,10
2024-09-02,Monday,Lunch,589,Stormy,22,Yes,Yes,No,575,543,32,14
2024-10-10,Thursday,Lunch,203,Rainy,26,Yes,Yes,No,159,93,66,55
2024-02-01,Thursday,Lunch,710,Stormy,21,No,No,No,718,678,40,11
2024-11-01,Friday,Dinner,531,Rainy,25,Yes,No,No,512,486,26,11
2024-06-04,Tuesday,Lunch,377,Sunny,34,Yes,No,No,382,328,54,34
2024-07-28,Sunday,Breakfast,926,Sunny,40,No,No,Yes,948,935,13,2
2024-07-07,Sunday,Lunch,770,Stormy,27,No,No,Yes,758,678,80,75
2024-10-18,Friday,Breakfast,847,Cloudy,26,No,No,No,889,840,49,33
2024-05-12,Sunday,Dinner,550,Sunny,32,Yes,Yes,Yes,546,473,73,71
2024-02-29,Thursday,Lunch,420,Sunny,39,No,Yes,No,385,341,44,40
2024-03-17,Sunday,Dinner,660,Rainy,25,No,No,Yes,640,590,50,45
2024-01-28,Sunday,Lunch,898,Cloudy,25,No,Yes,Yes,940,915,25,4
2024-08-25,Sunday,Dinner,912,Rainy,25,Yes,No,Yes,882,786,96,40
2024-02-20,Tuesday,Breakfast,430,Rainy,26,Yes,No,No,428,428,0,0
2024-06-29,Saturday,Breakfast,649,Rainy,26,No,Yes,Yes,686,640,46,18
2024-01-13,Saturday,Breakfast,667,Cloudy,30,Yes,Yes,Yes,709,679,30,11
2024-01-15,Monday,Lunch,215,Cloudy,29,No,No,No,246,197,49,20
2024-02-09,Friday,Breakfast,371,Rainy,29,No,No,No,328,248,80,18
2024-10-27,Sunday,Breakfast,866,Sunny,36,No,No,Yes,822,736,86,75
2024-04-12,Friday,Breakfast,911,Rainy,22,No,Yes,No,861,799,62,62
2024-08-05,Monday,Breakfast,926,Cloudy,27,Yes,No,No,900,895,5,2
2024-09-07,Saturday,Lunch,260,Cloudy,33,No,No,Yes,242,208,34,28
2024-07-11,Thursday,Lunch,408,Rainy,27,No,No,No,418,341,77,56
2024-01-07,Sunday,Lunch,240,Stormy,28,Yes,No,Yes,276,239,37,31
2024-11-21,Thursday,Breakfast,264,Stormy,23,Yes,No,No,277,205,72,11
2024-07-31,Wednesday,Dinner,723,Stormy,21,No,No,No,682,610,72,50
2024-05-02,Thursday,Dinner,575,Stormy,25,No,Yes,No,609,562,47,47
2024-03-06,Wednesday,Dinner,897,Stormy,25,Yes,Yes,No,905,884,21,12
2024-12-05,Thursday,Lunch,359,Stormy,22,Yes,No,No,357,349,8,4
2024-04-01,Monday,Dinner,809,Stormy,25,Yes,No,No,848,761,87,69
2024-01-28,Sunday,Breakfast,520,Stormy,26,No,No,Yes,515,487,28,10
2024-09-23,Monday,Breakfast,463,Stormy,22,Yes,Yes,No,427,389,38,21
2024-03-15,Friday,Lunch,796,Cloudy,28,No,No,No,757,715,42,24
2024-09-04,Wednesday,Lunch,209,Cloudy,31,No,No,No,160,75,85,84
2024-01-12,Friday,Breakfast,427,Rainy,27,Yes,Yes,No,405,382,23,19
2024-09-26,Thursday,Lunch,372,Rainy,25,No,Yes,No,406,358,48,3
2024-09-28,Saturday,Breakfast,700,Sunny,31,Yes,Yes,Yes,715,661,54,33
2024-01-02,Tuesday,Breakfast,649,Cloudy,29,Yes,No,No,647,634,13,8
2024-09-24,Tuesday,Lunch,649,Sunny,33,No,No,No,642,573,69,44
2024-12-06,Friday,Breakfast,339,Sunny,30,Yes,No,No,331,245,86,13
2024-09-29,Sunday,Dinner,329,Rainy,28,Yes,Yes,Yes,296,288,8,8
2024-07-21,Sunday,Breakfast,770,Rainy,24,Yes,Yes,Yes,722,663,59,37
2024-06-22,Saturday,Breakfast,917,Stormy,28,No,No,Yes,889,800,89,78
2024-09-11,Wednesday,Dinner,807,Stormy,27,Yes,Yes,No,853,783,70,3
2024-03-26,Tuesday,Lunch,653,Stormy,21,No,No,No,654,615,39,6
2024-08-11,Sunday,Breakfast,636,Rainy,22,No,Yes,Yes,636,568,68,60
2024-08-25,Sunday,Dinner,209,Cloudy,25,Yes,Yes,Yes,256,181,75,19
2024-11-19,Tuesday,Dinner,500,Stormy,26,Yes,No,No,529,516,13,7
2024-02-12,Monday,Dinner,228,Rainy,22,Yes,No,No,193,192,1,0
2024-05-01,Wednesday,Lunch,457,Stormy,25,No,No,No,487,391,96,79
2024-01-22,Monday,Dinner,302,Sunny,34,No,Yes,No,271,245,26,20
2024-10-09,Wednesday,Dinner,978,Stormy,20,Yes,No,No,989,948,41,5
2024-06-22,Saturday,Breakfast,311,Rainy,22,No,No,Yes,313,240,73,71
2024-12-19,Thursday,Breakfast,849,Sunny,35,No,Yes,No,862,862,0,0
2024-11-02,Saturday,Breakfast,703,Cloudy,28,No,Yes,Yes,707,663,44,17
2024-04-05,Friday,Dinner,1000,Sunny,30,Yes,Yes,No,951,870,81,9
2024-02-14,Wednesday,Dinner,429,Sunny,34,Yes,Yes,No,454,401,53,8
2024-05-17,Friday,Dinner,316,Stormy,20,No,No,No,300,296,4,0
2024-07-24,Wednesday,Lunch,603,Rainy,29,No,No,No,563,464,99,38
2024-06-15,Saturday,Lunch,284,Sunny,39,No,No,Yes,270,240,30,5
2024-05-06,Monday,Dinner,403,Stormy,25,No,No,No,394,364,30,17
2024-05-31,Friday,Lunch,637,Rainy,27,Yes,Yes,No,678,596,82,18
2024-08-24,Saturday,Breakfast,733,Rainy,28,Yes,Yes,Yes,764,677,87,9
2024-12-22,Sunday,Lunch,330,Sunny,32,Yes,No,Yes,318,238,80,1
2024-05-19,Sunday,Dinner,755,Stormy,27,No,No,Yes,726,716,10,6
2024-04-19,Friday,Breakfast,892,Stormy,27,Yes,No,No,941,863,78,42
2024-08-19,Monday,Lunch,427,Sunny,36,No,Yes,No,409,320,89,68
2024-04-18,Thursday,Lunch,641,Cloudy,32,No,No,No,650,588,62,29
2024-12-02,Monday,Breakfast,356,Rainy,30,No,Yes,No,355,293,62,4
2024-02-11,Sunday,Lunch,571,Stormy,25,No,Yes,Yes,555,525,30,20
2024-07-05,Friday,Lunch,906,Sunny,31,Yes,No,No,909,827,82,44
2024-02-11,Sunday,Breakfast,855,Cloudy,26,Yes,No,Yes,855,770,85,84
2024-07-23,Tuesday,Breakfast,544,Rainy,22,No,Yes,No,564,479,85,75
2024-07-08,Monday,Breakfast,453,Stormy,21,No,Yes,No,429,335,94,7
2024-01-05,Friday,Dinner,812,Stormy,25,No,Yes,No,790,699,91,31
2024-05-05,Sunday,Breakfast,478,Rainy,25,No,Yes,Yes,483,389,94,43
2024-12-17,Tuesday,Lunch,235,Stormy,23,No,Yes,No,231,167,64,51
2024-02-04,Sunday,Dinner,212,Cloudy,30,Yes,No,Yes,170,112,58,45
2024-12-26,Thursday,Dinner,731,Sunny,40,No,Yes,No,771,679,92,64
2024-03-27,Wednesday,Lunch,436,Rainy,27,Yes,No,No,415,340,75,13
2024-08-22,Thursday,Dinner,509,Sunny,35,Yes,Yes,No,490,476,14,3
2024-09-04,Wednesday,Breakfast,458,Sunny,38,No,Yes,No,461,422,39,17
2024-01-30,Tuesday,Dinner,900,Rainy,26,No,No,No,861,844,17,7
2024-09-13,Friday,Lunch,855,Stormy,24,No,No,No,868,778,90,84
2024-07-02,Tuesday,Dinner,967,Cloudy,29,Yes,Yes,No,1012,983,29,7
2024-03-21,Thursday,Dinner,400,Rainy,23,No,Yes,No,382,303,79,18
2024-05-22,Wednesday,Lunch,901,Cloudy,29,No,No,No,891,886,5,0
2024-06-28,Friday,Lunch,249,Cloudy,30,No,Yes,No,271,239,32,32
2024-07-01,Monday,Breakfast,687,Cloudy,25,Yes,No,No,662,587,75,33
2024-11-17,Sunday,Lunch,258,Rainy,23,Yes,Yes,Yes,248,222,26,3
2024-02-26,Monday,Dinner,945,Stormy,24,No,Yes,No,982,981,1,1
2024-05-03,Friday,Lunch,526,Rainy,25,Yes,Yes,No,507,410,97,95
2024-10-19,Saturday,Lunch,778,Sunny,33,No,No,Yes,763,758,5,0
2024-12-16,Monday,Breakfast,692,Stormy,26,Yes,No,No,730,642,88,19
2024-09-17,Tuesday,Breakfast,981,Sunny,36,Yes,No,No,997,926,71,30
2024-12-25,Wednesday,Dinner,705,Stormy,23,No,Yes,No,655,609,46,1
2024-08-30,Friday,Dinner,590,Rainy,28,No,Yes,No,555,523,32,3
2024-04-25,Thursday,Dinner,628,Cloudy,28,Yes,No,No,631,601,30,13
2024-06-11,Tuesday,Breakfast,358,Rainy,23,Yes,Yes,No,357,318,39,34
2024-04-27,Saturday,Lunch,710,Rainy,29,Yes,No,Yes,703,644,59,18
2024-10-26,Saturday,Dinner,430,Cloudy,30,Yes,Yes,Yes,413,409,4,0
2024-02-08,Thursday,Breakfast,747,Rainy,30,No,No,No,735,717,18,16
2024-05-16,Thursday,Dinner,231,Cloudy,32,Yes,No,No,227,154,73,49
2024-01-09,Tuesday,Lunch,342,Stormy,28,No,Yes,No,364,266,98,71
2024-07-16,Tuesday,Breakfast,773,Stormy,28,Yes,No,No,767,745,22,17
2024-11-13,Wednesday,Dinner,433,Rainy,24,Yes,No,No,474,445,29,2
2024-12-25,Wednesday,Breakfast,214,Rainy,29,Yes,No,No,205,185,20,18
2024-07-20,Saturday,Lunch,673,Rainy,28,Yes,Yes,Yes,651,636,15,7
2024-01-29,Monday,Dinner,523,Sunny,35,No,Yes,No,473,442,31,9
2024-08-15,Thursday,Breakfast,822,Rainy,30,No,Yes,No,782,692,90,40
2024-07-26,Friday,Dinner,893,Cloudy,25,Yes,No,No,847,768,79,52
2024-04-09,Tuesday,Lunch,974,Rainy,23,Yes,No,No,1014,996,18,6
2024-06-15,Saturday,Lunch,886,Cloudy,31,No,Yes,Yes,890,881,9,0
2024-02-19,Monday,Breakfast,568,Cloudy,29,No,No,No,560,470,90,30
2024-02-12,Monday,Lunch,815,Sunny,37,Yes,Yes,No,794,775,19,14
2024-06-11,Tuesday,Dinner,810,Stormy,22,No,No,No,833,810,23,22
2024-04-13,Saturday,Lunch,519,Stormy,25,No,No,Yes,495,431,64,26
2024-02-03,Saturday,Breakfast,900,Rainy,23,No,Yes,Yes,882,837,45,43
2024-09-25,Wednesday,Lunch,664,Sunny,36,Yes,No,No,662,582,80,66
2024-03-17,Sunday,Lunch,576,Stormy,24,No,Yes,Yes,534,472,62,9
2024-02-05,Monday,Dinner,356,Rainy,23,Yes,No,No,308,255,53,38
2024-12-28,Saturday,Dinner,254,Rainy,23,Yes,Yes,Yes,228,186,42,33
2024-11-13,Wednesday,Lunch,355,Stormy,22,No,No,No,402,374,28,17
2024-08-09,Friday,Dinner,441,Stormy,26,No,No,No,423,412,11,10
2024-01-26,Friday,Dinner,972,Sunny,40,No,No,No,928,889,39,28
2024-05-03,Friday,Lunch,818,Cloudy,30,Yes,No,No,802,762,40,34
2024-12-14,Saturday,Lunch,890,Rainy,23,Yes,No,Yes,927,918,9,4
2024-11-01,Friday,Lunch,752,Stormy,26,Yes,Yes,No,762,695,67,66
2024-05-13,Monday,Dinner,523,Sunny,36,No,Yes,No,487,438,49,18
2024-01-30,Tuesday,Lunch,770,Rainy,23,Yes,No,No,810,783,27,4
2024-01-11,Thursday,Breakfast,478,Cloudy,25,Yes,Yes,No,474,463,11,9
2024-06-25,Tuesday,Lunch,981,Cloudy,27,No,No,No,1011,971,40,31
2024-03-02,Saturday,Dinner,956,Sunny,31,No,No,Yes,977,885,92,6
2024-09-08,Sunday,Lunch,882,Cloudy,28,No,Yes,Yes,873,831,42,13
2024-08-31,Saturday,Dinner,945,Stormy,25,No,Yes,Yes,904,831,73,38
2024-07-19,Friday,Dinner,825,Cloudy,27,No,Yes,No,838,821,17,0
2024-03-25,Monday,Lunch,659,Sunny,31,No,Yes,No,634,562,72,41
2024-02-09,Friday,Breakfast,897,Sunny,38,No,No,No,896,819,77,72
2024-10-19,Saturday,Lunch,518,Stormy,23,No,Yes,Yes,495,479,16,14
2024-04-26,Friday,Dinner,705,Cloudy,29,Yes,No,No,668,640,28,26
2024-01-25,Thursday,Lunch,462,Cloudy,31,No,Yes,No,447,436,11,1
2024-05-22,Wednesday,Lunch,374,Sunny,31,Yes,No,No,383,354,29,4
2024-02-10,Saturday,Lunch,517,Stormy,23,Yes,Yes,Yes,477,418,59,13
2024-05-10,Friday,Lunch,493,Sunny,34,No,No,No,533,445,88,4
2024-04-06,Saturday,Dinner,711,Stormy,24,Yes,No,Yes,715,620,95,93
2024-11-14,Thursday,Breakfast,697,Stormy,26,Yes,No,No,649,624,25,24
2024-04-14,Sunday,Breakfast,244,Stormy,22,Yes,Yes,Yes,291,215,76,45
2024-02-05,Monday,Dinner,707,Stormy,21,No,Yes,No,682,642,40,40
2024-05-13,Monday,Dinner,935,Stormy,26,Yes,Yes,No,894,873,21,14
2024-03-24,Sunday,Lunch,990,Sunny,40,Yes,No,Yes,983,927,56,13
2024-09-20,Friday,Lunch,587,Rainy,30,Yes,No,No,543,507,36,34
2024-10-31,Thursday,Dinner,413,Stormy,25,Yes,Yes,No,396,299,97,11
2024-10-01,Tuesday,Lunch,858,Sunny,39,No,Yes,No,808,781,27,20
2024-08-08,Thursday,Dinner,317,Rainy,23,Yes,No,No,292,262,30,20
2024-01-23,Tuesday,Breakfast,547,Rainy,28,No,No,No,556,527,29,24
2024-06-09,Sunday,Lunch,560,Stormy,23,Yes,Yes,Yes,547,539,8,3
2024-08-01,Thursday,Dinner,912,Stormy,27,Yes,Yes,No,915,880,35,29
2024-04-19,Friday,Dinner,430,Sunny,39,No,Yes,No,429,393,36,8
2024-12-11,Wednesday,Dinner,963,Rainy,27,Yes,No,No,940,875,65,17
2024-03-16,Saturday,Dinner,826,Sunny,33,Yes,No,Yes,805,720,85,78
2024-10-12,Saturday,Breakfast,763,Cloudy,25,No,No,Yes,789,751,38,26
2024-04-27,Saturday,Lunch,854,Sunny,33,No,No,Yes,849,801,48,34
2024-10-10,Thursday,Breakfast,933,Sunny,40,No,Yes,No,965,946,19,1
2024-03-22,Friday,Lunch,288,Cloudy,25,Yes,Yes,No,304,293,11,3
2024-07-05,Friday,Dinner,401,Cloudy,32,Yes,No,No,371,361,10,9
2024-10-14,Monday,Breakfast,974,Cloudy,31,No,Yes,No,1012,950,62,30
2024-07-22,Monday,Breakfast,778,Rainy,25,No,No,No,798,720,78,47
2024-03-13,Wednesday,Breakfast,758,Sunny,30,No,No,No,720,639,81,24
2024-10-16,Wednesday,Breakfast,746,Stormy,24,Yes,No,No,715,701,14,13
2024-01-16,Tuesday,Lunch,704,Rainy,24,Yes,No,No,713,688,25,21
2024-07-28,Sunday,Lunch,286,Cloudy,30,No,No,Yes,297,290,7,6
2024-08-11,Sunday,Breakfast,231,Sunny,30,No,No,Yes,260,243,17,15
2024-05-14,Tuesday,Lunch,682,Stormy,24,No,No,No,703,662,41,22
2024-07-23,Tuesday,Breakfast,246,Stormy,23,Yes,No,No,294,273,21,7
2024-04-15,Monday,Breakfast,275,Stormy,22,Yes,Yes,No,258,210,48,6
2024-11-10,Sunday,Lunch,279,Rainy,30,No,No,Yes,306,258,48,41
2024-02-22,Thursday,Breakfast,879,Rainy,26,Yes,Yes,No,912,853,59,49
2024-01-09,Tuesday,Lunch,869,Stormy,22,Yes,Yes,No,907,848,59,33
2024-01-06,Saturday,Dinner,970,Sunny,32,No,Yes,Yes,941,860,81,17
2024-03-05,Tuesday,Dinner,450,Rainy,23,No,No,No,485,477,8,7
2024-03-11,Monday,Lunch,421,Cloudy,29,No,No,No,391,369,22,20
2024-08-10,Saturday,Lunch,359,Cloudy,27,Yes,Yes,Yes,310,276,34,28
2024-07-11,Thursday,Breakfast,853,Cloudy,30,No,No,No,867,819,48,9
2024-02-22,Thursday,Dinner,726,Rainy,24,Yes,No,No,749,666,83,67
2024-09-22,Sunday,Lunch,855,Rainy,23,No,No,Yes,840,745,95,19
2024-02-13,Tuesday,Dinner,901,Rainy,26,Yes,Yes,No,872,812,60,4
2024-02-06,Tuesday,Breakfast,567,Stormy,27,Yes,Yes,No,608,549,59,15
2024-09-07,Saturday,Lunch,684,Cloudy,27,Yes,No,Yes,710,686,24,14
2024-11-20,Wednesday,Dinner,306,Sunny,34,No,Yes,No,334,303,31,11
2024-11-14,Thursday,Breakfast,854,Cloudy,28,Yes,No,No,881,880,1,0
2024-05-25,Saturday,Breakfast,536,Rainy,22,Yes,No,Yes,496,481,15,12
2024-03-14,Thursday,Lunch,528,Sunny,30,No,No,No,549,487,62,42
2024-06-28,Friday,Dinner,387,Rainy,28,Yes,No,No,367,356,11,4
2024-11-01,Friday,Breakfast,408,Stormy,20,No,Yes,No,454,382,72,37
2024-03-24,Sunday,Dinner,359,Rainy,24,Yes,No,Yes,346,336,10,7
2024-07-05,Friday,Lunch,358,Stormy,26,Yes,Yes,No,385,371,14,11
2024-01-16,Tuesday,Lunch,485,Stormy,24,No,Yes,No,513,436,77,10
2024-08-30,Friday,Lunch,505,Rainy,30,Yes,Yes,No,510,454,56,27
2024-11-23,Saturday,Breakfast,681,Rainy,27,No,Yes,Yes,668,664,4,1
2024-05-13,Monday,Lunch,586,Stormy,24,No,No,No,630,595,35,24
2024-08-10,Saturday,Dinner,959,Stormy,25,Yes,Yes,Yes,956,935,21,18
2024-01-04,Thursday,Breakfast,345,Stormy,25,No,Yes,No,335,334,1,0
2024-06-26,Wednesday,Dinner,389,Stormy,22,No,Yes,No,431,404,27,26
2024-07-01,Monday,Lunch,746,Rainy,25,No,No,No,714,631,83,43
2024-03-25,Monday,Lunch,349,Rainy,30,No,Yes,No,299,248,51,16
2024-03-02,Saturday,Lunch,557,Sunny,33,Yes,No,Yes,512,464,48,35
2024-08-23,Friday,Lunch,870,Sunny,32,No,No,No,857,767,90,7
2024-06-11,Tuesday,Breakfast,668,Stormy,24,No,No,No,707,621,86,67
2024-12-19,Thursday,Breakfast,612,Rainy,25,No,Yes,No,591,499,92,31
2024-06-06,Thursday,Breakfast,557,Cloudy,30,No,No,No,511,463,48,22
2024-03-31,Sunday,Breakfast,574,Cloudy,26,No,Yes,Yes,617,524,93,74
2024-10-06,Sunday,Breakfast,563,Rainy,29,Yes,No,Yes,564,496,68,11
2024-09-24,Tuesday,Dinner,247,Sunny,32,No,No,No,250,155,95,17
2024-04-08,Monday,Breakfast,670,Rainy,30,No,No,No,645,576,69,20
2024-11-22,Friday,Dinner,287,Rainy,23,No,Yes,No,279,244,35,5
2024-11-03,Sunday,Dinner,326,Stormy,21,Yes,No,Yes,368,305,63,63
2024-10-09,Wednesday,Lunch,361,Cloudy,27,No,No,No,368,280,88,64
2024-12-08,Sunday,Breakfast,949,Stormy,24,No,Yes,Yes,996,962,34,30
2024-01-23,Tuesday,Dinner,673,Rainy,27,Yes,No,No,712,675,37,15
2024-05-13,Monday,Dinner,620,Cloudy,30,No,Yes,No,604,511,93,39
2024-10-20,Sunday,Breakfast,764,Stormy,27,Yes,Yes,Yes,747,687,60,33
2024-01-07,Sunday,Dinner,611,Cloudy,26,Yes,Yes,Yes,661,650,11,0
2024-09-05,Thursday,Dinner,681,Cloudy,28,No,Yes,No,716,648,68,57
2024-05-23,Thursday,Dinner,723,Cloudy,28,Yes,Yes,No,772,768,4,2
2024-12-12,Thursday,Breakfast,202,Stormy,26,Yes,No,No,163,136,27,24
2024-03-30,Saturday,Dinner,606,Sunny,39,No,Yes,Yes,569,553,16,0
2024-12-07,Saturday,Breakfast,926,Stormy,27,No,Yes,Yes,894,881,13,6
2024-04-05,Friday,Dinner,516,Stormy,27,No,Yes,No,480,447,33,8
2024-02-26,Monday,Lunch,514,Sunny,39,Yes,Yes,No,535,438,97,94
2024-04-07,Sunday,Breakfast,864,Sunny,38,No,Yes,Yes,840,798,42,3
2024-04-04,Thursday,Dinner,227,Cloudy,27,No,No,No,272,218,54,24
2024-04-20,Saturday,Dinner,260,Sunny,39,Yes,No,Yes,211,120,91,27
2024-01-11,Thursday,Lunch,438,Sunny,40,No,Yes,No,404,359,45,26
2024-08-16,Friday,Lunch,627,Sunny,38,No,No,No,639,618,21,5
2024-06-18,Tuesday,Lunch,555,Stormy,27,Yes,No,No,596,524,72,56
2024-03-26,Tuesday,Dinner,339,Sunny,38,Yes,No,No,327,295,32,22
2024-03-19,Tuesday,Lunch,547,Rainy,26,No,No,No,528,498,30,8
2024-07-11,Thursday,Lunch,434,Cloudy,27,No,Yes,No,450,374,76,71
2024-03-26,Tuesday,Dinner,452,Cloudy,25,Yes,No,No,411,399,12,7
2024-05-08,Wednesday,Lunch,924,Stormy,22,Yes,No,No,960,946,14,10
2024-02-29,Thursday,Dinner,550,Cloudy,29,No,Yes,No,505,489,16,3
2024-07-03,Wednesday,Breakfast,298,Rainy,25,No,No,No,298,272,26,18
2024-04-04,Thursday,Breakfast,641,Sunny,33,No,No,No,689,661,28,24
2024-03-03,Sunday,Lunch,982,Rainy,25,No,Yes,Yes,955,934,21,15
2024-06-28,Friday,Breakfast,556,Rainy,23,Yes,Yes,No,540,460,80,68
2024-02-24,Saturday,Lunch,819,Sunny,35,Yes,No,Yes,861,811,50,4
2024-07-14,Sunday,Breakfast,296,Stormy,23,Yes,Yes,Yes,248,195,53,38
2024-04-21,Sunday,Lunch,966,Sunny,36,No,No,Yes,931,838,93,13
2024-03-07,Thursday,Dinner,517,Cloudy,30,No,No,No,546,498,48,27
2024-01-06,Saturday,Dinner,336,Stormy,27,No,No,Yes,310,287,23,10
2024-12-20,Friday,Breakfast,554,Cloudy,32,No,No,No,570,494,76,32
2024-02-14,Wednesday,Lunch,686,Rainy,24,Yes,No,No,688,659,29,23
2024-07-20,Saturday,Dinner,832,Sunny,33,No,Yes,Yes,854,774,80,42
2024-02-04,Sunday,Dinner,659,Rainy,22,Yes,No,Yes,644,559,85,84
2024-12-23,Monday,Breakfast,229,Sunny,31,Yes,No,No,276,246,30,27
2024-08-24,Saturday,Lunch,390,Cloudy,31,Yes,No,Yes,408,317,91,31
2024-11-21,Thursday,Breakfast,784,Stormy,28,No,Yes,No,823,751,72,50
2024-06-22,Saturday,Breakfast,469,Cloudy,31,Yes,No,Yes,483,404,79,70
2024-06-12,Wednesday,Breakfast,261,Rainy,25,No,No,No,264,259,5,1
2024-03-22,Friday,Breakfast,727,Sunny,37,Yes,No,No,680,650,30,2
2024-05-06,Monday,Lunch,250,Stormy,28,Yes,Yes,No,291,226,65,47
2024-09-13,Friday,Lunch,942,Cloudy,27,Yes,No,No,905,843,62,46
2024-03-09,Saturday,Lunch,988,Rainy,25,Yes,Yes,Yes,1022,955,67,33
2024-06-07,Friday,Lunch,587,Sunny,33,Yes,No,No,608,572,36,11
2024-09-19,Thursday,Lunch,523,Stormy,25,Yes,No,No,502,434,68,21
2024-03-05,Tuesday,Lunch,982,Cloudy,32,Yes,No,No,1025,1017,8,6
2024-12-17,Tuesday,Dinner,274,Rainy,27,Yes,Yes,No,322,223,99,34
2024-12-10,Tuesday,Dinner,626,Sunny,33,Yes,No,No,660,590,70,63
2024-04-18,Thursday,Dinner,449,Sunny,30,Yes,Yes,No,453,434,19,17
2024-03-30,Saturday,Lunch,702,Sunny,33,No,No,Yes,706,629,77,66
2024-12-26,Thursday,Dinner,422,Cloudy,26,Yes,Yes,No,434,356,78,19
2024-07-14,Sunday,Dinner,406,Cloudy,32,No,No,Yes,395,303,92,78
2024-08-29,Thursday,Lunch,399,Stormy,28,No,No,No,378,358,20,8
2024-04-26,Friday,Breakfast,855,Cloudy,29,Yes,Yes,No,885,820,65,57
2024-10-24,Thursday,Breakfast,531,Cloudy,29,No,Yes,No,529,505,24,5
2024-10-12,Saturday,Dinner,989,Sunny,34,No,No,Yes,979,901,78,47
2024-06-20,Thursday,Dinner,722,Stormy,21,Yes,Yes,No,675,619,56,50
2024-01-21,Sunday,Breakfast,835,Stormy,28,No,No,Yes,858,765,93,23
2024-02-22,Thursday,Dinner,313,Sunny,39,Yes,No,No,362,362,0,0
2024-01-26,Friday,Lunch,409,Stormy,23,Yes,No,No,426,358,68,45
2024-03-14,Thursday,Dinner,347,Rainy,27,Yes,No,No,394,335,59,58
2024-03-01,Friday,Lunch,403,Cloudy,28,No,Yes,No,374,313,61,27
2024-02-19,Monday,Breakfast,299,Rainy,28,Yes,Yes,No,274,237,37,23
2024-07-02,Tuesday,Lunch,312,Sunny,34,Yes,Yes,No,324,238,86,30
2024-05-06,Monday,Dinner,736,Rainy,27,Yes,No,No,709,621,88,55
2024-11-30,Saturday,Breakfast,451,Rainy,29,Yes,Yes,Yes,472,429,43,5
2024-03-03,Sunday,Breakfast,584,Stormy,27,No,Yes,Yes,608,518,90,39
2024-10-16,Wednesday,Dinner,846,Rainy,27,No,Yes,No,832,774,58,46
2024-03-19,Tuesday,Dinner,802,Stormy,27,No,Yes,No,833,824,9,6
2024-09-06,Friday,Breakfast,721,Rainy,25,Yes,No,No,734,726,8,1
2024-08-22,Thursday,Dinner,867,Cloudy,29,Yes,Yes,No,879,814,65,13
2024-02-17,Saturday,Breakfast,643,Cloudy,30,Yes,No,Yes,641,568,73,18
2024-10-25,Friday,Dinner,841,Cloudy,33,No,Yes,No,873,792,81,44
2024-07-18,Thursday,Lunch,872,Sunny,40,Yes,No,No,901,833,68,60
2024-12-12,Thursday,Lunch,992,Rainy,26,Yes,No,No,969,917,52,22
2024-11-10,Sunday,Breakfast,540,Cloudy,33,No,No,Yes,559,464,95,58
2024-08-15,Thursday,Lunch,566,Rainy,23,No,Yes,No,578,555,23,9
2024-07-14,Sunday,Dinner,635,Stormy,27,No,No,Yes,670,596,74,61
2024-10-21,Monday,Dinner,480,Rainy,22,Yes,No,No,444,394,50,38
2024-12-03,Tuesday,Breakfast,462,Stormy,26,No,No,No,503,455,48,25
2024-09-12,Thursday,Dinner,209,Sunny,31,Yes,No,No,239,159,80,7
2024-03-25,Monday,Lunch,751,Sunny,38,No,Yes,No,706,652,54,7
2024-04-12,Friday,Lunch,904,Sunny,37,No,Yes,No,858,837,21,6
2024-04-30,Tuesday,Breakfast,448,Cloudy,27,Yes,No,No,459,421,38,10
2024-12-19,Thursday,Lunch,457,Rainy,26,No,No,No,469,426,43,15
2024-12-21,Saturday,Breakfast,545,Cloudy,27,Yes,No,Yes,496,409,87,51
2024-10-05,Saturday,Lunch,355,Cloudy,31,Yes,Yes,Yes,344,319,25,4
2024-11-09,Saturday,Lunch,989,Rainy,24,Yes,Yes,Yes,953,942,11,8
2024-02-18,Sunday,Dinner,621,Stormy,24,Yes,No,Yes,645,556,89,35
2024-02-16,Friday,Dinner,328,Stormy,21,Yes,Yes,No,290,203,87,29
2024-04-22,Monday,Breakfast,330,Sunny,30,No,Yes,No,347,275,72,23
2024-01-17,Wednesday,Lunch,326,Stormy,21,No,No,No,293,244,49,29
2024-04-19,Friday,Lunch,803,Rainy,29,No,No,No,825,772,53,11
2024-03-09,Saturday,Lunch,605,Cloudy,27,Yes,Yes,Yes,594,573,21,8
2024-03-10,Sunday,Lunch,930,Cloudy,28,No,Yes,Yes,929,877,52,36
2024-08-29,Thursday,Breakfast,809,Stormy,23,No,No,No,785,743,42,15
2024-09-28,Saturday,Dinner,202,Sunny,38,Yes,Yes,Yes,204,145,59,30
2024-06-16,Sunday,Breakfast,281,Sunny,40,No,No,Yes,248,248,0,0
2024-02-15,Thursday,Dinner,841,Rainy,28,Yes,No,No,797,723,74,74
2024-07-29,Monday,Lunch,613,Stormy,23,No,No,No,640,577,63,34
2024-03-25,Monday,Breakfast,842,Sunny,38,No,Yes,No,883,828,55,10
2024-06-24,Monday,Breakfast,482,Stormy,24,No,Yes,No,505,460,45,42
2024-09-14,Saturday,Lunch,296,Sunny,35,Yes,Yes,Yes,272,266,6,0
2024-05-05,Sunday,Dinner,281,Rainy,27,Yes,No,Yes,276,229,47,24
2024-07-30,Tuesday,Dinner,987,Rainy,30,Yes,No,No,976,938,38,16
2024-08-12,Monday,Dinner,264,Sunny,35,No,No,No,303,255,48,24
2024-03-03,Sunday,Breakfast,238,Rainy,26,No,No,Yes,188,124,64,32
2024-01-11,Thursday,Breakfast,278,Stormy,22,Yes,No,No,310,222,88,3
2024-09-17,Tuesday,Lunch,755,Stormy,25,Yes,No,No,775,729,46,39
2024-09-08,Sunday,Dinner,730,Rainy,26,No,Yes,Yes,713,689,24,14
2024-08-16,Friday,Breakfast,288,Rainy,23,Yes,No,No,291,210,81,5
2024-01-06,Saturday,Lunch,941,Sunny,39,Yes,Yes,Yes,918,845,73,41
2024-07-05,Friday,Lunch,799,Cloudy,33,Yes,No,No,763,728,35,28
2024-12-01,Sunday,Dinner,721,Rainy,26,Yes,Yes,Yes,747,717,30,8
2024-12-10,Tuesday,Breakfast,763,Cloudy,30,Yes,Yes,No,716,698,18,17
2024-01-26,Friday,Lunch,525,Sunny,34,No,Yes,No,533,458,75,68
2024-04-08,Monday,Breakfast,831,Rainy,27,Yes,No,No,836,738,98,35
2024-05-30,Thursday,Dinner,887,Stormy,24,Yes,Yes,No,926,920,6,6
2024-12-02,Monday,Dinner,683,Rainy,29,No,Yes,No,633,592,41,19
2024-04-05,Friday,Breakfast,205,Rainy,23,No,No,No,182,106,76,56
2024-09-01,Sunday,Breakfast,641,Sunny,40,No,No,Yes,675,654,21,7
2024-06-06,Thursday,Breakfast,277,Sunny,37,Yes,Yes,No,279,235,44,6
2024-06-16,Sunday,Breakfast,573,Cloudy,28,No,Yes,Yes,586,560,26,21
2024-08-06,Tuesday,Dinner,209,Cloudy,27,No,No,No,211,178,33,21
2024-02-06,Tuesday,Breakfast,780,Cloudy,25,No,No,No,743,733,10,1
2024-01-27,Saturday,Breakfast,797,Sunny,40,Yes,No,Yes,801,787,14,10
2024-02-19,Monday,Dinner,284,Sunny,36,No,Yes,No,299,299,0,0
2024-07-04,Thursday,Lunch,519,Rainy,23,No,No,No,547,454,93,34
2024-09-04,Wednesday,Dinner,558,Cloudy,30,Yes,No,No,593,582,11,1
2024-07-29,Monday,Breakfast,739,Rainy,28,Yes,Yes,No,755,700,55,50
2024-07-20,Saturday,Dinner,316,Sunny,32,No,Yes,Yes,363,346,17,10
2024-09-06,Friday,Dinner,550,Rainy,22,Yes,Yes,No,581,502,79,56
2024-09-13,Friday,Breakfast,920,Sunny,34,No,Yes,No,914,853,61,60
2024-10-26,Saturday,Dinner,990,Stormy,22,Yes,Yes,Yes,950,909,41,29
2024-07-15,Monday,Dinner,236,Cloudy,28,Yes,Yes,No,195,131,64,56
2024-09-04,Wednesday,Lunch,928,Sunny,35,No,Yes,No,894,873,21,17
2024-06-22,Saturday,Dinner,786,Cloudy,30,Yes,Yes,Yes,822,810,12,4
2024-01-06,Saturday,Lunch,634,Cloudy,30,Yes,No,Yes,643,628,15,0
2024-11-14,Thursday,Breakfast,964,Cloudy,26,Yes,Yes,No,915,869,46,38
2024-11-01,Friday,Lunch,898,Rainy,29,Yes,Yes,No,864,783,81,19
2024-04-26,Friday,Breakfast,851,Stormy,23,Yes,No,No,896,877,19,11
2024-05-28,Tuesday,Lunch,855,Sunny,40,No,No,No,873,776,97,84
2024-04-28,Sunday,Dinner,762,Cloudy,26,Yes,Yes,Yes,775,680,95,52
2024-10-03,Thursday,Breakfast,501,Rainy,24,Yes,No,No,460,430,30,0
2024-12-08,Sunday,Dinner,787,Rainy,23,Yes,Yes,Yes,798,731,67,18
2024-09-13,Friday,Breakfast,469,Sunny,40,Yes,No,No,463,449,14,8
2024-07-27,Saturday,Dinner,371,Stormy,21,No,No,Yes,384,333,51,11
2024-09-05,Thursday,Dinner,636,Rainy,30,No,Yes,No,627,541,86,20
2024-04-15,Monday,Dinner,886,Cloudy,28,Yes,Yes,No,904,855,49,26
2024-08-13,Tuesday,Dinner,336,Stormy,21,Yes,Yes,No,361,296,65,7
2024-02-12,Monday,Breakfast,529,Cloudy,26,Yes,No,No,515,511,4,3
2024-07-20,Saturday,Dinner,255,Stormy,25,No,No,Yes,278,277,1,0
2024-02-02,Friday,Breakfast,498,Rainy,27,No,Yes,No,488,441,47,10
2024-05-12,Sunday,Lunch,799,Cloudy,33,Yes,Yes,Yes,813,720,93,0
2024-04-21,Sunday,Breakfast,240,Stormy,28,Yes,Yes,Yes,272,230,42,5
2024-08-22,Thursday,Dinner,994,Sunny,32,No,Yes,No,988,938,50,45
2024-04-24,Wednesday,Dinner,455,Cloudy,25,Yes,No,No,443,366,77,6
2024-09-16,Monday,Lunch,979,Sunny,36,No,Yes,No,995,928,67,59
2024-10-09,Wednesday,Breakfast,400,Sunny,30,No,No,No,408,324,84,67
2024-05-11,Saturday,Dinner,924,Sunny,30,No,No,Yes,938,927,11,0
2024-04-13,Saturday,Breakfast,474,Stormy,21,Yes,No,Yes,439,432,7,0
2024-06-05,Wednesday,Lunch,520,Rainy,23,No,No,No,539,486,53,17
2024-05-15,Wednesday,Dinner,683,Stormy,22,No,No,No,660,641,19,18
2024-05-28,Tuesday,Breakfast,771,Stormy,21,Yes,Yes,No,736,731,5,2
2024-10-29,Tuesday,Dinner,254,Rainy,22,No,Yes,No,293,280,13,1
2024-12-06,Friday,Lunch,216,Rainy,28,Yes,Yes,No,265,184,81,62
2024-11-13,Wednesday,Lunch,774,Sunny,32,No,Yes,No,811,762,49,32
2024-02-25,Sunday,Breakfast,914,Rainy,28,No,No,Yes,962,875,87,68
2024-06-19,Wednesday,Lunch,525,Rainy,28,Yes,No,No,484,482,2,0
2024-02-01,Thursday,Lunch,708,Rainy,26,Yes,Yes,No,751,707,44,2
2024-06-20,Thursday,Breakfast,526,Cloudy,30,No,No,No,536,444,92,40
2024-09-19,Thursday,Breakfast,519,Rainy,28,No,No,No,509,426,83,49
2024-05-26,Sunday,Lunch,368,Sunny,38,No,Yes,Yes,346,260,86,19
2024-09-03,Tuesday,Lunch,567,Rainy,30,Yes,Yes,No,592,540,52,4
2024-06-04,Tuesday,Breakfast,684,Cloudy,33,Yes,Yes,No,702,693,9,6
2024-09-16,Monday,Breakfast,739,Cloudy,25,No,Yes,No,763,727,36,26
2024-08-02,Friday,Lunch,516,Stormy,22,No,Yes,No,505,408,97,57
2024-06-12,Wednesday,Dinner,303,Rainy,25,No,Yes,No,282,223,59,21
2024-09-22,Sunday,Lunch,311,Sunny,39,Yes,Yes,Yes,340,272,68,52
2024-03-28,Thursday,Breakfast,348,Rainy,29,Yes,Yes,No,326,247,79,54
2024-03-16,Saturday,Lunch,476,Stormy,24,No,Yes,Yes,444,420,24,3
2024-12-11,Wednesday,Dinner,733,Cloudy,27,Yes,No,No,747,670,77,47
2024-12-30,Monday,Breakfast,737,Stormy,24,Yes,No,No,776,691,85,32
2024-04-15,Monday,Dinner,580,Stormy,25,Yes,No,No,557,466,91,79
2024-11-26,Tuesday,Lunch,441,Stormy,23,Yes,No,No,424,369,55,27
2024-07-08,Monday,Breakfast,621,Sunny,30,Yes,No,No,598,564,34,14
2024-09-20,Friday,Lunch,447,Sunny,35,Yes,Yes,No,483,419,64,46
2024-06-15,Saturday,Dinner,644,Rainy,28,Yes,No,Yes,663,593,70,69
2024-03-24,Sunday,Breakfast,414,Stormy,27,Yes,No,Yes,419,321,98,65
2024-04-20,Saturday,Lunch,606,Rainy,26,No,No,Yes,635,549,86,15
2024-05-16,Thursday,Breakfast,221,Stormy,25,No,Yes,No,222,124,98,98
2024-04-15,Monday,Lunch,664,Rainy,28,No,Yes,No,694,647,47,46
2024-04-30,Tuesday,Dinner,802,Rainy,24,Yes,Yes,No,851,803,48,38
2024-09-04,Wednesday,Breakfast,464,Rainy,24,No,No,No,472,405,67,55
2024-09-06,Friday,Dinner,483,Rainy,22,No,Yes,No,487,440,47,13
2024-01-22,Monday,Dinner,835,Stormy,27,No,No,No,799,701,98,12
2024-01-31,Wednesday,Breakfast,865,Rainy,29,No,No,No,817,790,27,25
2024-07-21,Sunday,Dinner,396,Sunny,37,Yes,Yes,Yes,348,295,53,16
2024-09-19,Thursday,Breakfast,777,Cloudy,28,Yes,Yes,No,823,727,96,57
2024-05-25,Saturday,Breakfast,478,Cloudy,25,Yes,Yes,Yes,516,419,97,44
2024-02-12,Monday,Breakfast,462,Rainy,29,No,No,No,502,493,9,3
2024-06-23,Sunday,Dinner,606,Cloudy,26,Yes,No,Yes,607,510,97,88
2024-08-03,Saturday,Breakfast,237,Sunny,33,Yes,No,Yes,192,167,25,8
2024-10-07,Monday,Breakfast,337,Stormy,28,Yes,Yes,No,369,321,48,40
2024-07-30,Tuesday,Lunch,703,Sunny,37,Yes,No,No,731,658,73,50
2024-05-13,Monday,Dinner,389,Cloudy,33,No,Yes,No,422,355,67,27
2024-02-22,Thursday,Lunch,334,Sunny,38,Yes,Yes,No,352,256,96,51
2024-03-28,Thursday,Breakfast,204,Rainy,30,Yes,No,No,171,162,9,0
2024-05-30,Thursday,Lunch,588,Sunny,40,No,Yes,No,544,460,84,49
2024-06-20,Thursday,Dinner,596,Sunny,40,No,No,No,576,536,40,24
2024-01-17,Wednesday,Breakfast,491,Stormy,22,No,Yes,No,508,447,61,41
2024-12-10,Tuesday,Dinner,338,Stormy,27,Yes,No,No,318,293,25,18
2024-09-27,Friday,Breakfast,439,Stormy,26,No,No,No,444,425,19,15
2024-04-15,Monday,Dinner,224,Cloudy,28,No,Yes,No,176,119,57,6
2024-09-24,Tuesday,Dinner,393,Stormy,27,No,Yes,No,422,325,97,19
2024-01-27,Saturday,Breakfast,342,Sunny,36,No,No,Yes,377,305,72,47
2024-08-01,Thursday,Lunch,1000,Stormy,26,Yes,No,No,1036,1029,7,2
2024-07-06,Saturday,Lunch,374,Stormy,28,No,No,Yes,333,291,42,11
2024-12-13,Friday,Breakfast,878,Sunny,37,No,No,No,912,854,58,41
2024-11-26,Tuesday,Dinner,305,Cloudy,26,Yes,No,No,293,243,50,4
2024-01-17,Wednesday,Dinner,519,Sunny,32,Yes,Yes,No,551,472,79,66
2024-06-25,Tuesday,Breakfast,410,Rainy,30,No,Yes,No,412,352,60,11
2024-09-19,Thursday,Dinner,209,Cloudy,32,Yes,Yes,No,187,133,54,18
2024-05-19,Sunday,Breakfast,873,Stormy,24,No,No,Yes,853,797,56,33
2024-11-29,Friday,Dinner,455,Sunny,39,No,No,No,450,427,23,7
2024-08-05,Monday,Breakfast,751,Cloudy,32,No,No,No,744,727,17,17
2024-03-22,Friday,Dinner,760,Rainy,26,No,Yes,No,714,619,95,88
2024-08-27,Tuesday,Dinner,329,Stormy,28,No,Yes,No,359,355,4,0
2024-12-05,Thursday,Breakfast,470,Cloudy,27,Yes,Yes,No,448,382,66,12
2024-12-10,Tuesday,Dinner,751,Sunny,34,Yes,Yes,No,779,776,3,2
2024-06-05,Wednesday,Lunch,283,Stormy,24,Yes,Yes,No,299,268,31,7
2024-02-23,Friday,Breakfast,377,Rainy,27,Yes,No,No,328,234,94,19
2024-04-18,Thursday,Breakfast,214,Rainy,28,Yes,No,No,233,161,72,21
2024-02-19,Monday,Dinner,390,Sunny,37,Yes,No,No,381,308,73,27
2024-10-22,Tuesday,Dinner,589,Stormy,21,Yes,No,No,620,522,98,0
2024-05-20,Monday,Breakfast,819,Cloudy,27,No,No,No,792,742,50,18
2024-03-19,Tuesday,Dinner,799,Rainy,22,No,Yes,No,775,734,41,41
2024-10-02,Wednesday,Lunch,561,Stormy,25,No,No,No,578,501,77,8
2024-04-07,Sunday,Dinner,745,Stormy,27,No,Yes,Yes,788,701,87,16
2024-11-04,Monday,Lunch,372,Stormy,25,No,No,No,366,354,12,8
2024-06-05,Wednesday,Dinner,512,Cloudy,27,Yes,Yes,No,477,382,95,56
2024-02-01,Thursday,Breakfast,760,Rainy,23,Yes,No,No,758,676,82,53
2024-03-20,Wednesday,Dinner,823,Cloudy,29,No,No,No,830,830,0,0
2024-04-15,Monday,Dinner,779,Rainy,23,Yes,Yes,No,784,767,17,3
2024-10-13,Sunday,Dinner,378,Stormy,20,No,No,Yes,378,303,75,25
2024-07-12,Friday,Dinner,575,Sunny,36,No,Yes,No,561,498,63,40
2024-05-14,Tuesday,Lunch,363,Cloudy,33,No,Yes,No,412,383,29,26
2024-11-07,Thursday,Dinner,433,Stormy,23,No,Yes,No,455,446,9,5
2024-02-22,Thursday,Dinner,917,Rainy,30,Yes,Yes,No,871,786,85,22
2024-03-09,Saturday,Lunch,669,Sunny,39,Yes,No,Yes,717,697,20,17
2024-02-12,Monday,Breakfast,542,Sunny,30,No,No,No,511,506,5,5
2024-09-26,Thursday,Lunch,702,Stormy,20,Yes,Yes,No,733,658,75,73
2024-10-21,Monday,Breakfast,848,Stormy,21,No,Yes,No,806,725,81,78
2024-05-13,Monday,Lunch,973,Cloudy,29,No,No,No,1003,935,68,59
2024-09-24,Tuesday,Breakfast,609,Rainy,30,Yes,Yes,No,563,527,36,3
2024-03-13,Wednesday,Lunch,862,Rainy,28,Yes,Yes,No,846,760,86,43
2024-06-10,Monday,Dinner,827,Cloudy,31,Yes,No,No,803,721,82,19
2024-02-13,Tuesday,Breakfast,883,Rainy,26,No,No,No,914,907,7,1
2024-09-11,Wednesday,Dinner,895,Cloudy,26,Yes,Yes,No,900,857,43,1
2024-11-16,Saturday,Breakfast,732,Cloudy,28,No,Yes,Yes,735,659,76,40
2024-10-26,Saturday,Dinner,393,Rainy,30,No,No,Yes,407,388,19,1
2024-10-07,Monday,Lunch,228,Stormy,26,Yes,Yes,No,224,133,91,3
2024-05-19,Sunday,Dinner,414,Stormy,26,No,Yes,Yes,375,302,73,3
2024-12-11,Wednesday,Breakfast,944,Sunny,35,Yes,Yes,No,907,819,88,0
2024-08-21,Wednesday,Dinner,560,Sunny,33,Yes,No,No,525,443,82,23
2024-03-28,Thursday,Dinner,961,Stormy,21,Yes,Yes,No,917,836,81,7
2024-12-18,Wednesday,Lunch,719,Cloudy,27,No,No,No,688,642,46,7
2024-02-24,Saturday,Lunch,482,Sunny,30,No,Yes,Yes,504,407,97,52
2024-07-28,Sunday,Dinner,573,Stormy,26,No,Yes,Yes,581,536,45,31
2024-10-21,Monday,Dinner,508,Cloudy,25,Yes,Yes,No,506,445,61,20
2024-11-04,Monday,Breakfast,696,Rainy,23,Yes,No,No,738,714,24,11
2024-03-02,Saturday,Lunch,992,Sunny,37,Yes,No,Yes,1025,1005,20,19
2024-03-22,Friday,Dinner,822,Sunny,39,No,No,No,844,828,16,9
2024-11-17,Sunday,Lunch,788,Stormy,26,No,No,Yes,748,702,46,11
2024-08-11,Sunday,Breakfast,807,Sunny,36,No,No,Yes,850,786,64,46
2024-07-26,Friday,Breakfast,206,Stormy,24,No,No,No,241,211,30,27
2024-01-18,Thursday,Breakfast,812,Stormy,24,No,No,No,763,682,81,37
2024-03-17,Sunday,Dinner,202,Cloudy,33,No,Yes,Yes,236,188,48,31
2024-01-27,Saturday,Breakfast,443,Rainy,25,No,No,Yes,461,412,49,45
2024-11-22,Friday,Breakfast,375,Sunny,34,Yes,Yes,No,339,326,13,1
2024-10-14,Monday,Dinner,862,Rainy,24,No,Yes,No,829,780,49,31
2024-03-21,Thursday,Dinner,221,Stormy,23,No,Yes,No,258,205,53,32
2024-01-05,Friday,Lunch,370,Cloudy,33,Yes,No,No,395,334,61,15
2024-11-12,Tuesday,Lunch,581,Cloudy,25,No,Yes,No,600,587,13,1
2024-05-28,Tuesday,Dinner,329,Stormy,24,Yes,Yes,No,316,226,90,0
2024-10-01,Tuesday,Breakfast,232,Cloudy,26,No,Yes,No,203,185,18,18
2024-03-03,Sunday,Breakfast,204,Cloudy,28,Yes,Yes,Yes,225,225,0,0
2024-08-31,Saturday,Dinner,933,Stormy,26,Yes,No,Yes,936,929,7,0
2024-08-01,Thursday,Dinner,672,Stormy,21,Yes,No,No,702,627,75,58
2024-02-29,Thursday,Dinner,238,Stormy,22,Yes,Yes,No,214,126,88,49
2024-05-22,Wednesday,Lunch,245,Stormy,21,Yes,No,No,197,188,9,7
2024-09-02,Monday,Breakfast,504,Rainy,27,No,Yes,No,528,482,46,37
2024-02-29,Thursday,Lunch,366,Sunny,31,No,No,No,360,342,18,9
2024-07-15,Monday,Breakfast,707,Rainy,27,No,Yes,No,678,644,34,9
2024-03-05,Tuesday,Dinner,451,Stormy,28,No,Yes,No,412,381,31,19
2024-10-15,Tuesday,Lunch,255,Rainy,23,No,Yes,No,284,199,85,43
2024-05-28,Tuesday,Lunch,645,Rainy,22,Yes,Yes,No,621,546,75,6
2024-11-21,Thursday,Breakfast,888,Rainy,26,No,Yes,No,936,912,24,0
2024-03-22,Friday,Dinner,321,Sunny,36,Yes,Yes,No,343,260,83,26
2024-12-19,Thursday,Breakfast,440,Rainy,22,No,Yes,No,424,327,97,71
2024-07-15,Monday,Lunch,902,Rainy,29,No,Yes,No,887,879,8,6
2024-02-19,Monday,Dinner,909,Stormy,25,Yes,Yes,No,952,936,16,16
2024-02-04,Sunday,Breakfast,510,Sunny,34,No,No,Yes,510,449,61,52
2024-05-23,Thursday,Lunch,753,Stormy,25,No,No,No,712,660,52,2
2024-02-12,Monday,Breakfast,827,Sunny,32,Yes,No,No,846,777,69,32
2024-04-11,Thursday,Dinner,526,Cloudy,32,No,No,No,487,402,85,2
2024-08-26,Monday,Breakfast,781,Rainy,29,Yes,No,No,767,736,31,20
2024-05-29,Wednesday,Breakfast,377,Stormy,24,No,Yes,No,338,320,18,18
2024-09-11,Wednesday,Dinner,710,Stormy,27,Yes,No,No,715,708,7,0
2024-07-18,Thursday,Dinner,675,Rainy,23,No,No,No,693,607,86,58
2024-10-19,Saturday,Dinner,675,Cloudy,26,Yes,No,Yes,709,624,85,45
2024-07-09,Tuesday,Lunch,828,Sunny,33,No,No,No,831,758,73,6
2024-06-12,Wednesday,Lunch,321,Sunny,34,No,No,No,326,242,84,39
2024-11-29,Friday,Breakfast,482,Sunny,31,Yes,No,No,479,428,51,43
2024-03-12,Tuesday,Breakfast,642,Rainy,26,No,No,No,672,658,14,11
2024-03-10,Sunday,Breakfast,686,Sunny,34,Yes,Yes,Yes,721,641,80,45
2024-12-03,Tuesday,Lunch,499,Sunny,38,Yes,Yes,No,531,448,83,6
2024-12-08,Sunday,Lunch,473,Sunny,36,No,Yes,Yes,447,435,12,0
2024-07-26,Friday,Lunch,863,Sunny,36,No,No,No,822,792,30,9
2024-05-11,Saturday,Dinner,583,Sunny,33,No,No,Yes,553,470,83,62
2024-02-18,Sunday,Breakfast,797,Rainy,29,No,Yes,Yes,773,690,83,33
2024-01-31,Wednesday,Lunch,306,Rainy,26,No,Yes,No,352,253,99,31
2024-03-12,Tuesday,Lunch,991,Rainy,29,Yes,No,No,1022,966,56,31
2024-05-02,Thursday,Lunch,367,Cloudy,26,No,Yes,No,329,253,76,39
2024-02-15,Thursday,Breakfast,943,Cloudy,33,No,Yes,No,934,855,79,79
2024-04-24,Wednesday,Lunch,709,Sunny,32,No,Yes,No,681,645,36,32
2024-04-08,Monday,Lunch,257,Cloudy,33,Yes,No,No,224,157,67,66
2024-10-14,Monday,Lunch,912,Cloudy,30,Yes,No,No,912,844,68,55
2024-11-23,Saturday,Dinner,412,Stormy,24,No,No,Yes,412,404,8,1
2024-04-13,Saturday,Lunch,572,Cloudy,25,Yes,No,Yes,579,505,74,16
2024-04-06,Saturday,Lunch,638,Rainy,26,Yes,No,Yes,590,533,57,13
2024-05-24,Friday,Dinner,479,Cloudy,33,No,Yes,No,435,429,6,3
2024-01-19,Friday,Breakfast,888,Cloudy,31,No,No,No,859,763,96,83
2024-11-26,Tuesday,Lunch,667,Sunny,35,No,No,No,715,620,95,16
2024-12-05,Thursday,Lunch,624,Cloudy,33,No,No,No,578,562,16,15
2024-11-13,Wednesday,Lunch,935,Sunny,30,Yes,Yes,No,984,930,54,29
2024-11-22,Friday,Breakfast,485,Stormy,26,Yes,No,No,490,402,88,29
2024-07-29,Monday,Breakfast,494,Cloudy,32,Yes,No,No,457,404,53,12
2024-07-09,Tuesday,Dinner,390,Stormy,20,No,Yes,No,364,363,1,1
2024-12-30,Monday,Dinner,381,Cloudy,28,No,No,No,368,366,2,1
2024-05-29,Wednesday,Breakfast,846,Rainy,28,Yes,Yes,No,893,853,40,17
2024-03-07,Thursday,Dinner,846,Cloudy,28,Yes,No,No,845,774,71,50
2024-10-06,Sunday,Lunch,700,Rainy,29,No,No,Yes,664,617,47,13
2024-12-31,Tuesday,Dinner,988,Sunny,39,Yes,Yes,No,970,897,73,51
2024-10-19,Saturday,Dinner,244,Cloudy,30,No,No,Yes,214,173,41,15
2024-10-10,Thursday,Breakfast,501,Stormy,25,No,No,No,523,460,63,37
2024-03-05,Tuesday,Breakfast,796,Cloudy,30,Yes,Yes,No,836,778,58,1
2024-11-09,Saturday,Breakfast,825,Sunny,38,Yes,No,Yes,860,825,35,15
2024-03-01,Friday,Dinner,720,Cloudy,33,Yes,Yes,No,707,691,16,13
2024-02-14,Wednesday,Breakfast,695,Stormy,28,No,Yes,No,697,671,26,26
2024-04-10,Wednesday,Lunch,406,Sunny,30,No,No,No,445,422,23,11
2024-10-25,Friday,Breakfast,976,Stormy,23,Yes,No,No,1000,942,58,7
2024-08-04,Sunday,Lunch,893,Sunny,39,Yes,Yes,Yes,939,895,44,44
2024-08-31,Saturday,Breakfast,919,Cloudy,26,Yes,No,Yes,952,858,94,55
2024-09-13,Friday,Dinner,582,Cloudy,27,No,No,No,574,570,4,3
2024-12-06,Friday,Dinner,601,Rainy,27,Yes,Yes,No,561,553,8,0
2024-03-12,Tuesday,Breakfast,383,Stormy,28,No,No,No,400,341,59,31
2024-01-06,Saturday,Dinner,363,Stormy,26,No,No,Yes,349,338,11,5
2024-09-04,Wednesday,Lunch,544,Rainy,25,No,Yes,No,587,543,44,23
2024-03-02,Saturday,Dinner,823,Cloudy,27,No,Yes,Yes,802,705,97,74
2024-11-22,Friday,Breakfast,238,Stormy,25,No,Yes,No,206,167,39,5
2024-01-15,Monday,Dinner,273,Stormy,27,No,No,No,250,155,95,52
2024-11-12,Tuesday,Lunch,681,Cloudy,29,No,No,No,705,675,30,0
2024-11-10,Sunday,Dinner,211,Cloudy,32,Yes,No,Yes,210,142,68,13
2024-07-27,Saturday,Lunch,346,Sunny,36,Yes,Yes,Yes,365,274,91,0
2024-04-02,Tuesday,Lunch,400,Sunny,37,No,No,No,377,329,48,46
2024-09-05,Thursday,Breakfast,579,Cloudy,29,No,No,No,537,441,96,34
2024-01-12,Friday,Breakfast,810,Cloudy,28,No,Yes,No,855,836,19,17
2024-10-05,Saturday,Lunch,595,Rainy,26,No,Yes,Yes,636,597,39,20
2024-04-10,Wednesday,Dinner,770,Stormy,24,Yes,Yes,No,745,660,85,58
2024-09-03,Tuesday,Breakfast,229,Rainy,22,Yes,No,No,181,153,28,12
2024-10-22,Tuesday,Dinner,832,Sunny,40,No,Yes,No,836,742,94,30
2024-07-14,Sunday,Breakfast,545,Rainy,26,Yes,Yes,Yes,562,485,77,64
2024-11-05,Tuesday,Lunch,848,Stormy,25,Yes,No,No,882,841,41,19
2024-05-07,Tuesday,Breakfast,744,Sunny,34,No,Yes,No,749,745,4,0
2024-06-02,Sunday,Breakfast,664,Stormy,25,No,Yes,Yes,645,587,58,56
2024-02-03,Saturday,Lunch,621,Rainy,24,Yes,No,Yes,626,608,18,3
2024-09-11,Wednesday,Breakfast,668,Sunny,35,Yes,Yes,No,630,591,39,21
2024-09-07,Saturday,Dinner,836,Cloudy,31,Yes,Yes,Yes,884,882,2,1
2024-01-01,Monday,Lunch,433,Rainy,22,No,No,No,410,373,37,21
2024-01-23,Tuesday,Dinner,806,Rainy,27,Yes,Yes,No,841,780,61,37
2024-10-07,Monday,Breakfast,882,Rainy,27,No,No,No,863,822,41,36
2024-10-20,Sunday,Dinner,925,Sunny,32,Yes,No,Yes,961,884,77,65
2024-05-15,Wednesday,Lunch,815,Stormy,27,Yes,Yes,No,788,691,97,12
2024-08-27,Tuesday,Breakfast,471,Stormy,26,Yes,No,No,458,385,73,38
2024-05-27,Monday,Breakfast,621,Stormy,23,Yes,No,No,664,614,50,43
2024-07-01,Monday,Breakfast,448,Rainy,25,No,Yes,No,444,400,44,11
2024-11-26,Tuesday,Dinner,761,Rainy,26,Yes,No,No,767,671,96,60
2024-06-04,Tuesday,Dinner,881,Cloudy,30,Yes,No,No,880,837,43,32
2024-12-10,Tuesday,Dinner,729,Cloudy,31,No,Yes,No,774,708,66,58
2024-05-16,Thursday,Dinner,556,Sunny,34,No,No,No,561,488,73,45
2024-06-23,Sunday,Dinner,535,Rainy,29,No,Yes,Yes,569,513,56,36
2024-01-17,Wednesday,Dinner,238,Stormy,22,No,No,No,253,232,21,5
2024-12-04,Wednesday,Dinner,210,Cloudy,25,Yes,Yes,No,237,146,91,38
2024-11-24,Sunday,Breakfast,880,Cloudy,25,No,No,Yes,897,897,0,0
2024-03-10,Sunday,Breakfast,636,Stormy,20,Yes,No,Yes,686,597,89,28
2024-06-26,Wednesday,Breakfast,362,Cloudy,33,No,No,No,397,363,34,25
2024-04-04,Thursday,Breakfast,253,Cloudy,25,No,Yes,No,285,281,4,3
2024-01-30,Tuesday,Lunch,355,Sunny,37,No,Yes,No,337,301,36,31
2024-07-16,Tuesday,Lunch,445,Cloudy,27,Yes,No,No,436,422,14,9
2024-07-20,Saturday,Lunch,537,Cloudy,30,No,Yes,Yes,497,433,64,19
2024-02-18,Sunday,Dinner,607,Rainy,26,No,No,Yes,622,573,49,18
2024-10-29,Tuesday,Dinner,922,Rainy,28,No,No,No,968,877,91,61
2024-03-18,Monday,Lunch,306,Rainy,27,Yes,No,No,344,302,42,4
2024-12-13,Friday,Dinner,723,Rainy,22,No,No,No,728,643,85,34
2024-03-11,Monday,Lunch,805,Rainy,22,No,No,No,801,744,57,18
2024-01-01,Monday,Breakfast,345,Rainy,23,Yes,Yes,No,355,308,47,10
2024-02-12,Monday,Breakfast,504,Cloudy,26,Yes,Yes,No,516,455,61,24
2024-07-15,Monday,Breakfast,745,Stormy,20,No,No,No,750,681,69,16
2024-10-08,Tuesday,Dinner,727,Cloudy,33,No,No,No,735,713,22,9
2024-04-01,Monday,Breakfast,982,Cloudy,29,No,Yes,No,948,901,47,42
2024-05-24,Friday,Lunch,277,Stormy,21,Yes,No,No,241,224,17,6
2024-10-31,Thursday,Lunch,292,Rainy,30,Yes,Yes,No,294,270,24,24
2024-05-09,Thursday,Dinner,473,Sunny,36,No,No,No,432,403,29,6
2024-09-29,Sunday,Dinner,672,Cloudy,29,Yes,Yes,Yes,722,697,25,15
2024-07-08,Monday,Lunch,447,Cloudy,30,No,No,No,492,422,70,36
2024-08-04,Sunday,Dinner,295,Stormy,28,Yes,No,Yes,286,244,42,21
2024-02-22,Thursday,Lunch,673,Sunny,40,No,No,No,709,616,93,53
2024-09-03,Tuesday,Lunch,507,Stormy,27,No,Yes,No,509,487,22,2
2024-03-15,Friday,Dinner,456,Stormy,22,No,No,No,477,389,88,66
2024-02-26,Monday,Lunch,276,Cloudy,26,Yes,Yes,No,232,137,95,41
2024-02-23,Friday,Dinner,361,Cloudy,33,No,Yes,No,358,258,100,78
2024-09-13,Friday,Lunch,633,Stormy,22,No,No,No,616,539,77,3
2024-07-08,Monday,Lunch,479,Stormy,28,No,No,No,526,519,7,6
2024-01-23,Tuesday,Breakfast,341,Stormy,22,No,No,No,291,267,24,20
2024-01-28,Sunday,Breakfast,776,Cloudy,30,No,No,Yes,820,771,49,17
2024-03-22,Friday,Breakfast,944,Sunny,39,No,No,No,935,899,36,14
2024-04-17,Wednesday,Lunch,808,Stormy,23,No,No,No,854,820,34,7
2024-03-09,Saturday,Dinner,475,Sunny,40,No,No,Yes,486,484,2,1
2024-03-05,Tuesday,Lunch,617,Stormy,20,No,No,No,574,553,21,19
2024-04-14,Sunday,Breakfast,360,Cloudy,33,No,No,Yes,326,269,57,8
2024-10-19,Saturday,Dinner,881,Cloudy,31,No,No,Yes,846,782,64,48
2024-05-11,Saturday,Dinner,408,Cloudy,29,No,Yes,Yes,363,273,90,3
2024-09-15,Sunday,Lunch,521,Cloudy,26,Yes,Yes,Yes,532,528,4,3
2024-04-14,Sunday,Dinner,646,Stormy,23,Yes,No,Yes,668,620,48,14
2024-04-27,Saturday,Breakfast,812,Cloudy,28,No,Yes,Yes,844,802,42,4
2024-07-04,Thursday,Lunch,551,Stormy,23,No,No,No,574,499,75,6
2024-07-10,Wednesday,Lunch,633,Rainy,24,Yes,Yes,No,654,585,69,33
2024-09-29,Sunday,Breakfast,868,Stormy,26,No,No,Yes,838,807,31,25
2024-02-18,Sunday,Breakfast,917,Rainy,29,Yes,Yes,Yes,926,828,98,73
2024-10-21,Monday,Lunch,551,Stormy,25,Yes,Yes,No,511,510,1,0
2024-03-12,Tuesday,Dinner,572,Stormy,21,Yes,No,No,608,576,32,22
2024-08-01,Thursday,Lunch,967,Stormy,26,Yes,Yes,No,939,894,45,21
2024-09-26,Thursday,Dinner,588,Sunny,32,Yes,Yes,No,569,483,86,15
2024-03-08,Friday,Dinner,669,Stormy,21,Yes,Yes,No,630,626,4,3
2024-04-28,Sunday,Breakfast,600,Stormy,24,Yes,No,Yes,599,509,90,71
2024-11-28,Thursday,Dinner,965,Stormy,24,Yes,No,No,933,932,1,0
2024-07-31,Wednesday,Dinner,284,Stormy,26,Yes,No,No,271,197,74,41
2024-11-26,Tuesday,Lunch,752,Rainy,29,Yes,Yes,No,720,701,19,5
2024-10-25,Friday,Dinner,904,Stormy,26,No,Yes,No,948,928,20,4
2024-09-03,Tuesday,Dinner,479,Cloudy,32,Yes,No,No,470,434,36,20
2024-05-14,Tuesday,Breakfast,547,Sunny,33,No,Yes,No,526,437,89,80
2024-12-04,Wednesday,Breakfast,678,Rainy,25,No,No,No,688,628,60,22
2024-02-29,Thursday,Breakfast,398,Rainy,30,Yes,No,No,386,379,7,5
2024-02-06,Tuesday,Breakfast,978,Cloudy,29,Yes,Yes,No,1014,962,52,17
2024-11-11,Monday,Dinner,741,Cloudy,26,Yes,No,No,715,714,1,0
2024-05-05,Sunday,Dinner,954,Rainy,30,No,No,Yes,942,917,25,6
2024-12-21,Saturday,Breakfast,566,Stormy,27,Yes,Yes,Yes,585,495,90,2
2024-02-17,Saturday,Dinner,559,Cloudy,33,No,Yes,Yes,595,593,2,2
2024-01-18,Thursday,Dinner,253,Sunny,36,Yes,Yes,No,221,209,12,3
2024-06-13,Thursday,Dinner,841,Cloudy,27,Yes,No,No,842,750,92,45
2024-07-09,Tuesday,Breakfast,724,Cloudy,33,No,No,No,699,687,12,5
2024-07-24,Wednesday,Dinner,632,Sunny,35,Yes,No,No,588,516,72,54
2024-12-02,Monday,Dinner,213,Rainy,26,No,No,No,248,168,80,56
2024-02-11,Sunday,Dinner,245,Rainy,22,No,Yes,Yes,244,208,36,1
2024-04-05,Friday,Dinner,577,Sunny,34,No,No,No,591,551,40,12
2024-12-18,Wednesday,Dinner,559,Stormy,26,No,Yes,No,536,436,100,87
2024-03-11,Monday,Dinner,790,Stormy,27,No,No,No,840,840,0,0
2024-05-17,Friday,Dinner,644,Cloudy,29,Yes,Yes,No,668,595,73,61
2024-10-14,Monday,Dinner,897,Sunny,35,Yes,Yes,No,927,862,65,40
2024-06-09,Sunday,Dinner,667,Sunny,34,No,Yes,Yes,626,536,90,55
2024-09-07,Saturday,Dinner,878,Stormy,26,Yes,No,Yes,918,859,59,34
2024-06-12,Wednesday,Lunch,622,Cloudy,29,No,No,No,670,588,82,15
2024-09-25,Wednesday,Breakfast,221,Sunny,34,Yes,Yes,No,183,154,29,25
2024-02-28,Wednesday,Dinner,999,Cloudy,33,Yes,No,No,956,883,73,17
2024-05-28,Tuesday,Breakfast,310,Cloudy,26,Yes,No,No,334,274,60,42
2024-09-29,Sunday,Dinner,243,Cloudy,31,No,No,Yes,213,208,5,0
2024-04-16,Tuesday,Lunch,395,Sunny,31,No,No,No,433,410,23,9
2024-10-17,Thursday,Breakfast,224,Rainy,22,Yes,No,No,258,215,43,29
2024-05-16,Thursday,Breakfast,865,Cloudy,30,No,No,No,857,763,94,52
2024-01-15,Monday,Dinner,723,Cloudy,27,Yes,No,No,730,638,92,86
2024-02-24,Saturday,Lunch,665,Cloudy,33,Yes,No,Yes,675,631,44,9
2024-03-02,Saturday,Lunch,980,Rainy,29,No,No,Yes,958,865,93,47
2024-02-15,Thursday,Dinner,777,Sunny,37,No,Yes,No,812,779,33,29
2024-04-13,Saturday,Dinner,793,Cloudy,31,No,No,Yes,818,722,96,57
2024-11-22,Friday,Dinner,615,Rainy,23,No,Yes,No,632,562,70,32
2024-10-11,Friday,Lunch,270,Stormy,24,Yes,No,No,271,214,57,15
2024-06-28,Friday,Lunch,775,Cloudy,26,Yes,Yes,No,726,673,53,50
2024-03-26,Tuesday,Lunch,553,Stormy,21,No,Yes,No,522,508,14,8
2024-08-24,Saturday,Dinner,592,Stormy,26,Yes,Yes,Yes,543,475,68,61
2024-09-30,Monday,Breakfast,891,Stormy,24,No,No,No,845,827,18,6
2024-03-22,Friday,Lunch,401,Rainy,23,Yes,No,No,420,375,45,1
2024-05-16,Thursday,Breakfast,866,Stormy,21,Yes,Yes,No,823,765,58,1
2024-01-08,Monday,Breakfast,697,Sunny,33,No,Yes,No,726,706,20,7
2024-04-13,Saturday,Lunch,944,Stormy,27,No,No,Yes,963,923,40,27
2024-08-23,Friday,Dinner,927,Stormy,21,No,No,No,945,852,93,73
2024-02-25,Sunday,Dinner,271,Sunny,39,No,No,Yes,314,214,100,22
2024-09-18,Wednesday,Breakfast,498,Cloudy,25,Yes,Yes,No,501,476,25,12
2024-03-24,Sunday,Dinner,649,Stormy,20,Yes,Yes,Yes,663,641,22,16
2024-03-31,Sunday,Breakfast,330,Stormy,20,No,No,Yes,342,287,55,2
2024-12-28,Saturday,Dinner,642,Cloudy,25,No,Yes,Yes,615,595,20,12
2024-07-11,Thursday,Breakfast,752,Sunny,30,Yes,No,No,747,684,63,44
2024-03-23,Saturday,Dinner,581,Cloudy,28,Yes,Yes,Yes,553,468,85,62
2024-04-05,Friday,Dinner,619,Stormy,26,Yes,Yes,No,664,648,16,6
2024-08-23,Friday,Dinner,639,Sunny,36,No,Yes,No,597,585,12,12
2024-03-08,Friday,Dinner,845,Sunny,31,No,No,No,875,838,37,4
2024-07-12,Friday,Breakfast,625,Sunny,37,No,Yes,No,624,622,2,2
2024-04-11,Thursday,Lunch,842,Sunny,36,No,No,No,844,796,48,38
2024-11-09,Saturday,Breakfast,722,Cloudy,31,Yes,No,Yes,741,729,12,9
2024-03-07,Thursday,Breakfast,371,Sunny,31,Yes,Yes,No,360,286,74,50
2024-08-09,Friday,Breakfast,704,Sunny,33,Yes,Yes,No,678,582,96,50
2024-02-24,Saturday,Lunch,911,Rainy,26,Yes,Yes,Yes,944,877,67,29
2024-12-03,Tuesday,Breakfast,505,Stormy,22,No,Yes,No,461,457,4,0
2024-08-25,Sunday,Dinner,663,Sunny,40,No,No,Yes,652,567,85,9
2024-09-30,Monday,Dinner,397,Rainy,23,No,No,No,391,343,48,44
2024-08-17,Saturday,Breakfast,921,Sunny,30,Yes,Yes,Yes,935,886,49,33
2024-11-26,Tuesday,Lunch,627,Stormy,24,Yes,Yes,No,607,529,78,17
2024-01-08,Monday,Lunch,945,Sunny,30,Yes,Yes,No,946,886,60,13
2024-09-10,Tuesday,Breakfast,290,Cloudy,30,No,No,No,282,253,29,28
2024-07-20,Saturday,Dinner,569,Sunny,33,No,Yes,Yes,559,553,6,1
2024-10-23,Wednesday,Breakfast,874,Rainy,29,No,No,No,829,769,60,11
2024-11-29,Friday,Dinner,910,Sunny,39,Yes,Yes,No,894,868,26,26
2024-02-16,Friday,Breakfast,977,Sunny,40,Yes,No,No,933,876,57,42
2024-10-27,Sunday,Breakfast,900,Sunny,40,No,Yes,Yes,861,804,57,51
2024-05-26,Sunday,Breakfast,922,Sunny,31,Yes,No,Yes,888,851,37,16
2024-11-10,Sunday,Dinner,438,Stormy,28,No,No,Yes,452,411,41,1
2024-07-28,Sunday,Lunch,676,Rainy,22,Yes,No,Yes,721,688,33,3
2024-09-22,Sunday,Dinner,369,Rainy,28,Yes,Yes,Yes,409,388,21,17
2024-09-30,Monday,Lunch,850,Cloudy,30,Yes,Yes,No,887,843,44,44
2024-05-15,Wednesday,Dinner,324,Cloudy,33,No,Yes,No,337,248,89,24
2024-01-15,Monday,Breakfast,935,Stormy,25,Yes,No,No,906,877,29,7
2024-01-25,Thursday,Breakfast,788,Sunny,38,No,Yes,No,829,732,97,81
2024-04-30,Tuesday,Dinner,668,Cloudy,26,No,No,No,685,593,92,87
2024-08-30,Friday,Lunch,545,Rainy,23,No,Yes,No,550,529,21,2
2024-03-05,Tuesday,Breakfast,868,Cloudy,26,Yes,No,No,908,837,71,49
2024-04-01,Monday,Breakfast,378,Stormy,28,No,Yes,No,390,357,33,27
2024-01-25,Thursday,Dinner,796,Stormy,27,Yes,No,No,755,677,78,66
2024-07-18,Thursday,Dinner,606,Rainy,30,No,No,No,587,557,30,20
2024-07-13,Saturday,Dinner,505,Rainy,27,Yes,No,Yes,463,378,85,74
2024-02-29,Thursday,Breakfast,241,Sunny,39,Yes,No,No,274,179,95,65
2024-06-13,Thursday,Breakfast,481,Sunny,31,No,Yes,No,436,357,79,17
2024-12-12,Thursday,Lunch,400,Sunny,35,Yes,No,No,394,338,56,44
2024-03-13,Wednesday,Dinner,755,Cloudy,28,Yes,Yes,No,803,766,37,8
2024-10-30,Wednesday,Lunch,626,Sunny,31,No,No,No,643,562,81,59
2024-02-22,Thursday,Dinner,449,Cloudy,32,No,No,No,433,390,43,9
2024-07-05,Friday,Breakfast,978,Stormy,22,Yes,No,No,961,868,93,43
2024-11-28,Thursday,Breakfast,559,Cloudy,28,Yes,Yes,No,530,473,57,29
2024-10-25,Friday,Dinner,532,Cloudy,30,No,No,No,549,455,94,67
2024-01-21,Sunday,Lunch,487,Sunny,37,Yes,Yes,Yes,529,501,28,8
2024-04-03,Wednesday,Dinner,799,Sunny,31,No,Yes,No,839,750,89,56
2024-04-07,Sunday,Dinner,813,Cloudy,25,Yes,Yes,Yes,860,849,11,7
2024-01-04,Thursday,Dinner,948,Sunny,36,Yes,Yes,No,906,873,33,30
2024-04-11,Thursday,Breakfast,490,Cloudy,30,Yes,Yes,No,499,409,90,2
2024-06-30,Sunday,Lunch,822,Rainy,26,Yes,Yes,Yes,826,794,32,2
2024-12-05,Thursday,Breakfast,305,Cloudy,26,No,Yes,No,274,239,35,4
2024-02-27,Tuesday,Dinner,714,Sunny,36,Yes,Yes,No,687,667,20,12
2024-10-06,Sunday,Breakfast,510,Cloudy,29,Yes,No,Yes,480,398,82,5
2024-04-22,Monday,Dinner,429,Cloudy,27,No,No,No,450,365,85,27
2024-05-09,Thursday,Dinner,410,Cloudy,31,Yes,Yes,No,381,377,4,4
2024-12-18,Wednesday,Breakfast,946,Sunny,38,No,No,No,966,958,8,3
2024-06-01,Saturday,Dinner,417,Cloudy,28,No,No,Yes,416,382,34,24
2024-06-05,Wednesday,Dinner,381,Cloudy,31,No,Yes,No,404,345,59,58
2024-07-28,Sunday,Breakfast,355,Sunny,32,Yes,Yes,Yes,397,364,33,25
2024-12-27,Friday,Lunch,218,Cloudy,31,No,No,No,220,202,18,12
2024-06-10,Monday,Dinner,425,Rainy,23,Yes,No,No,407,351,56,51
2024-11-29,Friday,Breakfast,883,Cloudy,28,Yes,No,No,854,784,70,27
2024-11-25,Monday,Dinner,629,Stormy,23,No,No,No,580,540,40,22
2024-05-26,Sunday,Breakfast,720,Cloudy,32,No,Yes,Yes,767,766,1,1
2024-03-13,Wednesday,Breakfast,609,Stormy,27,No,No,No,622,613,9,4
2024-10-14,Monday,Dinner,573,Rainy,22,Yes,No,No,523,514,9,3
2024-05-20,Monday,Dinner,306,Rainy,23,No,Yes,No,319,273,46,38
2024-02-14,Wednesday,Dinner,241,Stormy,25,Yes,Yes,No,257,220,37,27
2024-09-21,Saturday,Breakfast,747,Stormy,22,Yes,Yes,Yes,725,631,94,29
2024-04-15,Monday,Dinner,585,Cloudy,28,No,No,No,585,546,39,20
2024-10-16,Wednesday,Dinner,675,Cloudy,29,Yes,Yes,No,670,637,33,8
2024-01-28,Sunday,Dinner,865,Sunny,36,No,Yes,Yes,842,747,95,32
2024-08-01,Thursday,Dinner,973,Rainy,29,No,No,No,979,930,49,18
2024-03-01,Friday,Dinner,922,Sunny,32,Yes,Yes,No,886,801,85,8
2024-05-24,Friday,Dinner,666,Rainy,29,No,Yes,No,683,653,30,7
2024-11-01,Friday,Lunch,299,Sunny,31,No,No,No,278,212,66,16
2024-09-13,Friday,Lunch,915,Rainy,29,No,Yes,No,939,868,71,40
2024-01-22,Monday,Dinner,328,Sunny,33,Yes,No,No,312,233,79,19
2024-10-10,Thursday,Lunch,584,Cloudy,30,No,Yes,No,631,597,34,27
2024-08-18,Sunday,Lunch,691,Sunny,37,No,No,Yes,733,652,81,44
2024-08-07,Wednesday,Lunch,759,Sunny,40,Yes,Yes,No,722,642,80,67
2024-08-07,Wednesday,Dinner,710,Rainy,30,Yes,Yes,No,708,635,73,55
2024-04-28,Sunday,Dinner,636,Rainy,26,Yes,No,Yes,682,680,2,1
2024-11-17,Sunday,Dinner,792,Sunny,35,Yes,Yes,Yes,816,802,14,6
2024-08-07,Wednesday,Dinner,592,Sunny,40,No,No,No,575,561,14,1
2024-08-30,Friday,Lunch,940,Stormy,23,No,Yes,No,924,875,49,22
2024-07-04,Thursday,Breakfast,922,Rainy,28,No,Yes,No,955,945,10,8
2024-10-30,Wednesday,Dinner,304,Stormy,22,No,No,No,336,316,20,19
2024-03-21,Thursday,Lunch,832,Rainy,26,No,Yes,No,861,797,64,12
2024-08-02,Friday,Breakfast,836,Rainy,24,No,No,No,801,725,76,64
2024-07-07,Sunday,Lunch,302,Cloudy,33,No,Yes,Yes,352,316,36,19
2024-11-07,Thursday,Breakfast,461,Sunny,33,Yes,No,No,457,390,67,16
2024-12-03,Tuesday,Breakfast,837,Rainy,27,No,Yes,No,820,755,65,42
2024-12-17,Tuesday,Lunch,747,Stormy,28,Yes,Yes,No,780,744,36,14
2024-06-11,Tuesday,Lunch,655,Sunny,30,No,No,No,696,643,53,11
2024-02-01,Thursday,Dinner,695,Stormy,24,Yes,No,No,646,619,27,21
2024-04-19,Friday,Lunch,984,Rainy,22,Yes,No,No,1013,933,80,14
2024-04-03,Wednesday,Lunch,663,Stormy,26,Yes,No,No,686,596,90,8
2024-05-03,Friday,Dinner,566,Stormy,27,No,No,No,587,490,97,71
2024-03-15,Friday,Lunch,282,Cloudy,25,Yes,Yes,No,306,272,34,22
2024-05-28,Tuesday,Lunch,905,Sunny,36,Yes,Yes,No,907,846,61,13
2024-07-20,Saturday,Breakfast,378,Cloudy,28,Yes,No,Yes,328,260,68,66
2024-01-10,Wednesday,Dinner,414,Sunny,37,No,Yes,No,425,380,45,10
2024-10-03,Thursday,Lunch,570,Sunny,34,No,No,No,543,502,41,23
2024-12-11,Wednesday,Dinner,999,Stormy,22,Yes,Yes,No,1040,1033,7,4
2024-12-25,Wednesday,Breakfast,410,Cloudy,25,No,Yes,No,432,410,22,13
2024-03-29,Friday,Dinner,984,Rainy,27,Yes,No,No,966,868,98,38
2024-02-28,Wednesday,Lunch,825,Stormy,24,Yes,No,No,786,696,90,12
2024-11-25,Monday,Breakfast,816,Rainy,29,No,Yes,No,781,776,5,2
2024-02-11,Sunday,Dinner,425,Stormy,26,Yes,No,Yes,459,376,83,9
2024-12-02,Monday,Lunch,913,Sunny,35,Yes,No,No,950,887,63,54
2024-11-20,Wednesday,Breakfast,765,Rainy,27,No,No,No,792,762,30,19
2024-10-20,Sunday,Dinner,205,Cloudy,33,No,Yes,Yes,163,80,83,27
2024-02-08,Thursday,Breakfast,397,Stormy,26,Yes,Yes,No,394,319,75,56
2024-06-07,Friday,Dinner,784,Cloudy,27,No,No,No,829,787,42,27
2024-12-07,Saturday,Lunch,945,Sunny,35,No,No,Yes,910,823,87,79
2024-07-16,Tuesday,Breakfast,560,Sunny,37,No,Yes,No,516,462,54,15
2024-05-12,Sunday,Lunch,979,Sunny,38,No,No,Yes,947,860,87,6
2024-03-03,Sunday,Lunch,538,Rainy,27,No,No,Yes,538,439,99,73
2024-07-22,Monday,Lunch,519,Rainy,25,No,Yes,No,506,452,54,13
2024-08-12,Monday,Dinner,343,Rainy,25,No,No,No,325,240,85,15
2024-11-19,Tuesday,Breakfast,542,Stormy,28,Yes,No,No,532,514,18,5
2024-03-08,Friday,Breakfast,214,Rainy,23,No,No,No,197,113,84,73
2024-09-22,Sunday,Dinner,582,Rainy,30,Yes,No,Yes,620,530,90,70
2024-09-02,Monday,Dinner,684,Rainy,28,No,No,No,648,607,41,20
2024-11-05,Tuesday,Lunch,478,Sunny,30,Yes,No,No,478,475,3,0
2024-09-07,Saturday,Lunch,494,Rainy,23,No,Yes,Yes,462,383,79,79
2024-06-09,Sunday,Breakfast,947,Rainy,29,Yes,Yes,Yes,899,883,16,3
2024-08-24,Saturday,Dinner,684,Cloudy,27,No,No,Yes,682,631,51,32
2024-05-16,Thursday,Breakfast,234,Cloudy,28,No,No,No,273,252,21,14
2024-03-04,Monday,Lunch,402,Sunny,38,No,Yes,No,354,300,54,50
2024-12-31,Tuesday,Lunch,810,Rainy,28,No,No,No,795,713,82,19
2024-07-01,Monday,Dinner,475,Rainy,23,No,Yes,No,470,403,67,61
2024-03-08,Friday,Dinner,800,Rainy,23,No,Yes,No,842,784,58,32
2024-12-11,Wednesday,Breakfast,402,Stormy,20,Yes,No,No,410,315,95,1
2024-02-25,Sunday,Breakfast,420,Cloudy,29,No,No,Yes,468,426,42,17
2024-03-07,Thursday,Dinner,669,Rainy,27,Yes,No,No,677,638,39,26
2024-07-29,Monday,Dinner,466,Stormy,20,No,Yes,No,431,349,82,27
2024-03-22,Friday,Breakfast,210,Cloudy,28,No,No,No,249,176,73,9
2024-12-04,Wednesday,Dinner,861,Sunny,37,Yes,Yes,No,836,832,4,2
2024-10-20,Sunday,Breakfast,567,Cloudy,27,Yes,No,Yes,569,559,10,3
2024-04-16,Tuesday,Dinner,433,Stormy,24,Yes,Yes,No,387,296,91,51
2024-10-11,Friday,Lunch,829,Stormy,24,Yes,Yes,No,790,696,94,73
2024-06-01,Saturday,Breakfast,668,Rainy,26,Yes,No,Yes,703,703,0,0
2024-03-15,Friday,Dinner,924,Rainy,26,No,Yes,No,892,820,72,27
2024-02-02,Friday,Breakfast,810,Sunny,38,Yes,Yes,No,774,774,0,0
2024-08-18,Sunday,Dinner,540,Rainy,27,Yes,No,Yes,574,475,99,58
2024-10-18,Friday,Lunch,656,Sunny,34,No,Yes,No,700,689,11,4
2024-11-17,Sunday,Dinner,728,Sunny,40,Yes,Yes,Yes,732,646,86,33
2024-01-29,Monday,Lunch,448,Cloudy,32,No,No,No,412,335,77,48
2024-07-17,Wednesday,Lunch,609,Cloudy,26,Yes,No,No,617,597,20,11
2024-09-30,Monday,Breakfast,560,Cloudy,27,No,Yes,No,592,568,24,19
2024-11-17,Sunday,Breakfast,846,Stormy,24,Yes,No,Yes,892,870,22,6
2024-02-19,Monday,Dinner,385,Stormy,26,Yes,Yes,No,421,381,40,25
2024-11-02,Saturday,Dinner,938,Stormy,23,No,Yes,Yes,951,887,64,39
2024-10-11,Friday,Dinner,334,Rainy,27,Yes,No,No,350,268,82,25
2024-11-28,Thursday,Lunch,534,Cloudy,27,Yes,Yes,No,525,505,20,1
2024-02-26,Monday,Lunch,728,Cloudy,28,Yes,Yes,No,722,647,75,64
2024-12-25,Wednesday,Dinner,673,Stormy,25,No,No,No,684,617,67,29
2024-03-09,Saturday,Breakfast,710,Rainy,23,No,Yes,Yes,671,666,5,0
2024-05-20,Monday,Breakfast,526,Cloudy,28,No,No,No,567,567,0,0
2024-07-18,Thursday,Lunch,447,Stormy,27,No,No,No,412,357,55,44
2024-10-16,Wednesday,Lunch,374,Rainy,26,Yes,No,No,396,357,39,28
2024-11-21,Thursday,Dinner,304,Sunny,36,No,No,No,262,218,44,5
2024-06-08,Saturday,Dinner,730,Sunny,39,Yes,Yes,Yes,693,651,42,23
2024-09-29,Sunday,Lunch,936,Stormy,23,Yes,No,Yes,898,854,44,25
2024-10-11,Friday,Lunch,721,Rainy,30,Yes,Yes,No,693,627,66,43
2024-07-17,Wednesday,Lunch,983,Stormy,24,Yes,Yes,No,1033,967,66,11
2024-08-25,Sunday,Breakfast,963,Cloudy,25,Yes,No,Yes,957,932,25,18
2024-02-20,Tuesday,Breakfast,500,Sunny,33,Yes,No,No,514,489,25,22
2024-12-04,Wednesday,Breakfast,255,Cloudy,27,Yes,No,No,255,197,58,26
2024-03-20,Wednesday,Breakfast,902,Cloudy,27,Yes,Yes,No,902,840,62,24
2024-12-13,Friday,Breakfast,443,Stormy,24,No,Yes,No,413,350,63,16
2024-06-21,Friday,Lunch,701,Rainy,30,Yes,Yes,No,719,680,39,39
2024-08-22,Thursday,Lunch,481,Cloudy,28,Yes,Yes,No,502,498,4,0
2024-01-07,Sunday,Breakfast,210,Rainy,29,Yes,Yes,Yes,179,111,68,13
2024-09-17,Tuesday,Breakfast,893,Cloudy,32,No,Yes,No,928,905,23,5
2024-01-21,Sunday,Lunch,943,Sunny,33,Yes,Yes,Yes,951,950,1,1
2024-11-08,Friday,Lunch,910,Stormy,27,No,No,No,960,868,92,70
2024-08-23,Friday,Breakfast,878,Rainy,27,No,No,No,893,794,99,74
2024-03-03,Sunday,Breakfast,717,Cloudy,26,No,Yes,Yes,729,713,16,5
2024-12-22,Sunday,Breakfast,824,Stormy,21,Yes,Yes,Yes,790,720,70,48
2024-08-21,Wednesday,Lunch,241,Sunny,33,No,Yes,No,227,200,27,10
2024-10-11,Friday,Dinner,465,Cloudy,25,Yes,Yes,No,447,393,54,36
2024-09-24,Tuesday,Dinner,860,Stormy,27,No,Yes,No,847,808,39,20
2024-08-08,Thursday,Breakfast,372,Sunny,40,Yes,Yes,No,418,323,95,56
2024-05-11,Saturday,Lunch,322,Rainy,25,No,Yes,Yes,272,237,35,35
2024-01-15,Monday,Dinner,766,Cloudy,29,Yes,Yes,No,772,758,14,9
2024-12-31,Tuesday,Dinner,797,Cloudy,32,Yes,Yes,No,841,790,51,2
2024-12-31,Tuesday,Lunch,467,Stormy,27,Yes,Yes,No,472,389,83,1
2024-07-09,Tuesday,Dinner,230,Cloudy,26,No,No,No,239,205,34,8
2024-02-29,Thursday,Dinner,710,Cloudy,25,No,Yes,No,741,688,53,2
2024-01-10,Wednesday,Breakfast,382,Rainy,29,Yes,No,No,370,294,76,9
2024-07-28,Sunday,Lunch,438,Cloudy,28,Yes,No,Yes,456,405,51,42
2024-09-28,Saturday,Lunch,833,Cloudy,26,No,No,Yes,803,761,42,28
2024-04-09,Tuesday,Lunch,647,Sunny,39,No,Yes,No,646,565,81,77
2024-09-11,Wednesday,Lunch,302,Cloudy,30,No,Yes,No,272,178,94,80
2024-09-20,Friday,Lunch,840,Cloudy,31,No,No,No,880,869,11,2
2024-05-01,Wednesday,Dinner,305,Sunny,34,No,No,No,322,319,3,1
2024-02-19,Monday,Lunch,410,Cloudy,29,Yes,No,No,363,355,8,3
2024-10-06,Sunday,Dinner,715,Stormy,20,Yes,No,Yes,753,737,16,10
2024-10-22,Tuesday,Lunch,498,Stormy,26,Yes,Yes,No,465,417,48,35
2024-08-20,Tuesday,Lunch,987,Stormy,20,Yes,Yes,No,972,965,7,2
2024-04-10,Wednesday,Lunch,573,Rainy,23,Yes,Yes,No,589,539,50,19
2024-02-16,Friday,Dinner,572,Rainy,24,Yes,Yes,No,621,596,25,4
2024-09-02,Monday,Breakfast,206,Stormy,22,Yes,No,No,171,77,94,52
2024-05-11,Saturday,Breakfast,687,Cloudy,33,Yes,No,Yes,722,631,91,32
2024-10-18,Friday,Dinner,549,Stormy,22,No,Yes,No,557,482,75,70
2024-09-07,Saturday,Lunch,272,Stormy,28,Yes,Yes,Yes,295,260,35,9
2024-07-28,Sunday,Breakfast,571,Stormy,20,No,Yes,Yes,530,462,68,31
2024-08-31,Saturday,Dinner,308,Stormy,23,No,Yes,Yes,291,233,58,45
2024-06-09,Sunday,Breakfast,784,Rainy,24,No,No,Yes,799,784,15,1
2024-09-08,Sunday,Lunch,520,Stormy,24,Yes,Yes,Yes,554,526,28,24
2024-06-23,Sunday,Breakfast,376,Rainy,25,No,Yes,Yes,409,320,89,4
2024-05-03,Friday,Breakfast,321,Rainy,26,No,No,No,287,274,13,8
2024-01-03,Wednesday,Lunch,295,Stormy,22,No,No,No,246,192,54,43
2024-04-15,Monday,Breakfast,697,Cloudy,28,No,No,No,659,644,15,1
2024-02-23,Friday,Dinner,363,Sunny,35,No,Yes,No,382,340,42,7
2024-07-15,Monday,Dinner,328,Stormy,28,No,No,No,327,239,88,1
2024-12-25,Wednesday,Dinner,498,Cloudy,25,No,No,No,464,451,13,7
2024-01-21,Sunday,Lunch,349,Cloudy,28,No,No,Yes,338,244,94,83
2024-08-22,Thursday,Lunch,432,Stormy,25,Yes,No,No,468,450,18,12
2024-08-09,Friday,Dinner,460,Stormy,28,No,Yes,No,467,466,1,1
2024-11-03,Sunday,Lunch,247,Stormy,22,No,No,Yes,296,254,42,40
2024-09-30,Monday,Dinner,678,Stormy,22,No,Yes,No,700,640,60,54
2024-01-02,Tuesday,Lunch,558,Stormy,21,Yes,Yes,No,536,485,51,12
2024-01-25,Thursday,Dinner,683,Stormy,24,No,Yes,No,674,617,57,22
2024-05-29,Wednesday,Lunch,429,Stormy,20,No,Yes,No,473,430,43,43
2024-08-22,Thursday,Dinner,703,Stormy,21,Yes,Yes,No,695,671,24,21
2024-10-29,Tuesday,Dinner,876,Rainy,22,No,Yes,No,898,810,88,70
2024-12-11,Wednesday,Breakfast,994,Rainy,30,Yes,No,No,992,974,18,4
2024-01-23,Tuesday,Lunch,376,Cloudy,33,Yes,Yes,No,379,294,85,58
2024-06-26,Wednesday,Dinner,927,Stormy,23,No,Yes,No,964,902,62,13
2024-01-23,Tuesday,Lunch,406,Sunny,40,Yes,No,No,377,315,62,17
2024-07-24,Wednesday,Dinner,438,Cloudy,27,No,No,No,394,334,60,43
2024-04-06,Saturday,Breakfast,463,Stormy,26,No,No,Yes,467,449,18,2
2024-07-25,Thursday,Breakfast,951,Stormy,27,No,Yes,No,947,883,64,5
2024-02-24,Saturday,Lunch,235,Cloudy,31,No,Yes,Yes,199,108,91,75
2024-09-02,Monday,Dinner,797,Rainy,29,Yes,Yes,No,804,710,94,61
2024-03-11,Monday,Dinner,373,Cloudy,27,Yes,Yes,No,370,369,1,0
2024-12-02,Monday,Dinner,882,Cloudy,27,No,Yes,No,932,889,43,32
2024-10-21,Monday,Lunch,579,Sunny,39,Yes,Yes,No,561,512,49,18
2024-04-15,Monday,Breakfast,913,Cloudy,28,No,Yes,No,879,785,94,40
2024-03-14,Thursday,Lunch,939,Cloudy,30,No,Yes,No,937,915,22,16
2024-05-27,Monday,Breakfast,472,Cloudy,29,Yes,Yes,No,494,476,18,15
2024-09-10,Tuesday,Breakfast,786,Stormy,22,Yes,Yes,No,813,768,45,30
2024-02-13,Tuesday,Breakfast,262,Stormy,27,Yes,Yes,No,303,295,8,6
2024-10-15,Tuesday,Lunch,807,Cloudy,31,Yes,No,No,824,820,4,3
2024-10-28,Monday,Breakfast,657,Cloudy,26,Yes,Yes,No,618,600,18,1
2024-09-10,Tuesday,Dinner,346,Rainy,25,Yes,Yes,No,334,267,67,28
2024-09-13,Friday,Lunch,484,Stormy,22,Yes,No,No,468,392,76,20
2024-06-10,Monday,Dinner,641,Stormy,27,No,Yes,No,644,604,40,13
2024-05-16,Thursday,Dinner,824,Sunny,40,No,No,No,855,759,96,0
2024-06-19,Wednesday,Lunch,919,Rainy,28,No,Yes,No,886,840,46,1
2024-02-04,Sunday,Lunch,530,Stormy,27,No,No,Yes,495,492,3,2
2024-10-04,Friday,Lunch,638,Rainy,28,No,Yes,No,598,592,6,3
2024-03-11,Monday,Lunch,396,Sunny,38,Yes,No,No,367,344,23,16
2024-07-27,Saturday,Breakfast,662,Sunny,31,Yes,No,Yes,651,640,11,4
2024-11-06,Wednesday,Breakfast,841,Sunny,38,Yes,No,No,880,810,70,62
2024-11-29,Friday,Dinner,524,Stormy,26,Yes,Yes,No,495,426,69,23
2024-06-20,Thursday,Breakfast,224,Cloudy,31,No,Yes,No,187,153,34,0
2024-06-08,Saturday,Dinner,847,Rainy,24,No,Yes,Yes,816,748,68,46
2024-08-28,Wednesday,Dinner,514,Sunny,30,Yes,No,No,466,448,18,1
2024-08-10,Saturday,Breakfast,309,Cloudy,28,Yes,Yes,Yes,261,245,16,0
2024-03-04,Monday,Breakfast,376,Rainy,26,Yes,No,No,405,331,74,2
2024-07-01,Monday,Breakfast,943,Cloudy,25,No,No,No,947,902,45,21
2024-04-19,Friday,Breakfast,634,Sunny,34,Yes,No,No,617,575,42,19
2024-08-03,Saturday,Dinner,912,Stormy,21,No,No,Yes,928,845,83,70
2024-11-22,Friday,Dinner,281,Cloudy,26,Yes,Yes,No,326,232,94,50
2024-07-02,Tuesday,Breakfast,210,Sunny,40,No,No,No,235,160,75,16
2024-09-16,Monday,Dinner,909,Rainy,24,No,Yes,No,941,935,6,4
2024-03-05,Tuesday,Breakfast,213,Sunny,36,Yes,Yes,No,182,124,58,53
2024-03-24,Sunday,Lunch,244,Cloudy,30,No,Yes,Yes,243,225,18,8
2024-12-08,Sunday,Dinner,223,Cloudy,25,No,No,Yes,192,110,82,70
2024-01-09,Tuesday,Breakfast,463,Rainy,23,No,Yes,No,417,395,22,1
2024-03-24,Sunday,Breakfast,290,Cloudy,27,Yes,Yes,Yes,312,215,97,15
2024-03-01,Friday,Dinner,741,Cloudy,32,Yes,Yes,No,697,690,7,7
2024-06-15,Saturday,Breakfast,390,Stormy,27,Yes,No,Yes,430,368,62,11
2024-11-23,Saturday,Breakfast,961,Cloudy,26,No,Yes,Yes,960,952,8,2
2024-09-30,Monday,Dinner,726,Sunny,39,Yes,No,No,736,673,63,57
2024-01-25,Thursday,Breakfast,923,Sunny,32,Yes,Yes,No,924,883,41,34
2024-05-05,Sunday,Lunch,784,Sunny,39,No,Yes,Yes,738,649,89,10
2024-04-23,Tuesday,Lunch,250,Cloudy,30,Yes,No,No,278,205,73,7
2024-04-30,Tuesday,Breakfast,889,Cloudy,27,No,No,No,842,783,59,17
2024-04-07,Sunday,Breakfast,549,Sunny,35,No,No,Yes,525,474,51,38
2024-01-07,Sunday,Dinner,876,Stormy,25,No,No,Yes,870,835,35,35
2024-04-23,Tuesday,Breakfast,242,Sunny,34,Yes,No,No,272,250,22,18
2024-06-24,Monday,Dinner,730,Cloudy,31,No,Yes,No,688,594,94,84
2024-05-13,Monday,Dinner,715,Stormy,20,Yes,No,No,737,697,40,1
2024-03-28,Thursday,Lunch,509,Stormy,26,No,No,No,503,441,62,39
2024-12-07,Saturday,Breakfast,312,Cloudy,28,Yes,Yes,Yes,328,233,95,85
2024-10-10,Thursday,Breakfast,263,Stormy,20,Yes,Yes,No,235,232,3,1
2024-03-07,Thursday,Breakfast,646,Cloudy,27,Yes,No,No,596,513,83,49
2024-01-18,Thursday,Dinner,893,Rainy,25,Yes,No,No,894,838,56,38
2024-08-22,Thursday,Dinner,620,Stormy,22,Yes,No,No,618,561,57,45
2024-05-28,Tuesday,Breakfast,823,Rainy,25,Yes,Yes,No,783,700,83,76
2024-12-15,Sunday,Lunch,856,Stormy,27,Yes,No,Yes,904,870,34,18
2024-06-07,Friday,Breakfast,992,Rainy,25,No,Yes,No,953,857,96,29
2024-11-06,Wednesday,Breakfast,691,Cloudy,33,No,Yes,No,719,635,84,1
2024-10-23,Wednesday,Dinner,792,Cloudy,27,No,Yes,No,774,721,53,10
2024-01-05,Friday,Lunch,295,Rainy,29,Yes,Yes,No,276,219,57,37
2024-11-03,Sunday,Dinner,464,Sunny,39,No,No,Yes,473,452,21,6
2024-01-30,Tuesday,Lunch,665,Stormy,24,No,Yes,No,697,658,39,8
2024-10-12,Saturday,Dinner,283,Stormy,25,Yes,Yes,Yes,300,288,12,0
2024-05-17,Friday,Breakfast,415,Sunny,36,No,Yes,No,394,386,8,4
2024-08-08,Thursday,Dinner,604,Rainy,28,Yes,No,No,637,554,83,24
2024-05-24,Friday,Dinner,400,Stormy,21,Yes,Yes,No,370,346,24,15
2024-04-11,Thursday,Lunch,917,Rainy,22,No,No,No,902,846,56,53
2024-07-17,Wednesday,Breakfast,594,Sunny,35,No,No,No,564,502,62,59
2024-06-06,Thursday,Breakfast,351,Rainy,24,No,No,No,326,311,15,14
2024-07-03,Wednesday,Lunch,714,Sunny,37,Yes,Yes,No,743,743,0,0
2024-08-03,Saturday,Dinner,390,Stormy,26,No,No,Yes,365,282,83,26
2024-12-30,Monday,Breakfast,972,Cloudy,25,No,No,No,979,938,41,28
2024-09-17,Tuesday,Dinner,242,Stormy,26,No,Yes,No,248,165,83,70
2024-12-23,Monday,Lunch,456,Stormy,28,No,Yes,No,471,464,7,7
2024-08-30,Friday,Dinner,702,Sunny,33,No,No,No,678,642,36,34
2024-09-13,Friday,Breakfast,662,Sunny,30,No,Yes,No,669,629,40,33
2024-03-28,Thursday,Dinner,490,Stormy,20,No,No,No,477,471,6,6
2024-09-22,Sunday,Lunch,614,Sunny,40,Yes,Yes,Yes,657,598,59,10
2024-11-19,Tuesday,Breakfast,870,Cloudy,27,No,Yes,No,911,850,61,41
2024-04-29,Monday,Lunch,988,Stormy,24,No,Yes,No,988,915,73,43
2024-06-09,Sunday,Lunch,880,Cloudy,30,No,No,Yes,902,838,64,0
2024-02-11,Sunday,Lunch,981,Stormy,28,Yes,No,Yes,1028,973,55,29
2024-01-27,Saturday,Dinner,710,Rainy,22,Yes,Yes,Yes,670,625,45,3
2024-05-25,Saturday,Lunch,627,Sunny,34,No,Yes,Yes,599,565,34,33
2024-09-05,Thursday,Breakfast,557,Rainy,23,Yes,Yes,No,573,523,50,4
2024-04-04,Thursday,Breakfast,802,Sunny,30,Yes,Yes,No,821,798,23,18
2024-10-22,Tuesday,Breakfast,845,Stormy,22,Yes,No,No,796,755,41,9
2024-01-20,Saturday,Dinner,777,Stormy,23,Yes,No,Yes,746,743,3,1
2024-11-15,Friday,Dinner,676,Stormy,23,Yes,Yes,No,639,550,89,49
2024-09-26,Thursday,Breakfast,824,Cloudy,32,No,No,No,828,802,26,25
2024-08-17,Saturday,Breakfast,379,Cloudy,31,Yes,Yes,Yes,425,366,59,31
2024-07-21,Sunday,Lunch,764,Sunny,33,Yes,Yes,Yes,751,706,45,19
2024-08-27,Tuesday,Dinner,705,Stormy,23,Yes,Yes,No,720,717,3,0
2024-08-26,Monday,Lunch,649,Cloudy,32,Yes,Yes,No,684,660,24,5
2024-03-27,Wednesday,Dinner,682,Cloudy,27,Yes,No,No,634,555,79,53
2024-01-01,Monday,Dinner,888,Rainy,24,Yes,Yes,No,838,765,73,62
2024-01-30,Tuesday,Lunch,239,Rainy,22,No,No,No,193,105,88,58
2024-11-21,Thursday,Dinner,223,Cloudy,33,Yes,Yes,No,246,216,30,26
2024-10-05,Saturday,Lunch,671,Cloudy,32,Yes,No,Yes,639,637,2,1
2024-04-07,Sunday,Lunch,513,Rainy,24,Yes,Yes,Yes,520,466,54,52
2024-05-31,Friday,Lunch,499,Sunny,38,Yes,Yes,No,486,388,98,82
2024-09-07,Saturday,Lunch,490,Cloudy,28,No,Yes,Yes,461,367,94,43
2024-07-27,Saturday,Lunch,483,Stormy,28,Yes,No,Yes,455,423,32,23
2024-12-20,Friday,Breakfast,877,Stormy,27,Yes,No,No,898,883,15,15
2024-07-25,Thursday,Dinner,905,Sunny,38,No,No,No,866,812,54,20
2024-08-22,Thursday,Breakfast,477,Stormy,26,Yes,Yes,No,460,417,43,26
2024-01-18,Thursday,Breakfast,973,Sunny,30,Yes,Yes,No,927,873,54,14
2024-12-06,Friday,Dinner,465,Cloudy,28,Yes,Yes,No,501,481,20,0
2024-06-29,Saturday,Lunch,687,Cloudy,27,Yes,Yes,Yes,694,650,44,30
2024-10-12,Saturday,Lunch,380,Cloudy,26,Yes,No,Yes,356,344,12,8
2024-03-08,Friday,Dinner,380,Cloudy,30,Yes,Yes,No,388,315,73,33
2024-05-09,Thursday,Breakfast,507,Cloudy,29,Yes,Yes,No,534,471,63,29
2024-05-29,Wednesday,Lunch,385,Stormy,23,No,Yes,No,352,254,98,62
2024-04-29,Monday,Lunch,582,Cloudy,27,Yes,Yes,No,575,525,50,2
2024-12-06,Friday,Lunch,287,Rainy,28,No,Yes,No,275,226,49,0
2024-08-10,Saturday,Breakfast,484,Sunny,31,No,No,Yes,503,411,92,30
2024-09-19,Thursday,Breakfast,885,Stormy,22,No,Yes,No,909,893,16,8
2024-12-21,Saturday,Dinner,905,Stormy,24,No,No,Yes,857,800,57,12
2024-10-19,Saturday,Breakfast,277,Sunny,40,No,Yes,Yes,286,233,53,40
2024-10-08,Tuesday,Breakfast,968,Rainy,28,No,No,No,990,894,96,55
2024-05-19,Sunday,Lunch,983,Sunny,40,Yes,No,Yes,1030,1019,11,4
2024-02-06,Tuesday,Lunch,718,Sunny,39,No,Yes,No,724,625,99,1
2024-11-11,Monday,Dinner,347,Sunny,33,Yes,Yes,No,327,237,90,83
2024-07-06,Saturday,Lunch,484,Sunny,38,No,No,Yes,523,498,25,22
2024-01-25,Thursday,Breakfast,625,Cloudy,27,No,No,No,668,638,30,12
2024-08-25,Sunday,Dinner,978,Sunny,37,No,Yes,Yes,991,973,18,13
2024-12-28,Saturday,Lunch,748,Rainy,22,Yes,Yes,Yes,762,688,74,53
2024-04-17,Wednesday,Dinner,775,Stormy,24,No,No,No,766,725,41,18
2024-06-24,Monday,Dinner,497,Sunny,30,No,No,No,516,428,88,6
2024-08-05,Monday,Breakfast,866,Sunny,40,Yes,Yes,No,900,825,75,34
2024-01-31,Wednesday,Breakfast,950,Cloudy,33,No,Yes,No,920,907,13,2
2024-12-26,Thursday,Lunch,504,Stormy,24,No,No,No,483,476,7,7
2024-10-05,Saturday,Dinner,995,Cloudy,32,Yes,Yes,Yes,966,950,16,7
2024-10-31,Thursday,Breakfast,457,Rainy,29,No,Yes,No,505,417,88,28
2024-07-07,Sunday,Lunch,569,Rainy,30,Yes,Yes,Yes,524,500,24,13
2024-08-13,Tuesday,Dinner,515,Cloudy,32,No,Yes,No,565,492,73,64
2024-07-21,Sunday,Breakfast,677,Sunny,36,Yes,Yes,Yes,632,580,52,29
2024-08-27,Tuesday,Lunch,441,Cloudy,26,No,Yes,No,412,401,11,11
2024-08-01,Thursday,Dinner,860,Sunny,30,No,No,No,841,751,90,44
2024-09-21,Saturday,Dinner,272,Stormy,20,No,No,Yes,251,243,8,8
2024-06-18,Tuesday,Dinner,638,Rainy,25,No,No,No,662,578,84,25
2024-12-17,Tuesday,Breakfast,602,Cloudy,31,Yes,Yes,No,645,628,17,10
2024-06-30,Sunday,Breakfast,555,Cloudy,31,No,No,Yes,526,427,99,92
2024-07-12,Friday,Breakfast,753,Rainy,26,Yes,No,No,731,692,39,37
2024-08-27,Tuesday,Lunch,302,Sunny,36,Yes,No,No,255,226,29,14
2024-04-28,Sunday,Dinner,638,Sunny,34,No,No,Yes,593,508,85,46
2024-05-05,Sunday,Breakfast,909,Rainy,30,No,No,Yes,958,928,30,27
2024-09-01,Sunday,Lunch,994,Stormy,20,No,No,Yes,991,979,12,8
2024-11-04,Monday,Breakfast,358,Cloudy,31,No,Yes,No,355,331,24,18
2024-10-11,Friday,Lunch,592,Stormy,24,Yes,No,No,555,479,76,13
2024-04-09,Tuesday,Dinner,451,Cloudy,33,No,No,No,414,369,45,15
2024-04-10,Wednesday,Lunch,338,Rainy,25,Yes,Yes,No,330,314,16,1
2024-11-25,Monday,Lunch,298,Sunny,34,No,No,No,336,291,45,45
2024-02-07,Wednesday,Dinner,335,Rainy,28,Yes,No,No,311,239,72,9
2024-09-05,Thursday,Lunch,374,Stormy,21,No,No,No,423,344,79,46
2024-01-23,Tuesday,Lunch,363,Stormy,21,No,No,No,338,336,2,2
2024-02-14,Wednesday,Breakfast,428,Cloudy,30,Yes,No,No,391,383,8,1
2024-09-18,Wednesday,Lunch,797,Rainy,23,No,Yes,No,785,770,15,7
2024-12-06,Friday,Dinner,946,Cloudy,27,Yes,Yes,No,984,960,24,2
2024-03-31,Sunday,Dinner,481,Stormy,28,No,No,Yes,451,367,84,64
2024-06-01,Saturday,Lunch,256,Cloudy,29,Yes,Yes,Yes,220,167,53,12
2024-05-19,Sunday,Dinner,630,Sunny,34,Yes,No,Yes,659,632,27,21
2024-08-09,Friday,Lunch,671,Sunny,40,Yes,Yes,No,679,639,40,5
2024-02-11,Sunday,Lunch,545,Stormy,24,No,No,Yes,534,531,3,3
2024-09-20,Friday,Lunch,622,Stormy,22,No,No,No,627,578,49,7
2024-08-11,Sunday,Lunch,374,Rainy,30,No,Yes,Yes,421,380,41,14
2024-03-09,Saturday,Breakfast,269,Sunny,39,Yes,No,Yes,307,239,68,48
2024-09-05,Thursday,Lunch,424,Sunny,34,No,Yes,No,438,428,10,3
2024-04-13,Saturday,Breakfast,777,Sunny,38,No,Yes,Yes,794,787,7,7
2024-04-15,Monday,Dinner,358,Stormy,22,No,No,No,403,358,45,11
2024-12-11,Wednesday,Lunch,655,Cloudy,29,Yes,No,No,642,565,77,4
2024-12-25,Wednesday,Lunch,825,Cloudy,32,No,Yes,No,840,839,1,0
2024-06-10,Monday,Breakfast,976,Stormy,21,Yes,No,No,939,929,10,3
2024-02-10,Saturday,Breakfast,647,Sunny,35,Yes,No,Yes,643,612,31,15
2024-10-17,Thursday,Breakfast,790,Cloudy,28,Yes,Yes,No,794,750,44,6
2024-08-25,Sunday,Dinner,361,Stormy,22,Yes,No,Yes,386,291,95,87
2024-01-17,Wednesday,Dinner,476,Rainy,23,Yes,Yes,No,485,484,1,1
2024-02-17,Saturday,Dinner,421,Cloudy,31,Yes,Yes,Yes,463,405,58,27
2024-04-27,Saturday,Lunch,882,Stormy,28,No,Yes,Yes,912,880,32,4
2024-12-16,Monday,Dinner,220,Cloudy,30,Yes,No,No,177,99,78,67
2024-07-26,Friday,Dinner,446,Cloudy,33,No,No,No,491,395,96,62
2024-11-02,Saturday,Lunch,714,Stormy,21,No,No,Yes,744,713,31,30
2024-11-21,Thursday,Breakfast,825,Stormy,22,Yes,Yes,No,861,766,95,35
2024-07-20,Saturday,Breakfast,835,Stormy,26,Yes,No,Yes,795,696,99,48
2024-01-16,Tuesday,Lunch,539,Rainy,29,No,Yes,No,498,477,21,12
2024-12-08,Sunday,Dinner,286,Sunny,37,No,Yes,Yes,264,189,75,55
2024-08-03,Saturday,Breakfast,614,Stormy,22,Yes,Yes,Yes,581,543,38,30
2024-09-10,Tuesday,Lunch,627,Stormy,23,No,No,No,629,603,26,10
2024-06-13,Thursday,Lunch,759,Stormy,28,Yes,No,No,766,698,68,29
2024-10-17,Thursday,Breakfast,839,Sunny,39,Yes,Yes,No,886,791,95,4
2024-05-10,Friday,Breakfast,305,Sunny,30,Yes,No,No,311,258,53,20
2024-02-08,Thursday,Lunch,582,Sunny,40,Yes,No,No,617,587,30,0
2024-06-14,Friday,Dinner,596,Cloudy,27,No,Yes,No,612,563,49,29
2024-08-22,Thursday,Dinner,266,Cloudy,25,No,No,No,229,195,34,18
2024-10-11,Friday,Breakfast,381,Cloudy,32,No,No,No,331,282,49,29
2024-08-06,Tuesday,Dinner,522,Cloudy,29,Yes,No,No,508,505,3,2
2024-03-30,Saturday,Dinner,931,Sunny,37,Yes,Yes,Yes,940,905,35,6
2024-06-01,Saturday,Lunch,936,Cloudy,31,Yes,No,Yes,973,935,38,6
2024-11-23,Saturday,Dinner,927,Rainy,27,No,Yes,Yes,887,838,49,33
2024-10-21,Monday,Lunch,631,Stormy,21,Yes,No,No,663,652,11,7
2024-08-12,Monday,Breakfast,615,Cloudy,25,Yes,Yes,No,631,540,91,0
2024-05-23,Thursday,Dinner,821,Stormy,24,No,No,No,778,751,27,2
2024-05-14,Tuesday,Breakfast,319,Cloudy,26,Yes,No,No,301,300,1,0
2024-01-09,Tuesday,Breakfast,536,Rainy,27,No,Yes,No,496,478,18,18
2024-07-23,Tuesday,Dinner,451,Stormy,24,Yes,No,No,464,416,48,16
2024-03-08,Friday,Lunch,916,Sunny,39,No,No,No,877,778,99,21
2024-06-06,Thursday,Breakfast,484,Cloudy,27,No,No,No,471,439,32,29
2024-07-02,Tuesday,Dinner,894,Rainy,27,No,No,No,854,806,48,41
2024-05-14,Tuesday,Lunch,938,Stormy,24,No,No,No,901,829,72,59
2024-11-20,Wednesday,Dinner,840,Stormy,23,Yes,Yes,No,846,752,94,49
2024-09-13,Friday,Breakfast,891,Cloudy,31,Yes,Yes,No,867,788,79,30
2024-09-23,Monday,Breakfast,739,Rainy,25,Yes,Yes,No,744,715,29,8
2024-08-01,Thursday,Dinner,204,Sunny,40,Yes,No,No,160,121,39,9
2024-01-27,Saturday,Lunch,744,Cloudy,27,No,Yes,Yes,781,725,56,31
2024-08-26,Monday,Lunch,439,Rainy,29,No,Yes,No,484,437,47,44
2024-04-16,Tuesday,Dinner,855,Stormy,25,Yes,Yes,No,814,795,19,9
2024-02-28,Wednesday,Lunch,742,Rainy,28,No,No,No,698,643,55,48
2024-08-09,Friday,Lunch,537,Cloudy,26,No,No,No,496,414,82,74
2024-09-25,Wednesday,Dinner,254,Rainy,30,Yes,No,No,282,192,90,16
2024-08-29,Thursday,Breakfast,808,Rainy,28,No,Yes,No,811,752,59,14
2024-02-17,Saturday,Dinner,742,Sunny,31,No,No,Yes,740,737,3,3
2024-10-29,Tuesday,Lunch,418,Rainy,23,Yes,No,No,439,401,38,14
2024-06-30,Sunday,Breakfast,762,Stormy,28,No,No,Yes,765,736,29,8
2024-04-30,Tuesday,Breakfast,419,Cloudy,30,Yes,Yes,No,399,323,76,59
2024-01-25,Thursday,Lunch,810,Stormy,22,No,Yes,No,823,742,81,52
2024-04-30,Tuesday,Breakfast,357,Cloudy,29,No,No,No,384,364,20,18
2024-04-19,Friday,Breakfast,624,Cloudy,30,Yes,Yes,No,606,558,48,3
2024-10-17,Thursday,Breakfast,590,Sunny,37,Yes,No,No,627,619,8,7
2024-05-27,Monday,Breakfast,829,Rainy,25,No,Yes,No,788,749,39,30
2024-05-07,Tuesday,Lunch,357,Cloudy,28,Yes,Yes,No,309,266,43,9
2024-04-11,Thursday,Lunch,352,Rainy,30,Yes,No,No,348,311,37,37
2024-12-14,Saturday,Lunch,293,Stormy,26,No,No,Yes,252,185,67,62
2024-02-04,Sunday,Dinner,785,Stormy,27,Yes,Yes,Yes,744,657,87,39
2024-03-31,Sunday,Lunch,467,Rainy,30,No,Yes,Yes,512,507,5,2
2024-12-05,Thursday,Dinner,720,Stormy,22,No,No,No,718,653,65,11
2024-09-11,Wednesday,Dinner,802,Stormy,20,No,Yes,No,848,826,22,2
2024-04-29,Monday,Breakfast,607,Stormy,24,Yes,Yes,No,632,554,78,50
2024-04-07,Sunday,Breakfast,313,Cloudy,30,Yes,No,Yes,361,308,53,8
2024-05-26,Sunday,Dinner,560,Rainy,28,Yes,Yes,Yes,601,514,87,69
2024-08-01,Thursday,Lunch,855,Cloudy,26,Yes,Yes,No,896,808,88,66
2024-03-10,Sunday,Breakfast,368,Cloudy,26,Yes,No,Yes,347,260,87,28
2024-02-02,Friday,Lunch,702,Stormy,23,No,Yes,No,742,720,22,8
2024-10-27,Sunday,Dinner,249,Stormy,20,Yes,No,Yes,294,198,96,8
2024-10-04,Friday,Breakfast,818,Cloudy,32,No,No,No,838,771,67,64
2024-04-08,Monday,Dinner,303,Cloudy,31,Yes,Yes,No,293,259,34,5
2024-02-21,Wednesday,Breakfast,626,Stormy,21,Yes,No,No,658,624,34,29
2024-10-10,Thursday,Breakfast,263,Sunny,30,Yes,Yes,No,226,192,34,8
2024-02-20,Tuesday,Breakfast,981,Sunny,38,Yes,No,No,1003,997,6,1
2024-09-23,Monday,Breakfast,881,Stormy,21,No,Yes,No,860,790,70,18
2024-08-27,Tuesday,Lunch,568,Rainy,25,Yes,Yes,No,540,488,52,39
2024-01-06,Saturday,Breakfast,250,Stormy,23,Yes,No,Yes,290,258,32,21
2024-08-19,Monday,Breakfast,645,Cloudy,30,Yes,No,No,603,551,52,48
2024-11-25,Monday,Lunch,671,Cloudy,26,Yes,Yes,No,626,577,49,34
2024-10-26,Saturday,Dinner,965,Cloudy,25,Yes,No,Yes,978,918,60,53
2024-04-26,Friday,Lunch,398,Stormy,25,No,Yes,No,409,373,36,1
2024-03-16,Saturday,Dinner,440,Stormy,27,Yes,Yes,Yes,405,391,14,7
2024-05-23,Thursday,Lunch,970,Rainy,27,Yes,Yes,No,988,928,60,23
2024-05-12,Sunday,Breakfast,317,Rainy,27,Yes,No,Yes,325,229,96,29
2024-09-04,Wednesday,Dinner,470,Sunny,37,No,Yes,No,425,394,31,30
2024-03-08,Friday,Breakfast,517,Stormy,20,No,Yes,No,562,500,62,14
2024-06-17,Monday,Breakfast,715,Rainy,29,No,No,No,708,706,2,1
2024-02-04,Sunday,Breakfast,871,Sunny,30,Yes,Yes,Yes,837,806,31,17
2024-12-13,Friday,Lunch,965,Stormy,25,Yes,No,No,962,882,80,38
2024-09-16,Monday,Lunch,704,Cloudy,30,No,No,No,720,693,27,18
2024-06-09,Sunday,Dinner,506,Stormy,20,No,Yes,Yes,551,464,87,26
2024-08-24,Saturday,Dinner,426,Cloudy,28,No,Yes,Yes,469,455,14,12
2024-05-16,Thursday,Lunch,974,Cloudy,28,Yes,Yes,No,931,877,54,0
2024-03-22,Friday,Lunch,511,Rainy,28,Yes,Yes,No,515,512,3,1
2024-02-26,Monday,Dinner,835,Cloudy,33,Yes,No,No,804,790,14,1
2024-11-29,Friday,Dinner,774,Cloudy,31,Yes,Yes,No,807,763,44,6
2024-03-26,Tuesday,Breakfast,406,Sunny,32,Yes,No,No,368,299,69,52
2024-01-20,Saturday,Breakfast,221,Rainy,26,No,Yes,Yes,172,143,29,19
2024-02-09,Friday,Dinner,299,Rainy,30,Yes,No,No,293,286,7,3
2024-04-13,Saturday,Lunch,234,Sunny,32,Yes,Yes,Yes,237,137,100,45
2024-05-20,Monday,Breakfast,826,Rainy,26,Yes,No,No,861,827,34,12
2024-05-30,Thursday,Breakfast,797,Sunny,35,No,Yes,No,838,786,52,37
2024-03-03,Sunday,Lunch,500,Sunny,30,No,No,Yes,453,448,5,4
2024-06-01,Saturday,Lunch,616,Stormy,24,Yes,Yes,Yes,645,614,31,1
2024-08-05,Monday,Breakfast,850,Sunny,40,No,No,No,867,772,95,24
2024-03-31,Sunday,Breakfast,636,Stormy,27,Yes,Yes,Yes,651,647,4,2
2024-08-26,Monday,Breakfast,837,Sunny,31,Yes,No,No,789,748,41,35
2024-11-30,Saturday,Breakfast,838,Cloudy,26,Yes,Yes,Yes,793,707,86,73
2024-12-17,Tuesday,Lunch,393,Sunny,39,Yes,No,No,427,330,97,76
2024-01-24,Wednesday,Dinner,352,Stormy,21,Yes,No,No,327,248,79,47
2024-11-09,Saturday,Breakfast,928,Rainy,28,Yes,Yes,Yes,959,860,99,88
2024-06-30,Sunday,Breakfast,544,Stormy,20,Yes,No,Yes,511,461,50,49
2024-05-22,Wednesday,Lunch,219,Cloudy,27,Yes,No,No,211,132,79,48
2024-11-24,Sunday,Dinner,505,Stormy,20,No,No,Yes,539,488,51,35
2024-07-28,Sunday,Dinner,296,Rainy,27,No,No,Yes,256,157,99,55
2024-03-08,Friday,Lunch,736,Stormy,27,No,Yes,No,756,680,76,62
2024-03-01,Friday,Dinner,253,Stormy,24,Yes,Yes,No,244,176,68,48
2024-05-16,Thursday,Lunch,847,Stormy,23,No,Yes,No,842,808,34,12
2024-04-27,Saturday,Lunch,650,Rainy,25,No,Yes,Yes,691,673,18,14
2024-09-23,Monday,Breakfast,916,Cloudy,28,No,No,No,965,924,41,37
2024-02-12,Monday,Breakfast,859,Sunny,35,Yes,Yes,No,846,797,49,24
2024-02-06,Tuesday,Breakfast,900,Cloudy,29,Yes,No,No,876,850,26,5
2024-05-11,Saturday,Lunch,424,Rainy,29,Yes,No,Yes,386,309,77,24
2024-03-01,Friday,Breakfast,844,Sunny,37,No,Yes,No,860,795,65,2
2024-01-04,Thursday,Lunch,757,Cloudy,28,No,No,No,732,716,16,13
2024-07-25,Thursday,Breakfast,887,Stormy,23,No,No,No,924,872,52,20
2024-11-24,Sunday,Lunch,310,Sunny,35,No,Yes,Yes,302,233,69,20
2024-03-24,Sunday,Lunch,464,Sunny,38,No,No,Yes,456,403,53,24
2024-08-31,Saturday,Lunch,409,Sunny,35,No,Yes,Yes,433,405,28,22
2024-08-19,Monday,Breakfast,310,Sunny,31,No,No,No,282,274,8,2
2024-07-10,Wednesday,Lunch,986,Stormy,27,Yes,No,No,1000,907,93,14
2024-07-05,Friday,Lunch,551,Cloudy,25,No,Yes,No,520,448,72,10
2024-10-24,Thursday,Lunch,568,Sunny,31,Yes,No,No,557,486,71,18
2024-12-24,Tuesday,Dinner,331,Rainy,26,No,No,No,297,265,32,32
2024-10-23,Wednesday,Dinner,453,Sunny,40,Yes,Yes,No,415,380,35,28
2024-09-15,Sunday,Dinner,868,Stormy,20,No,Yes,Yes,855,834,21,11
2024-08-28,Wednesday,Dinner,534,Sunny,31,Yes,Yes,No,484,451,33,13
2024-12-19,Thursday,Breakfast,311,Stormy,28,No,Yes,No,312,290,22,8
2024-02-05,Monday,Dinner,626,Cloudy,26,No,No,No,641,595,46,32
2024-12-02,Monday,Breakfast,253,Stormy,23,No,Yes,No,272,182,90,72
2024-11-15,Friday,Lunch,468,Sunny,32,Yes,Yes,No,492,474,18,1
2024-10-01,Tuesday,Dinner,754,Rainy,27,No,No,No,732,632,100,2
2024-09-06,Friday,Breakfast,797,Stormy,23,Yes,No,No,795,761,34,17
2024-08-26,Monday,Breakfast,232,Stormy,25,Yes,Yes,No,226,178,48,32
2024-05-29,Wednesday,Breakfast,570,Cloudy,31,No,No,No,586,524,62,60
2024-01-11,Thursday,Dinner,694,Rainy,28,No,No,No,694,658,36,23
2024-10-05,Saturday,Dinner,849,Cloudy,25,Yes,Yes,Yes,847,840,7,5
2024-07-01,Monday,Dinner,579,Stormy,25,No,Yes,No,574,544,30,18
2024-06-10,Monday,Breakfast,670,Cloudy,28,No,Yes,No,697,599,98,59
2024-06-02,Sunday,Lunch,902,Cloudy,33,Yes,Yes,Yes,944,912,32,4
2024-12-10,Tuesday,Breakfast,789,Sunny,38,No,Yes,No,805,774,31,28
2024-12-14,Saturday,Breakfast,852,Sunny,33,No,No,Yes,901,897,4,4
2024-10-27,Sunday,Lunch,353,Rainy,24,No,No,Yes,324,299,25,15
2024-07-13,Saturday,Dinner,647,Stormy,20,Yes,Yes,Yes,645,582,63,12
2024-07-20,Saturday,Dinner,721,Sunny,32,Yes,Yes,Yes,734,645,89,20
2024-12-20,Friday,Dinner,837,Rainy,29,Yes,No,No,804,723,81,65
2024-01-10,Wednesday,Breakfast,700,Cloudy,26,No,Yes,No,708,660,48,33
2024-12-17,Tuesday,Lunch,880,Rainy,30,Yes,No,No,854,804,50,30
2024-04-11,Thursday,Dinner,747,Sunny,30,No,No,No,712,622,90,27
2024-01-08,Monday,Dinner,810,Sunny,30,Yes,No,No,833,811,22,17
2024-01-10,Wednesday,Breakfast,231,Rainy,27,Yes,No,No,197,118,79,75
2024-07-16,Tuesday,Lunch,339,Cloudy,32,Yes,Yes,No,388,312,76,37
2024-06-21,Friday,Lunch,678,Sunny,40,Yes,No,No,645,635,10,7
2024-03-03,Sunday,Lunch,901,Stormy,22,No,No,Yes,867,803,64,34
2024-05-02,Thursday,Dinner,311,Cloudy,25,No,No,No,264,215,49,39
2024-01-02,Tuesday,Breakfast,983,Stormy,28,Yes,Yes,No,1014,962,52,5
2024-11-07,Thursday,Dinner,845,Rainy,29,No,No,No,888,796,92,54
2024-10-27,Sunday,Lunch,728,Cloudy,27,Yes,Yes,Yes,772,753,19,2
2024-12-13,Friday,Dinner,323,Stormy,26,Yes,Yes,No,306,263,43,0
2024-02-07,Wednesday,Lunch,538,Stormy,23,Yes,No,No,535,532,3,0
2024-08-29,Thursday,Dinner,916,Sunny,31,Yes,Yes,No,910,880,30,19
2024-08-10,Saturday,Breakfast,605,Cloudy,27,Yes,Yes,Yes,597,524,73,27
2024-07-08,Monday,Dinner,837,Stormy,26,Yes,Yes,No,814,789,25,11
2024-09-17,Tuesday,Dinner,825,Rainy,23,No,No,No,837,816,21,9
2024-03-27,Wednesday,Breakfast,1000,Sunny,30,No,No,No,1037,1008,29,5
2024-10-30,Wednesday,Breakfast,497,Stormy,21,Yes,Yes,No,523,438,85,17
2024-03-18,Monday,Breakfast,526,Sunny,37,No,Yes,No,481,409,72,42
2024-09-24,Tuesday,Lunch,292,Sunny,32,No,No,No,246,203,43,26
2024-04-11,Thursday,Lunch,526,Sunny,36,Yes,No,No,530,478,52,24
2024-06-21,Friday,Breakfast,430,Stormy,24,No,Yes,No,472,378,94,3
2024-02-09,Friday,Lunch,776,Sunny,38,Yes,No,No,773,684,89,51
2024-01-10,Wednesday,Lunch,359,Stormy,27,Yes,Yes,No,348,337,11,5
2024-04-06,Saturday,Lunch,719,Rainy,25,Yes,No,Yes,696,608,88,37
2024-04-01,Monday,Dinner,791,Stormy,22,No,Yes,No,753,659,94,3
2024-03-20,Wednesday,Breakfast,785,Stormy,25,No,No,No,783,732,51,12
2024-06-28,Friday,Breakfast,597,Stormy,20,No,Yes,No,589,514,75,2
2024-12-12,Thursday,Lunch,488,Sunny,38,No,Yes,No,466,409,57,51
2024-02-02,Friday,Dinner,466,Rainy,22,No,Yes,No,420,383,37,12
2024-11-09,Saturday,Lunch,889,Sunny,30,Yes,No,Yes,907,837,70,60
2024-10-27,Sunday,Dinner,998,Cloudy,30,Yes,No,Yes,954,935,19,4
2024-12-05,Thursday,Breakfast,783,Sunny,39,No,No,No,786,738,48,10
2024-02-16,Friday,Lunch,784,Cloudy,30,Yes,No,No,751,671,80,65
2024-04-25,Thursday,Breakfast,679,Sunny,33,No,Yes,No,645,608,37,10
2024-08-11,Sunday,Lunch,816,Sunny,36,No,No,Yes,801,774,27,20
2024-09-07,Saturday,Dinner,353,Cloudy,27,No,Yes,Yes,303,280,23,19
2024-03-20,Wednesday,Lunch,828,Sunny,34,Yes,Yes,No,859,810,49,13
2024-04-05,Friday,Breakfast,510,Cloudy,30,No,No,No,547,539,8,2
2024-01-14,Sunday,Dinner,707,Cloudy,32,Yes,Yes,Yes,693,612,81,6
2024-04-10,Wednesday,Lunch,829,Stormy,27,Yes,Yes,No,805,796,9,4
2024-05-18,Saturday,Breakfast,939,Sunny,35,Yes,Yes,Yes,934,900,34,26
2024-06-29,Saturday,Dinner,850,Stormy,28,No,No,Yes,837,804,33,33
2024-09-29,Sunday,Breakfast,511,Cloudy,33,No,No,Yes,501,496,5,1
2024-12-23,Monday,Dinner,731,Sunny,40,Yes,Yes,No,747,674,73,26
2024-07-04,Thursday,Lunch,289,Stormy,24,No,Yes,No,279,277,2,0
2024-01-27,Saturday,Dinner,265,Rainy,24,No,Yes,Yes,308,259,49,23
2024-01-11,Thursday,Lunch,247,Sunny,36,No,No,No,226,214,12,11
2024-04-28,Sunday,Dinner,418,Sunny,35,No,No,Yes,435,346,89,27
2024-01-24,Wednesday,Breakfast,660,Cloudy,27,No,Yes,No,653,582,71,65
2024-09-02,Monday,Dinner,834,Cloudy,33,Yes,No,No,850,819,31,21
2024-01-04,Thursday,Breakfast,210,Rainy,26,Yes,No,No,179,123,56,11
2024-11-17,Sunday,Breakfast,306,Cloudy,30,Yes,No,Yes,350,320,30,24
2024-09-10,Tuesday,Breakfast,711,Cloudy,29,No,Yes,No,681,650,31,17
2024-04-30,Tuesday,Dinner,816,Cloudy,27,Yes,No,No,801,796,5,2
2024-06-06,Thursday,Dinner,968,Sunny,38,No,Yes,No,1001,929,72,54
2024-10-29,Tuesday,Lunch,398,Sunny,38,No,No,No,384,370,14,10
2024-04-27,Saturday,Lunch,882,Stormy,27,No,No,Yes,917,896,21,15
2024-03-18,Monday,Breakfast,957,Sunny,37,No,Yes,No,915,866,49,11
2024-02-09,Friday,Breakfast,925,Rainy,25,No,Yes,No,914,883,31,20
2024-03-06,Wednesday,Breakfast,526,Rainy,26,Yes,Yes,No,534,439,95,8
2024-10-10,Thursday,Breakfast,623,Stormy,26,Yes,No,No,631,571,60,59
2024-01-02,Tuesday,Dinner,245,Rainy,29,No,No,No,292,231,61,42
2024-10-31,Thursday,Breakfast,381,Sunny,40,No,No,No,367,289,78,11
2024-12-08,Sunday,Lunch,800,Cloudy,30,Yes,Yes,Yes,808,804,4,4
2024-11-04,Monday,Lunch,588,Rainy,29,No,Yes,No,580,571,9,3
2024-07-07,Sunday,Breakfast,520,Sunny,31,No,No,Yes,498,401,97,54
2024-05-27,Monday,Dinner,940,Sunny,38,No,Yes,No,957,939,18,12
2024-04-28,Sunday,Dinner,794,Sunny,36,No,No,Yes,843,767,76,35
2024-03-23,Saturday,Breakfast,856,Rainy,23,Yes,No,Yes,813,762,51,18
2024-02-24,Saturday,Breakfast,535,Rainy,30,No,No,Yes,527,442,85,21
2024-10-23,Wednesday,Lunch,462,Sunny,34,Yes,Yes,No,459,428,31,30
2024-08-27,Tuesday,Breakfast,921,Rainy,30,Yes,Yes,No,905,827,78,36
2024-08-04,Sunday,Dinner,478,Sunny,35,Yes,Yes,Yes,456,366,90,46
2024-02-10,Saturday,Lunch,666,Sunny,35,No,Yes,Yes,681,669,12,7
2024-01-04,Thursday,Lunch,707,Rainy,27,Yes,Yes,No,685,645,40,26
2024-10-19,Saturday,Breakfast,948,Cloudy,27,No,No,Yes,953,928,25,0
2024-05-09,Thursday,Breakfast,526,Rainy,25,Yes,No,No,536,512,24,2
2024-11-03,Sunday,Dinner,656,Sunny,35,No,Yes,Yes,639,585,54,41
2024-09-16,Monday,Lunch,692,Rainy,30,Yes,Yes,No,729,640,89,31
2024-04-22,Monday,Breakfast,767,Cloudy,29,No,Yes,No,812,741,71,15
2024-11-26,Tuesday,Lunch,852,Stormy,22,No,Yes,No,880,793,87,17
2024-01-30,Tuesday,Lunch,568,Sunny,36,No,Yes,No,533,486,47,22
2024-02-10,Saturday,Dinner,375,Stormy,23,Yes,No,Yes,342,340,2,0
2024-12-13,Friday,Breakfast,271,Cloudy,31,No,No,No,315,216,99,79
2024-09-18,Wednesday,Breakfast,549,Sunny,40,No,Yes,No,510,490,20,8
2024-02-01,Thursday,Breakfast,721,Cloudy,28,No,No,No,738,679,59,32
2024-11-09,Saturday,Lunch,683,Stormy,21,No,Yes,Yes,732,682,50,17
2024-09-03,Tuesday,Lunch,632,Sunny,39,No,No,No,609,591,18,9
2024-03-23,Saturday,Dinner,789,Stormy,20,Yes,No,Yes,747,710,37,6
2024-03-24,Sunday,Dinner,512,Sunny,34,No,Yes,Yes,549,544,5,0
2024-01-06,Saturday,Lunch,411,Rainy,22,Yes,Yes,Yes,361,302,59,37
2024-02-22,Thursday,Breakfast,629,Stormy,27,No,No,No,581,495,86,44
2024-10-05,Saturday,Lunch,818,Rainy,25,Yes,Yes,Yes,819,779,40,19
2024-07-09,Tuesday,Lunch,524,Cloudy,33,No,Yes,No,558,536,22,16
2024-01-06,Saturday,Dinner,387,Stormy,24,Yes,Yes,Yes,369,359,10,7
2024-09-14,Saturday,Breakfast,594,Sunny,39,No,Yes,Yes,579,565,14,2
2024-05-21,Tuesday,Lunch,494,Cloudy,31,No,No,No,476,441,35,21
2024-11-28,Thursday,Breakfast,994,Cloudy,29,No,Yes,No,1035,1014,21,8
2024-10-24,Thursday,Breakfast,894,Sunny,34,Yes,No,No,884,875,9,3
2024-02-19,Monday,Lunch,992,Cloudy,30,Yes,Yes,No,983,953,30,28
2024-12-30,Monday,Breakfast,591,Cloudy,27,No,No,No,579,579,0,0
2024-04-05,Friday,Dinner,459,Cloudy,26,Yes,Yes,No,493,454,39,17
2024-08-05,Monday,Breakfast,539,Rainy,25,No,Yes,No,492,467,25,3
2024-06-11,Tuesday,Dinner,646,Cloudy,33,No,Yes,No,613,513,100,29
2024-11-11,Monday,Breakfast,473,Rainy,27,Yes,Yes,No,442,384,58,37
2024-11-15,Friday,Lunch,306,Rainy,30,No,Yes,No,343,258,85,71
2024-09-28,Saturday,Dinner,675,Cloudy,32,No,No,Yes,694,617,77,20
2024-10-17,Thursday,Breakfast,489,Stormy,24,No,No,No,454,451,3,0
2024-08-28,Wednesday,Breakfast,941,Sunny,38,Yes,No,No,915,878,37,6
2024-04-14,Sunday,Lunch,616,Sunny,35,No,Yes,Yes,660,625,35,2
2024-05-28,Tuesday,Dinner,653,Sunny,40,No,Yes,No,684,658,26,3
2024-10-29,Tuesday,Dinner,788,Stormy,28,Yes,Yes,No,745,665,80,0
2024-05-31,Friday,Breakfast,931,Cloudy,31,Yes,No,No,949,898,51,44
2024-09-06,Friday,Lunch,299,Rainy,29,No,No,No,323,297,26,5
2024-12-18,Wednesday,Dinner,696,Stormy,21,Yes,Yes,No,685,615,70,15
2024-08-19,Monday,Lunch,595,Cloudy,30,No,Yes,No,641,598,43,23
2024-05-29,Wednesday,Dinner,751,Rainy,28,No,Yes,No,749,664,85,1
2024-03-20,Wednesday,Breakfast,963,Rainy,30,No,No,No,920,875,45,7
2024-12-27,Friday,Lunch,621,Cloudy,33,No,No,No,594,554,40,29
2024-12-03,Tuesday,Lunch,409,Rainy,29,No,Yes,No,390,362,28,27
2024-06-28,Friday,Breakfast,428,Stormy,27,No,Yes,No,402,370,32,25
2024-07-24,Wednesday,Breakfast,351,Stormy,28,Yes,No,No,312,259,53,17
2024-07-03,Wednesday,Dinner,805,Cloudy,31,No,Yes,No,839,809,30,8
2024-11-04,Monday,Breakfast,991,Cloudy,32,No,No,No,1040,949,91,79
2024-06-30,Sunday,Breakfast,265,Cloudy,33,No,Yes,Yes,258,164,94,48
2024-11-29,Friday,Breakfast,240,Sunny,31,Yes,Yes,No,277,218,59,44
2024-12-21,Saturday,Lunch,943,Rainy,22,No,Yes,Yes,949,898,51,15
2024-04-01,Monday,Breakfast,440,Stormy,25,No,Yes,No,415,316,99,59
2024-04-22,Monday,Dinner,552,Cloudy,28,No,Yes,No,502,452,50,43
2024-02-12,Monday,Breakfast,592,Stormy,20,No,Yes,No,585,488,97,26
2024-09-24,Tuesday,Breakfast,206,Stormy,23,Yes,Yes,No,215,202,13,2
2024-04-19,Friday,Dinner,398,Sunny,38,Yes,Yes,No,397,312,85,33
2024-06-14,Friday,Dinner,624,Rainy,29,No,No,No,621,614,7,5
2024-08-30,Friday,Lunch,646,Stormy,26,No,Yes,No,615,541,74,2
2024-10-11,Friday,Lunch,339,Rainy,24,Yes,No,No,338,255,83,30
2024-04-20,Saturday,Dinner,368,Stormy,22,No,Yes,Yes,392,322,70,24
2024-04-08,Monday,Dinner,672,Sunny,30,Yes,No,No,720,713,7,1
2024-01-07,Sunday,Breakfast,672,Cloudy,31,Yes,Yes,Yes,679,623,56,38
2024-09-30,Monday,Lunch,275,Rainy,28,Yes,No,No,279,201,78,47
2024-10-12,Saturday,Lunch,856,Stormy,24,Yes,No,Yes,849,830,19,11
2024-01-01,Monday,Dinner,911,Stormy,21,No,No,No,951,875,76,25
2024-01-27,Saturday,Lunch,477,Sunny,36,Yes,Yes,Yes,439,426,13,12
2024-02-28,Wednesday,Dinner,609,Stormy,20,Yes,Yes,No,577,528,49,27
2024-08-12,Monday,Dinner,262,Sunny,31,Yes,No,No,256,165,91,52
2024-12-09,Monday,Lunch,356,Rainy,30,No,Yes,No,372,305,67,64
2024-06-18,Tuesday,Breakfast,819,Sunny,40,No,Yes,No,808,732,76,3
2024-07-14,Sunday,Breakfast,933,Rainy,26,No,Yes,Yes,909,873,36,34
2024-10-11,Friday,Dinner,715,Stormy,24,No,Yes,No,716,638,78,47
2024-02-26,Monday,Dinner,605,Rainy,25,No,No,No,588,499,89,3
2024-04-07,Sunday,Lunch,914,Sunny,39,Yes,Yes,Yes,934,876,58,39
2024-03-24,Sunday,Breakfast,925,Sunny,36,Yes,No,Yes,955,890,65,58
2024-02-23,Friday,Breakfast,208,Rainy,27,No,Yes,No,188,161,27,4
2024-08-09,Friday,Lunch,995,Stormy,20,Yes,No,No,1028,999,29,26
2024-07-11,Thursday,Lunch,205,Cloudy,28,No,No,No,200,182,18,6
2024-08-05,Monday,Breakfast,552,Stormy,25,No,Yes,No,533,487,46,37
2024-11-26,Tuesday,Dinner,702,Stormy,20,No,No,No,717,660,57,47
2024-07-20,Saturday,Lunch,320,Stormy,22,Yes,No,Yes,280,200,80,36
2024-02-05,Monday,Breakfast,772,Sunny,30,Yes,Yes,No,805,802,3,1
2024-02-10,Saturday,Dinner,529,Sunny,39,No,No,Yes,505,494,11,2
2024-04-16,Tuesday,Dinner,916,Stormy,20,No,Yes,No,876,804,72,17
2024-01-15,Monday,Lunch,819,Rainy,24,Yes,No,No,823,740,83,68
2024-10-09,Wednesday,Lunch,366,Rainy,22,Yes,Yes,No,399,394,5,4
2024-05-17,Friday,Lunch,453,Sunny,40,Yes,No,No,494,412,82,16
2024-08-13,Tuesday,Breakfast,841,Cloudy,31,No,No,No,845,835,10,3
2024-04-21,Sunday,Lunch,377,Stormy,27,Yes,Yes,Yes,362,342,20,14
2024-08-28,Wednesday,Breakfast,857,Stormy,24,Yes,Yes,No,886,825,61,19
2024-01-18,Thursday,Dinner,965,Sunny,38,No,Yes,No,976,895,81,31
2024-08-20,Tuesday,Breakfast,556,Cloudy,30,Yes,No,No,566,551,15,11
2024-10-03,Thursday,Breakfast,447,Stormy,23,Yes,No,No,439,395,44,43
2024-08-23,Friday,Lunch,477,Sunny,33,No,No,No,500,457,43,20
2024-09-24,Tuesday,Breakfast,403,Cloudy,28,Yes,No,No,444,356,88,85
2024-07-21,Sunday,Breakfast,362,Rainy,30,Yes,Yes,Yes,369,361,8,2
2024-12-15,Sunday,Lunch,923,Cloudy,27,No,Yes,Yes,929,863,66,66
2024-08-14,Wednesday,Dinner,412,Stormy,20,Yes,No,No,437,339,98,37
2024-09-09,Monday,Lunch,609,Sunny,34,Yes,No,No,602,528,74,63
2024-12-22,Sunday,Dinner,430,Sunny,31,No,Yes,Yes,448,431,17,16
2024-08-19,Monday,Lunch,781,Sunny,31,Yes,Yes,No,736,663,73,3
2024-08-10,Saturday,Dinner,399,Cloudy,29,No,No,Yes,447,361,86,47
2024-06-08,Saturday,Dinner,360,Rainy,28,No,No,Yes,361,263,98,1
2024-02-14,Wednesday,Lunch,869,Rainy,22,No,No,No,832,774,58,56
2024-07-13,Saturday,Lunch,377,Rainy,25,Yes,Yes,Yes,332,237,95,62
2024-05-29,Wednesday,Dinner,393,Stormy,26,No,Yes,No,384,340,44,6
2024-02-07,Wednesday,Dinner,444,Cloudy,32,Yes,No,No,475,407,68,19
2024-12-02,Monday,Dinner,285,Stormy,28,Yes,Yes,No,244,194,50,24
2024-04-03,Wednesday,Breakfast,922,Stormy,24,No,Yes,No,878,817,61,20
2024-05-25,Saturday,Lunch,247,Stormy,24,Yes,No,Yes,219,205,14,5
2024-12-28,Saturday,Dinner,228,Cloudy,26,Yes,No,Yes,201,160,41,34
2024-04-05,Friday,Breakfast,258,Rainy,24,No,No,No,272,198,74,0
2024-03-04,Monday,Lunch,324,Rainy,23,Yes,No,No,291,197,94,13
2024-05-05,Sunday,Lunch,976,Stormy,28,Yes,Yes,Yes,933,883,50,18
2024-12-02,Monday,Dinner,408,Stormy,27,No,Yes,No,417,374,43,12
2024-11-10,Sunday,Dinner,714,Rainy,25,Yes,Yes,Yes,742,701,41,33
2024-08-01,Thursday,Lunch,770,Rainy,30,No,No,No,750,708,42,2
2024-08-31,Saturday,Breakfast,533,Rainy,26,No,Yes,Yes,506,477,29,5
2024-02-11,Sunday,Lunch,360,Cloudy,33,No,No,Yes,408,364,44,38
2024-04-08,Monday,Dinner,513,Cloudy,33,No,No,No,486,461,25,19
2024-11-30,Saturday,Breakfast,353,Cloudy,28,No,Yes,Yes,326,288,38,22
2024-08-24,Saturday,Breakfast,845,Stormy,28,No,No,Yes,795,733,62,18
2024-01-03,Wednesday,Lunch,427,Sunny,35,Yes,No,No,475,454,21,14
2024-01-06,Saturday,Lunch,286,Stormy,21,No,Yes,Yes,271,179,92,53
2024-01-19,Friday,Dinner,893,Sunny,30,Yes,Yes,No,850,846,4,1
2024-08-08,Thursday,Breakfast,418,Sunny,39,No,Yes,No,443,409,34,0
2024-10-21,Monday,Breakfast,361,Rainy,27,No,No,No,326,295,31,0
2024-01-07,Sunday,Breakfast,908,Stormy,20,Yes,No,Yes,913,827,86,41
2024-04-20,Saturday,Breakfast,368,Sunny,35,No,Yes,Yes,374,354,20,13
2024-07-07,Sunday,Lunch,951,Rainy,23,No,Yes,Yes,965,953,12,10
2024-07-22,Monday,Lunch,786,Cloudy,31,Yes,No,No,739,688,51,28
2024-07-07,Sunday,Lunch,923,Cloudy,27,No,No,Yes,936,889,47,39
2024-11-28,Thursday,Dinner,367,Sunny,36,No,No,No,340,295,45,24
2024-11-21,Thursday,Breakfast,633,Rainy,26,Yes,No,No,680,678,2,2
2024-12-11,Wednesday,Breakfast,206,Sunny,32,Yes,Yes,No,165,103,62,48
2024-09-05,Thursday,Lunch,907,Sunny,37,No,No,No,866,785,81,42
2024-03-30,Saturday,Dinner,926,Stormy,21,No,No,Yes,947,877,70,20
2024-03-04,Monday,Breakfast,883,Sunny,39,No,No,No,892,837,55,18
2024-05-18,Saturday,Dinner,862,Cloudy,30,Yes,Yes,Yes,838,739,99,47
2024-08-10,Saturday,Breakfast,265,Cloudy,27,No,No,Yes,222,180,42,7
2024-01-17,Wednesday,Breakfast,615,Sunny,37,No,No,No,629,542,87,4
2024-12-10,Tuesday,Dinner,214,Stormy,24,No,Yes,No,175,155,20,12
2024-10-18,Friday,Breakfast,478,Stormy,27,Yes,Yes,No,502,481,21,13
2024-07-24,Wednesday,Dinner,931,Rainy,29,Yes,Yes,No,915,823,92,21
2024-06-07,Friday,Lunch,821,Rainy,29,Yes,No,No,809,758,51,28
2024-05-22,Wednesday,Lunch,577,Sunny,33,Yes,No,No,598,500,98,28
2024-11-11,Monday,Dinner,512,Sunny,36,Yes,No,No,506,437,69,17
2024-03-23,Saturday,Breakfast,405,Cloudy,30,Yes,No,Yes,428,367,61,45
2024-02-18,Sunday,Lunch,558,Stormy,21,No,Yes,Yes,591,528,63,55
2024-03-05,Tuesday,Lunch,346,Rainy,24,Yes,No,No,361,330,31,18
2024-10-12,Saturday,Dinner,395,Rainy,29,No,No,Yes,394,303,91,63
2024-08-23,Friday,Breakfast,744,Stormy,23,No,No,No,763,693,70,49
2024-01-21,Sunday,Breakfast,781,Rainy,24,No,No,Yes,767,682,85,68
2024-02-10,Saturday,Breakfast,204,Rainy,23,No,Yes,Yes,222,219,3,1
2024-11-23,Saturday,Breakfast,861,Cloudy,33,Yes,Yes,Yes,830,788,42,7
2024-10-02,Wednesday,Breakfast,216,Cloudy,31,Yes,Yes,No,217,193,24,13
2024-03-24,Sunday,Lunch,611,Stormy,24,No,No,Yes,638,577,61,22
2024-09-05,Thursday,Lunch,798,Rainy,25,No,Yes,No,765,704,61,13
2024-05-07,Tuesday,Breakfast,933,Cloudy,32,No,Yes,No,979,939,40,31
2024-01-24,Wednesday,Lunch,842,Cloudy,33,Yes,Yes,No,848,807,41,41
2024-01-13,Saturday,Lunch,256,Sunny,37,No,Yes,Yes,258,258,0,0
2024-11-02,Saturday,Breakfast,919,Cloudy,29,No,Yes,Yes,908,829,79,22
2024-07-12,Friday,Breakfast,533,Sunny,32,Yes,No,No,528,456,72,5
2024-05-12,Sunday,Breakfast,678,Stormy,27,Yes,No,Yes,716,642,74,46
2024-11-09,Saturday,Dinner,719,Sunny,38,No,No,Yes,710,632,78,72
2024-07-02,Tuesday,Breakfast,381,Cloudy,25,Yes,No,No,385,297,88,77
2024-08-15,Thursday,Dinner,720,Sunny,35,Yes,No,No,746,653,93,84
2024-08-31,Saturday,Dinner,574,Cloudy,28,Yes,No,Yes,554,549,5,5
2024-02-13,Tuesday,Breakfast,271,Rainy,30,No,No,No,292,223,69,68
2024-06-24,Monday,Dinner,950,Sunny,30,No,Yes,No,944,882,62,12
2024-06-15,Saturday,Dinner,808,Stormy,26,No,No,Yes,815,730,85,53
2024-10-24,Thursday,Dinner,344,Sunny,34,No,Yes,No,381,293,88,54
2024-11-13,Wednesday,Lunch,451,Rainy,26,Yes,Yes,No,409,347,62,12
2024-02-03,Saturday,Dinner,298,Sunny,36,No,No,Yes,296,239,57,51
2024-07-11,Thursday,Lunch,266,Cloudy,32,No,Yes,No,226,209,17,4
2024-07-31,Wednesday,Lunch,568,Rainy,22,No,Yes,No,582,519,63,42
2024-11-05,Tuesday,Dinner,453,Rainy,23,Yes,No,No,424,344,80,23
2024-05-10,Friday,Lunch,567,Stormy,20,No,No,No,602,544,58,27
2024-03-22,Friday,Lunch,443,Sunny,38,No,No,No,450,426,24,24
2024-04-03,Wednesday,Dinner,635,Cloudy,25,Yes,Yes,No,679,627,52,10
2024-01-15,Monday,Lunch,330,Cloudy,30,Yes,Yes,No,293,287,6,2
2024-03-12,Tuesday,Dinner,234,Stormy,23,Yes,No,No,211,111,100,49
2024-03-31,Sunday,Lunch,542,Stormy,21,No,No,Yes,532,445,87,5
2024-01-15,Monday,Lunch,394,Stormy,25,Yes,No,No,420,408,12,2
2024-10-05,Saturday,Lunch,707,Stormy,27,Yes,No,Yes,692,603,89,33
2024-02-06,Tuesday,Lunch,529,Rainy,22,No,No,No,526,469,57,57
2024-06-23,Sunday,Breakfast,643,Sunny,40,No,No,Yes,658,583,75,2
2024-12-23,Monday,Lunch,592,Rainy,30,No,No,No,546,545,1,1
2024-06-17,Monday,Lunch,229,Cloudy,27,No,Yes,No,237,147,90,25
2024-03-09,Saturday,Breakfast,938,Cloudy,29,No,No,Yes,890,890,0,0
2024-02-01,Thursday,Lunch,233,Stormy,25,Yes,Yes,No,258,211,47,28
2024-07-26,Friday,Breakfast,669,Sunny,38,Yes,Yes,No,699,678,21,0
2024-06-01,Saturday,Dinner,662,Cloudy,29,No,Yes,Yes,665,618,47,47
2024-02-25,Sunday,Lunch,370,Stormy,23,No,Yes,Yes,344,315,29,21
2024-05-22,Wednesday,Lunch,309,Cloudy,29,No,Yes,No,347,273,74,71
2024-07-05,Friday,Lunch,948,Sunny,30,Yes,No,No,969,924,45,15
2024-04-17,Wednesday,Breakfast,451,Cloudy,27,Yes,No,No,415,356,59,42
2024-06-08,Saturday,Breakfast,874,Cloudy,32,No,No,Yes,875,805,70,7
2024-09-05,Thursday,Breakfast,573,Rainy,30,No,No,No,574,534,40,33
2024-05-25,Saturday,Lunch,758,Cloudy,31,Yes,Yes,Yes,737,650,87,37
2024-05-20,Monday,Dinner,505,Rainy,28,Yes,Yes,No,490,443,47,38
2024-10-17,Thursday,Dinner,590,Stormy,27,No,No,No,608,508,100,92
2024-06-25,Tuesday,Dinner,362,Sunny,36,No,Yes,No,363,263,100,99
2024-03-06,Wednesday,Dinner,517,Rainy,23,Yes,Yes,No,520,483,37,35
2024-09-27,Friday,Lunch,559,Stormy,20,No,Yes,No,572,514,58,10
2024-01-04,Thursday,Dinner,557,Stormy,27,Yes,Yes,No,600,544,56,39
2024-02-12,Monday,Breakfast,728,Stormy,25,No,Yes,No,738,690,48,11
2024-11-03,Sunday,Lunch,554,Sunny,36,No,No,Yes,577,523,54,51
2024-07-26,Friday,Breakfast,663,Stormy,22,No,Yes,No,643,611,32,31
2024-12-13,Friday,Lunch,829,Cloudy,30,No,No,No,783,755,28,11
2024-01-20,Saturday,Lunch,434,Rainy,22,Yes,Yes,Yes,437,401,36,11
2024-10-29,Tuesday,Lunch,611,Cloudy,31,Yes,Yes,No,632,537,95,48
2024-07-14,Sunday,Dinner,322,Cloudy,27,No,Yes,Yes,291,233,58,33
2024-08-28,Wednesday,Breakfast,312,Cloudy,33,Yes,Yes,No,272,185,87,73
2024-05-08,Wednesday,Dinner,564,Rainy,29,No,No,No,554,546,8,2
2024-05-05,Sunday,Dinner,1000,Cloudy,30,No,Yes,Yes,953,901,52,28
2024-11-28,Thursday,Lunch,343,Sunny,33,Yes,Yes,No,380,349,31,8
2024-10-02,Wednesday,Dinner,741,Rainy,28,No,Yes,No,769,702,67,61
2024-09-02,Monday,Dinner,952,Rainy,27,No,No,No,977,911,66,47
2024-04-25,Thursday,Breakfast,958,Sunny,33,No,No,No,937,841,96,17
2024-07-16,Tuesday,Breakfast,403,Stormy,20,No,Yes,No,437,337,100,72
2024-03-25,Monday,Lunch,243,Rainy,27,No,Yes,No,285,284,1,0
2024-12-11,Wednesday,Dinner,775,Rainy,26,No,No,No,754,662,92,83
2024-07-30,Tuesday,Breakfast,776,Cloudy,27,No,Yes,No,805,790,15,13
2024-10-18,Friday,Breakfast,682,Rainy,24,No,No,No,729,670,59,44
2024-05-25,Saturday,Lunch,994,Stormy,22,No,Yes,Yes,958,930,28,7
2024-02-05,Monday,Dinner,705,Rainy,25,No,Yes,No,750,698,52,50
2024-12-16,Monday,Breakfast,318,Rainy,23,No,Yes,No,335,241,94,2
2024-04-21,Sunday,Breakfast,371,Rainy,24,Yes,No,Yes,337,307,30,23
2024-06-13,Thursday,Dinner,980,Cloudy,30,No,Yes,No,1003,995,8,8
2024-04-03,Wednesday,Breakfast,863,Rainy,29,Yes,Yes,No,830,759,71,62
2024-12-25,Wednesday,Dinner,255,Sunny,30,No,No,No,291,193,98,7
2024-09-26,Thursday,Lunch,871,Sunny,40,No,No,No,893,890,3,3
2024-04-15,Monday,Breakfast,807,Stormy,21,Yes,No,No,809,791,18,15
2024-11-24,Sunday,Breakfast,558,Sunny,34,No,No,Yes,518,508,10,0
2024-11-20,Wednesday,Lunch,587,Cloudy,25,No,Yes,No,598,566,32,4
2024-04-10,Wednesday,Lunch,237,Sunny,30,Yes,Yes,No,208,195,13,8
2024-07-20,Saturday,Lunch,705,Sunny,39,Yes,No,Yes,726,698,28,15
2024-01-09,Tuesday,Lunch,482,Cloudy,25,No,Yes,No,487,487,0,0
2024-05-26,Sunday,Lunch,205,Rainy,24,No,Yes,Yes,241,173,68,54
2024-10-05,Saturday,Lunch,562,Sunny,39,Yes,No,Yes,546,483,63,24
2024-04-20,Saturday,Breakfast,460,Cloudy,28,Yes,No,Yes,430,340,90,54
2024-10-24,Thursday,Breakfast,437,Stormy,23,No,Yes,No,425,335,90,30
2024-11-27,Wednesday,Dinner,989,Cloudy,32,Yes,Yes,No,991,914,77,11
2024-06-08,Saturday,Dinner,211,Stormy,25,Yes,No,Yes,199,169,30,9
2024-07-13,Saturday,Lunch,463,Stormy,21,Yes,No,Yes,507,472,35,5
2024-04-11,Thursday,Lunch,896,Stormy,27,Yes,Yes,No,927,887,40,5
2024-06-13,Thursday,Dinner,581,Stormy,25,No,Yes,No,570,477,93,44
2024-08-20,Tuesday,Breakfast,975,Stormy,28,Yes,Yes,No,998,960,38,13
2024-08-15,Thursday,Dinner,424,Stormy,26,No,No,No,469,376,93,6
2024-11-17,Sunday,Dinner,417,Sunny,40,No,No,Yes,424,361,63,35
2024-01-15,Monday,Lunch,876,Stormy,23,No,No,No,916,843,73,63
2024-04-20,Saturday,Dinner,443,Rainy,22,No,Yes,Yes,472,458,14,1
2024-02-24,Saturday,Dinner,943,Stormy,21,Yes,No,Yes,971,951,20,3
2024-03-27,Wednesday,Lunch,948,Sunny,39,Yes,No,No,898,870,28,10
2024-04-27,Saturday,Lunch,528,Sunny,36,No,Yes,Yes,489,478,11,3
2024-11-16,Saturday,Breakfast,491,Cloudy,27,No,No,Yes,529,436,93,17
2024-09-03,Tuesday,Breakfast,984,Cloudy,27,No,Yes,No,958,866,92,78
2024-11-21,Thursday,Breakfast,761,Rainy,25,Yes,No,No,787,735,52,47
2024-08-03,Saturday,Lunch,200,Rainy,25,Yes,Yes,Yes,176,173,3,0
2024-04-15,Monday,Lunch,367,Cloudy,30,No,Yes,No,413,326,87,14
2024-08-13,Tuesday,Breakfast,655,Stormy,27,No,Yes,No,610,523,87,52
2024-10-03,Thursday,Lunch,617,Rainy,28,Yes,No,No,646,610,36,12
2024-04-20,Saturday,Lunch,259,Rainy,27,Yes,Yes,Yes,251,245,6,5
2024-08-31,Saturday,Lunch,309,Rainy,27,Yes,No,Yes,267,237,30,6
2024-05-16,Thursday,Breakfast,706,Stormy,28,No,No,No,754,749,5,2
2024-05-19,Sunday,Breakfast,491,Sunny,38,Yes,No,Yes,485,407,78,73
2024-10-08,Tuesday,Lunch,942,Sunny,37,Yes,No,No,990,917,73,42
2024-10-31,Thursday,Dinner,910,Stormy,26,Yes,Yes,No,959,877,82,75
2024-03-14,Thursday,Dinner,827,Stormy,24,No,Yes,No,792,722,70,39
2024-02-25,Sunday,Lunch,232,Cloudy,26,Yes,Yes,Yes,276,246,30,13
2024-03-29,Friday,Breakfast,642,Stormy,28,No,No,No,672,588,84,59
2024-03-03,Sunday,Lunch,600,Cloudy,25,Yes,Yes,Yes,585,531,54,41
2024-09-26,Thursday,Dinner,977,Rainy,29,Yes,Yes,No,941,906,35,31
2024-05-14,Tuesday,Dinner,262,Rainy,25,No,No,No,214,214,0,0
2024-11-02,Saturday,Breakfast,563,Stormy,22,No,No,Yes,541,483,58,3
2024-02-14,Wednesday,Lunch,753,Rainy,22,Yes,No,No,723,703,20,12
2024-01-06,Saturday,Lunch,844,Sunny,33,No,Yes,Yes,855,787,68,4
2024-11-09,Saturday,Lunch,435,Rainy,28,Yes,Yes,Yes,470,403,67,64
2024-02-27,Tuesday,Lunch,333,Rainy,30,No,No,No,357,324,33,23
2024-10-06,Sunday,Lunch,926,Cloudy,30,No,No,Yes,883,864,19,13
2024-08-03,Saturday,Lunch,690,Sunny,39,Yes,Yes,Yes,736,704,32,15
2024-11-05,Tuesday,Dinner,933,Stormy,24,Yes,Yes,No,945,913,32,5
2024-09-01,Sunday,Lunch,488,Cloudy,32,No,Yes,Yes,516,454,62,15
2024-12-11,Wednesday,Dinner,810,Cloudy,28,Yes,Yes,No,815,765,50,26
2024-02-09,Friday,Dinner,498,Stormy,22,Yes,No,No,468,429,39,24
2024-03-02,Saturday,Dinner,364,Stormy,23,No,Yes,Yes,345,332,13,0
2024-04-01,Monday,Lunch,360,Sunny,30,No,No,No,358,259,99,70
2024-03-27,Wednesday,Dinner,718,Rainy,27,Yes,Yes,No,689,617,72,72
2024-12-20,Friday,Lunch,685,Sunny,37,No,No,No,654,651,3,1
2024-01-04,Thursday,Breakfast,873,Rainy,28,Yes,No,No,826,757,69,30
2024-04-06,Saturday,Lunch,904,Stormy,23,No,No,Yes,910,870,40,26
2024-09-30,Monday,Dinner,368,Cloudy,26,No,No,No,347,283,64,48
2024-08-27,Tuesday,Breakfast,822,Rainy,24,Yes,Yes,No,870,861,9,8
2024-11-05,Tuesday,Breakfast,865,Sunny,35,No,Yes,No,835,755,80,6
2024-08-19,Monday,Breakfast,821,Cloudy,32,Yes,No,No,819,757,62,27
2024-11-26,Tuesday,Dinner,370,Stormy,26,Yes,Yes,No,366,342,24,19
2024-08-02,Friday,Dinner,419,Sunny,35,Yes,Yes,No,444,431,13,7
2024-01-11,Thursday,Breakfast,730,Cloudy,30,No,No,No,689,680,9,1
2024-05-07,Tuesday,Breakfast,565,Stormy,20,No,Yes,No,564,554,10,6
2024-05-25,Saturday,Breakfast,596,Sunny,34,Yes,Yes,Yes,602,510,92,90
2024-05-17,Friday,Breakfast,451,Sunny,35,Yes,No,No,451,424,27,22
2024-08-27,Tuesday,Lunch,751,Rainy,28,No,Yes,No,727,643,84,31
2024-07-25,Thursday,Lunch,656,Sunny,30,No,Yes,No,697,672,25,6
2024-12-08,Sunday,Dinner,382,Cloudy,26,No,Yes,Yes,355,289,66,7
2024-06-11,Tuesday,Lunch,642,Stormy,24,Yes,No,No,681,656,25,17
2024-09-06,Friday,Dinner,300,Sunny,37,No,No,No,303,215,88,0
2024-11-08,Friday,Lunch,412,Sunny,36,Yes,Yes,No,402,363,39,19
2024-09-19,Thursday,Dinner,826,Rainy,30,Yes,No,No,781,762,19,15
2024-03-06,Wednesday,Breakfast,376,Stormy,24,Yes,Yes,No,399,359,40,29
2024-08-06,Tuesday,Lunch,340,Cloudy,28,Yes,Yes,No,354,346,8,3
2024-11-29,Friday,Breakfast,231,Sunny,39,Yes,No,No,212,178,34,17
2024-10-22,Tuesday,Dinner,511,Cloudy,33,Yes,Yes,No,479,387,92,61
2024-01-22,Monday,Lunch,507,Rainy,28,Yes,No,No,490,416,74,16
2024-08-05,Monday,Lunch,765,Sunny,38,Yes,Yes,No,716,711,5,0
2024-10-08,Tuesday,Lunch,511,Rainy,30,Yes,Yes,No,498,461,37,6
2024-02-24,Saturday,Lunch,349,Cloudy,25,No,No,Yes,393,346,47,40
2024-02-16,Friday,Breakfast,955,Sunny,35,No,No,No,906,895,11,5
2024-08-02,Friday,Breakfast,744,Cloudy,30,Yes,No,No,716,646,70,56
2024-02-01,Thursday,Lunch,676,Stormy,25,No,Yes,No,724,691,33,13
2024-05-23,Thursday,Lunch,665,Rainy,24,No,Yes,No,712,700,12,7
2024-08-07,Wednesday,Lunch,703,Rainy,26,No,No,No,753,691,62,36
2024-12-16,Monday,Lunch,804,Sunny,36,No,Yes,No,755,750,5,2
2024-09-21,Saturday,Breakfast,959,Cloudy,33,No,No,Yes,946,895,51,33
2024-03-10,Sunday,Dinner,505,Stormy,22,Yes,No,Yes,480,465,15,0
2024-04-19,Friday,Breakfast,823,Cloudy,29,No,Yes,No,784,720,64,49
2024-10-25,Friday,Breakfast,902,Rainy,26,Yes,Yes,No,938,880,58,54
2024-10-27,Sunday,Lunch,421,Stormy,28,No,Yes,Yes,389,355,34,15
2024-09-03,Tuesday,Lunch,910,Stormy,26,No,No,No,863,763,100,47
2024-04-07,Sunday,Lunch,900,Stormy,21,No,No,Yes,873,845,28,26
2024-04-02,Tuesday,Breakfast,379,Cloudy,26,Yes,Yes,No,334,315,19,12
2024-11-12,Tuesday,Dinner,349,Cloudy,28,No,No,No,396,344,52,9
2024-08-25,Sunday,Breakfast,365,Rainy,24,No,No,Yes,339,333,6,4
2024-05-31,Friday,Breakfast,571,Rainy,28,Yes,No,No,588,573,15,7
2024-12-14,Saturday,Lunch,786,Cloudy,31,Yes,No,Yes,760,720,40,18
2024-04-18,Thursday,Breakfast,306,Sunny,40,Yes,No,No,272,179,93,22
2024-04-24,Wednesday,Breakfast,795,Cloudy,32,No,No,No,827,819,8,4
2024-11-25,Monday,Lunch,735,Sunny,30,Yes,Yes,No,696,688,8,1
2024-09-08,Sunday,Lunch,485,Rainy,29,No,Yes,Yes,471,393,78,12
2024-12-03,Tuesday,Breakfast,503,Cloudy,33,Yes,No,No,494,477,17,3
2024-11-17,Sunday,Dinner,603,Stormy,26,Yes,Yes,Yes,640,594,46,5
2024-12-26,Thursday,Breakfast,434,Cloudy,28,No,Yes,No,474,395,79,14
2024-10-19,Saturday,Lunch,355,Rainy,23,Yes,No,Yes,386,326,60,28
2024-10-01,Tuesday,Dinner,720,Cloudy,25,No,Yes,No,697,646,51,8
2024-07-08,Monday,Lunch,506,Cloudy,33,No,Yes,No,463,389,74,20
2024-01-04,Thursday,Lunch,268,Cloudy,28,No,No,No,257,177,80,37
2024-10-26,Saturday,Dinner,935,Cloudy,25,No,No,Yes,965,871,94,34
2024-06-05,Wednesday,Breakfast,859,Rainy,30,Yes,No,No,857,764,93,66
2024-12-01,Sunday,Lunch,333,Sunny,36,Yes,Yes,Yes,360,276,84,5
2024-08-22,Thursday,Lunch,825,Sunny,40,No,No,No,870,783,87,3
2024-07-11,Thursday,Dinner,456,Sunny,34,No,Yes,No,413,352,61,14
2024-12-11,Wednesday,Dinner,727,Stormy,21,No,No,No,742,717,25,17
2024-02-19,Monday,Dinner,601,Rainy,25,No,Yes,No,583,498,85,24
2024-09-14,Saturday,Dinner,712,Stormy,21,Yes,No,Yes,758,679,79,48
2024-10-10,Thursday,Breakfast,234,Stormy,28,Yes,Yes,No,197,152,45,3
2024-08-21,Wednesday,Breakfast,222,Cloudy,25,Yes,Yes,No,232,167,65,14
2024-10-27,Sunday,Lunch,487,Stormy,20,Yes,Yes,Yes,450,372,78,45
2024-06-20,Thursday,Lunch,715,Rainy,23,Yes,Yes,No,743,720,23,13
2024-03-08,Friday,Lunch,940,Stormy,22,Yes,No,No,925,848,77,48
2024-01-12,Friday,Dinner,521,Rainy,28,Yes,No,No,471,381,90,59
2024-07-13,Saturday,Lunch,571,Cloudy,33,No,Yes,Yes,578,501,77,11
2024-12-26,Thursday,Dinner,750,Rainy,29,No,No,No,762,682,80,57
2024-07-14,Sunday,Breakfast,988,Stormy,24,Yes,No,Yes,974,969,5,0
2024-10-07,Monday,Lunch,860,Stormy,25,No,No,No,890,848,42,31
2024-05-06,Monday,Lunch,487,Rainy,28,No,No,No,474,463,11,2
2024-08-14,Wednesday,Lunch,453,Rainy,23,Yes,Yes,No,479,459,20,14
2024-04-10,Wednesday,Lunch,524,Stormy,24,No,Yes,No,536,450,86,11
2024-01-06,Saturday,Breakfast,398,Cloudy,33,Yes,No,Yes,434,365,69,10
2024-11-07,Thursday,Breakfast,451,Sunny,32,Yes,No,No,498,475,23,5
2024-12-26,Thursday,Breakfast,726,Stormy,28,No,Yes,No,753,750,3,2
2024-07-25,Thursday,Dinner,918,Stormy,24,No,Yes,No,883,849,34,17
2024-07-28,Sunday,Breakfast,946,Sunny,37,Yes,No,Yes,907,905,2,1
2024-02-15,Thursday,Dinner,615,Stormy,26,No,Yes,No,588,584,4,1
2024-11-11,Monday,Breakfast,327,Cloudy,31,No,Yes,No,322,245,77,52
2024-11-23,Saturday,Lunch,813,Rainy,30,No,Yes,Yes,805,746,59,20
2024-05-30,Thursday,Lunch,701,Cloudy,30,No,No,No,654,634,20,4
2024-04-24,Wednesday,Dinner,688,Rainy,26,Yes,Yes,No,693,693,0,0
2024-04-28,Sunday,Lunch,387,Rainy,30,No,Yes,Yes,353,349,4,0
2024-07-12,Friday,Lunch,854,Sunny,34,Yes,No,No,891,873,18,0
2024-10-21,Monday,Breakfast,750,Cloudy,25,No,No,No,771,769,2,1
2024-08-26,Monday,Breakfast,697,Cloudy,27,Yes,Yes,No,699,696,3,3
2024-08-16,Friday,Dinner,964,Sunny,31,Yes,No,No,963,877,86,5
2024-08-26,Monday,Dinner,238,Rainy,26,No,Yes,No,205,141,64,38
2024-03-17,Sunday,Dinner,661,Sunny,40,Yes,Yes,Yes,678,665,13,11
2024-02-08,Thursday,Dinner,752,Sunny,33,No,Yes,No,786,692,94,44
2024-04-21,Sunday,Breakfast,349,Cloudy,27,No,Yes,Yes,334,279,55,3
2024-10-20,Sunday,Lunch,753,Rainy,27,No,Yes,Yes,730,677,53,42
2024-01-19,Friday,Dinner,325,Rainy,29,Yes,No,No,356,277,79,37
2024-08-01,Thursday,Lunch,210,Rainy,24,Yes,Yes,No,258,226,32,8
2024-09-03,Tuesday,Dinner,439,Stormy,21,Yes,No,No,485,424,61,31
2024-05-13,Monday,Breakfast,918,Rainy,24,No,No,No,942,844,98,97
2024-08-02,Friday,Breakfast,872,Rainy,29,No,Yes,No,916,826,90,89
2024-09-05,Thursday,Breakfast,800,Stormy,24,No,Yes,No,830,741,89,69
2024-01-12,Friday,Breakfast,582,Stormy,23,Yes,No,No,586,503,83,71
2024-02-21,Wednesday,Dinner,888,Stormy,26,No,Yes,No,852,785,67,19
2024-10-31,Thursday,Dinner,280,Stormy,25,Yes,No,No,285,244,41,2
2024-03-17,Sunday,Breakfast,990,Sunny,38,Yes,Yes,Yes,1006,947,59,55
2024-02-11,Sunday,Dinner,343,Sunny,30,Yes,No,Yes,341,252,89,7
2024-03-12,Tuesday,Dinner,389,Cloudy,33,Yes,Yes,No,357,354,3,2
2024-05-24,Friday,Dinner,651,Sunny,30,No,No,No,668,630,38,1
2024-04-10,Wednesday,Lunch,654,Cloudy,25,Yes,Yes,No,649,570,79,71
2024-04-25,Thursday,Breakfast,504,Stormy,26,Yes,Yes,No,507,463,44,33
2024-12-22,Sunday,Lunch,828,Sunny,37,Yes,No,Yes,831,739,92,34
2024-07-05,Friday,Dinner,852,Rainy,28,No,Yes,No,896,867,29,13
2024-11-15,Friday,Lunch,656,Stormy,26,Yes,Yes,No,616,574,42,5
2024-11-17,Sunday,Dinner,646,Cloudy,29,Yes,No,Yes,657,642,15,3
2024-04-22,Monday,Lunch,430,Sunny,37,No,Yes,No,401,313,88,48
2024-12-19,Thursday,Breakfast,677,Sunny,39,No,Yes,No,703,640,63,6
2024-09-08,Sunday,Lunch,343,Rainy,26,No,No,Yes,338,249,89,34
2024-02-28,Wednesday,Breakfast,371,Stormy,20,No,Yes,No,383,296,87,24
2024-08-26,Monday,Dinner,725,Sunny,33,Yes,Yes,No,682,641,41,13
2024-06-30,Sunday,Dinner,373,Rainy,25,Yes,No,Yes,385,307,78,56
2024-04-09,Tuesday,Breakfast,961,Stormy,27,No,Yes,No,992,952,40,36
2024-07-01,Monday,Breakfast,795,Sunny,38,Yes,Yes,No,791,713,78,26
2024-12-31,Tuesday,Dinner,218,Sunny,40,No,Yes,No,261,185,76,42
2024-03-11,Monday,Breakfast,417,Cloudy,30,No,Yes,No,401,344,57,26
2024-10-08,Tuesday,Breakfast,483,Stormy,28,Yes,No,No,447,380,67,38
2024-10-06,Sunday,Breakfast,251,Rainy,23,Yes,Yes,Yes,285,198,87,11
2024-05-01,Wednesday,Breakfast,289,Sunny,37,Yes,No,No,324,316,8,4
2024-06-22,Saturday,Lunch,892,Cloudy,29,Yes,Yes,Yes,842,763,79,27
2024-02-07,Wednesday,Breakfast,538,Sunny,37,No,Yes,No,574,543,31,0
2024-02-25,Sunday,Breakfast,582,Rainy,28,Yes,No,Yes,621,612,9,9
2024-09-10,Tuesday,Breakfast,260,Stormy,22,No,No,No,224,167,57,30
2024-04-19,Friday,Dinner,264,Cloudy,25,No,No,No,303,295,8,8
2024-11-11,Monday,Lunch,485,Rainy,30,No,No,No,447,418,29,17
2024-11-13,Wednesday,Lunch,431,Sunny,31,No,No,No,422,412,10,5
2024-03-30,Saturday,Breakfast,570,Rainy,30,Yes,No,Yes,587,492,95,31
2024-10-18,Friday,Lunch,810,Rainy,30,No,Yes,No,785,711,74,46
2024-10-04,Friday,Dinner,690,Sunny,37,No,No,No,656,563,93,42
2024-09-16,Monday,Dinner,716,Rainy,27,No,No,No,735,733,2,1
2024-12-20,Friday,Dinner,937,Rainy,22,Yes,No,No,937,857,80,14
2024-12-06,Friday,Breakfast,220,Stormy,25,No,No,No,238,216,22,1
2024-07-23,Tuesday,Lunch,967,Stormy,23,Yes,No,No,991,931,60,29
2024-03-26,Tuesday,Lunch,201,Rainy,22,Yes,No,No,210,161,49,21
2024-08-16,Friday,Breakfast,974,Sunny,39,Yes,Yes,No,999,930,69,65
2024-11-14,Thursday,Breakfast,358,Rainy,28,Yes,No,No,337,258,79,6
2024-10-25,Friday,Lunch,629,Stormy,22,Yes,Yes,No,610,565,45,5
2024-09-14,Saturday,Breakfast,715,Cloudy,26,Yes,Yes,Yes,718,689,29,14
2024-10-08,Tuesday,Breakfast,364,Sunny,31,No,No,No,390,298,92,59
2024-12-11,Wednesday,Dinner,575,Stormy,25,Yes,No,No,543,448,95,93
2024-04-11,Thursday,Dinner,813,Cloudy,27,No,No,No,830,766,64,31
2024-08-09,Friday,Lunch,703,Rainy,28,Yes,Yes,No,695,648,47,32
2024-09-28,Saturday,Lunch,835,Rainy,30,No,Yes,Yes,882,845,37,4
2024-01-13,Saturday,Breakfast,927,Stormy,23,No,No,Yes,923,907,16,13
2024-05-16,Thursday,Dinner,410,Sunny,38,Yes,No,No,370,367,3,2
2024-04-18,Thursday,Dinner,739,Sunny,34,Yes,No,No,702,640,62,16
2024-06-25,Tuesday,Dinner,876,Rainy,30,Yes,Yes,No,923,870,53,23
2024-10-29,Tuesday,Lunch,647,Cloudy,25,No,Yes,No,679,659,20,0
2024-01-22,Monday,Breakfast,431,Stormy,28,Yes,No,No,447,369,78,35
2024-08-03,Saturday,Breakfast,982,Rainy,27,Yes,Yes,Yes,996,981,15,5
2024-11-17,Sunday,Dinner,833,Sunny,40,No,Yes,Yes,795,722,73,3
2024-04-01,Monday,Dinner,989,Sunny,35,No,Yes,No,941,891,50,26
2024-11-01,Friday,Dinner,837,Cloudy,26,No,No,No,854,770,84,80
2024-11-29,Friday,Breakfast,862,Stormy,26,No,Yes,No,877,845,32,24
2024-08-06,Tuesday,Lunch,763,Sunny,36,Yes,No,No,801,714,87,20
2024-01-21,Sunday,Lunch,809,Sunny,30,Yes,No,Yes,802,703,99,85
2024-09-08,Sunday,Lunch,780,Cloudy,26,No,No,Yes,781,716,65,12
2024-04-08,Monday,Breakfast,947,Sunny,36,Yes,No,No,992,949,43,18
2024-05-18,Saturday,Breakfast,462,Rainy,25,Yes,Yes,Yes,469,413,56,46
2024-08-31,Saturday,Dinner,721,Cloudy,28,No,Yes,Yes,692,643,49,1
2024-05-08,Wednesday,Dinner,906,Stormy,20,Yes,Yes,No,921,835,86,75
2024-12-10,Tuesday,Lunch,957,Stormy,24,Yes,No,No,995,947,48,11
2024-10-20,Sunday,Dinner,547,Cloudy,26,No,Yes,Yes,559,490,69,50
2024-07-15,Monday,Dinner,405,Stormy,28,No,No,No,366,362,4,1
2024-01-28,Sunday,Breakfast,878,Rainy,22,Yes,No,Yes,873,863,10,1
2024-01-24,Wednesday,Dinner,890,Stormy,22,Yes,Yes,No,842,795,47,6
2024-11-03,Sunday,Dinner,274,Rainy,22,Yes,Yes,Yes,230,188,42,23
2024-12-09,Monday,Breakfast,745,Sunny,31,No,No,No,768,722,46,44
2024-07-26,Friday,Dinner,556,Sunny,35,No,Yes,No,517,448,69,17
2024-02-24,Saturday,Breakfast,231,Cloudy,28,No,Yes,Yes,258,192,66,62
2024-07-17,Wednesday,Dinner,261,Rainy,22,No,Yes,No,293,225,68,53
2024-11-18,Monday,Breakfast,623,Cloudy,28,Yes,Yes,No,601,566,35,23
2024-05-08,Wednesday,Dinner,609,Sunny,34,Yes,Yes,No,631,580,51,25
2024-09-16,Monday,Dinner,994,Rainy,30,Yes,No,No,1010,997,13,0
2024-07-09,Tuesday,Breakfast,856,Stormy,24,No,No,No,823,761,62,17
2024-04-30,Tuesday,Breakfast,395,Rainy,26,Yes,No,No,378,326,52,13
2024-03-17,Sunday,Breakfast,668,Sunny,38,Yes,Yes,Yes,692,651,41,14
2024-10-17,Thursday,Dinner,419,Rainy,26,Yes,No,No,469,449,20,6
2024-03-16,Saturday,Lunch,710,Rainy,30,Yes,No,Yes,690,626,64,28
2024-10-21,Monday,Breakfast,687,Cloudy,31,No,Yes,No,689,606,83,43
2024-10-31,Thursday,Breakfast,881,Cloudy,33,Yes,Yes,No,890,886,4,1
2024-09-29,Sunday,Dinner,608,Rainy,27,Yes,Yes,Yes,605,584,21,20
2024-03-23,Saturday,Breakfast,569,Stormy,25,No,Yes,Yes,524,476,48,38
2024-09-30,Monday,Breakfast,520,Cloudy,27,No,No,No,484,482,2,0
2024-06-26,Wednesday,Breakfast,368,Sunny,34,Yes,No,No,363,293,70,49
2024-06-08,Saturday,Dinner,816,Sunny,40,No,Yes,Yes,831,750,81,15
2024-08-27,Tuesday,Lunch,521,Cloudy,26,No,No,No,513,449,64,7
2024-03-20,Wednesday,Lunch,417,Cloudy,28,Yes,Yes,No,444,354,90,24
2024-10-04,Friday,Dinner,838,Stormy,28,No,Yes,No,852,816,36,0
2024-03-02,Saturday,Dinner,696,Stormy,24,Yes,Yes,Yes,717,709,8,1
2024-07-13,Saturday,Breakfast,682,Stormy,26,No,Yes,Yes,682,654,28,3
2024-06-23,Sunday,Lunch,384,Cloudy,26,Yes,Yes,Yes,385,364,21,19
2024-05-24,Friday,Breakfast,856,Rainy,27,No,Yes,No,877,833,44,42
2024-03-20,Wednesday,Breakfast,615,Rainy,28,No,Yes,No,596,505,91,2
2024-07-13,Saturday,Dinner,705,Sunny,38,No,Yes,Yes,681,636,45,4
2024-07-22,Monday,Dinner,246,Cloudy,28,Yes,No,No,240,240,0,0
2024-09-24,Tuesday,Lunch,506,Rainy,27,Yes,No,No,475,381,94,68
2024-06-16,Sunday,Dinner,801,Sunny,38,No,Yes,Yes,768,741,27,10
2024-01-08,Monday,Lunch,456,Rainy,23,Yes,No,No,465,369,96,51
2024-10-09,Wednesday,Dinner,967,Rainy,22,Yes,Yes,No,966,917,49,38
2024-03-22,Friday,Breakfast,801,Cloudy,25,Yes,No,No,784,710,74,71
2024-09-13,Friday,Lunch,712,Sunny,30,Yes,Yes,No,760,690,70,1
2024-11-11,Monday,Lunch,621,Cloudy,31,No,No,No,626,612,14,6
2024-07-06,Saturday,Lunch,317,Sunny,38,No,Yes,Yes,309,213,96,67
2024-07-11,Thursday,Breakfast,944,Stormy,20,Yes,Yes,No,929,868,61,16
2024-11-27,Wednesday,Dinner,310,Cloudy,33,No,No,No,334,248,86,3
2024-06-10,Monday,Lunch,881,Cloudy,26,Yes,No,No,916,874,42,13
2024-03-25,Monday,Dinner,608,Cloudy,25,No,Yes,No,593,504,89,62
2024-12-26,Thursday,Breakfast,575,Cloudy,26,Yes,No,No,593,524,69,20
2024-11-08,Friday,Lunch,627,Cloudy,29,Yes,No,No,582,574,8,5
2024-11-27,Wednesday,Breakfast,703,Sunny,33,No,Yes,No,742,666,76,46
2024-10-12,Saturday,Dinner,896,Stormy,27,Yes,No,Yes,942,862,80,28
2024-12-31,Tuesday,Dinner,426,Rainy,24,Yes,No,No,476,423,53,49
2024-10-22,Tuesday,Breakfast,756,Rainy,26,No,Yes,No,763,716,47,26
2024-05-14,Tuesday,Lunch,519,Rainy,29,Yes,Yes,No,556,500,56,16
2024-07-18,Thursday,Lunch,725,Cloudy,33,No,Yes,No,715,669,46,14
2024-08-02,Friday,Lunch,752,Rainy,26,No,Yes,No,715,683,32,10
2024-08-27,Tuesday,Lunch,631,Sunny,38,Yes,No,No,665,587,78,41
2024-04-15,Monday,Breakfast,907,Stormy,21,No,Yes,No,932,907,25,19
2024-04-24,Wednesday,Dinner,274,Sunny,35,No,No,No,300,296,4,4
2024-05-17,Friday,Dinner,759,Cloudy,29,No,Yes,No,801,720,81,43
2024-02-15,Thursday,Lunch,272,Stormy,23,No,Yes,No,306,265,41,38
2024-03-30,Saturday,Breakfast,294,Cloudy,28,No,No,Yes,271,187,84,67
2024-12-17,Tuesday,Lunch,301,Rainy,27,No,No,No,349,254,95,47
2024-02-09,Friday,Dinner,618,Sunny,37,No,No,No,584,502,82,50
2024-02-07,Wednesday,Lunch,382,Stormy,28,No,Yes,No,405,348,57,6
2024-10-03,Thursday,Breakfast,456,Rainy,24,No,No,No,464,377,87,9
2024-12-15,Sunday,Dinner,417,Stormy,22,No,No,Yes,457,417,40,33
2024-12-28,Saturday,Lunch,412,Stormy,21,No,No,Yes,362,295,67,63
2024-09-28,Saturday,Dinner,808,Rainy,25,No,No,Yes,809,801,8,7
2024-10-23,Wednesday,Lunch,969,Cloudy,28,Yes,No,No,947,859,88,67
2024-07-22,Monday,Dinner,486,Cloudy,30,Yes,No,No,464,404,60,46
2024-08-02,Friday,Breakfast,452,Rainy,28,No,Yes,No,464,375,89,41
2024-04-14,Sunday,Lunch,780,Cloudy,32,Yes,Yes,Yes,817,807,10,4
2024-08-19,Monday,Lunch,501,Stormy,26,Yes,Yes,No,505,455,50,47
2024-09-14,Saturday,Dinner,341,Sunny,40,No,Yes,Yes,332,299,33,28
2024-02-16,Friday,Dinner,591,Sunny,30,No,No,No,558,537,21,18
2024-10-04,Friday,Dinner,536,Stormy,24,Yes,No,No,583,518,65,30
2024-07-31,Wednesday,Lunch,907,Cloudy,32,No,Yes,No,913,855,58,51
2024-07-28,Sunday,Lunch,534,Stormy,26,Yes,Yes,Yes,542,451,91,81
2024-09-30,Monday,Lunch,300,Stormy,23,No,Yes,No,322,236,86,0
2024-09-10,Tuesday,Lunch,214,Rainy,25,No,No,No,186,124,62,43
2024-05-28,Tuesday,Breakfast,452,Cloudy,32,Yes,Yes,No,418,364,54,17
2024-04-09,Tuesday,Breakfast,696,Sunny,39,No,No,No,712,661,51,1
2024-09-19,Thursday,Breakfast,828,Sunny,31,No,Yes,No,800,773,27,4
2024-11-17,Sunday,Breakfast,857,Rainy,29,No,Yes,Yes,884,825,59,3
2024-05-08,Wednesday,Lunch,542,Stormy,25,Yes,No,No,530,519,11,4
2024-11-13,Wednesday,Breakfast,949,Stormy,21,Yes,Yes,No,956,880,76,14
2024-12-15,Sunday,Dinner,746,Rainy,23,No,Yes,Yes,706,700,6,6
2024-09-15,Sunday,Breakfast,933,Cloudy,33,No,Yes,Yes,973,912,61,26
2024-09-20,Friday,Breakfast,642,Sunny,36,No,No,No,597,554,43,17
2024-07-26,Friday,Breakfast,525,Cloudy,32,No,Yes,No,564,534,30,26
2024-02-18,Sunday,Dinner,264,Sunny,38,Yes,No,Yes,268,197,71,67
2024-05-25,Saturday,Breakfast,664,Stormy,23,No,Yes,Yes,649,571,78,22
2024-07-19,Friday,Breakfast,235,Cloudy,30,Yes,Yes,No,203,175,28,22
2024-06-17,Monday,Breakfast,861,Stormy,22,No,No,No,844,806,38,0
2024-04-11,Thursday,Dinner,415,Rainy,25,No,Yes,No,442,381,61,43
2024-01-25,Thursday,Dinner,421,Stormy,22,Yes,Yes,No,461,374,87,17
2024-03-11,Monday,Lunch,407,Cloudy,27,No,No,No,415,412,3,0
2024-07-21,Sunday,Lunch,204,Rainy,27,Yes,No,Yes,170,149,21,6
2024-02-08,Thursday,Breakfast,687,Rainy,23,Yes,Yes,No,642,561,81,68
2024-04-05,Friday,Lunch,907,Rainy,24,No,No,No,867,834,33,32
2024-09-15,Sunday,Dinner,467,Cloudy,27,Yes,Yes,Yes,446,405,41,36
2024-01-09,Tuesday,Dinner,685,Stormy,26,No,Yes,No,727,652,75,6
2024-04-03,Wednesday,Dinner,982,Rainy,24,Yes,No,No,973,892,81,57
2024-07-05,Friday,Lunch,796,Sunny,37,No,No,No,774,738,36,11
2024-06-22,Saturday,Breakfast,574,Sunny,37,No,Yes,Yes,566,503,63,47
2024-04-19,Friday,Lunch,450,Cloudy,29,No,No,No,497,408,89,58
2024-04-05,Friday,Breakfast,380,Sunny,39,No,No,No,384,325,59,12
2024-09-15,Sunday,Lunch,954,Rainy,27,No,No,Yes,977,966,11,10
2024-10-17,Thursday,Breakfast,693,Sunny,31,No,No,No,643,555,88,66
2024-12-06,Friday,Breakfast,786,Stormy,21,Yes,Yes,No,788,732,56,42
2024-06-12,Wednesday,Dinner,897,Sunny,39,Yes,Yes,No,866,857,9,9
2024-11-30,Saturday,Breakfast,449,Sunny,31,Yes,No,Yes,437,411,26,14
2024-06-04,Tuesday,Breakfast,238,Stormy,23,No,No,No,219,183,36,30
2024-03-31,Sunday,Breakfast,331,Stormy,24,Yes,No,Yes,359,311,48,18
2024-06-11,Tuesday,Lunch,414,Rainy,26,No,No,No,459,363,96,12
2024-01-07,Sunday,Lunch,628,Cloudy,29,Yes,No,Yes,611,584,27,25
2024-07-18,Thursday,Dinner,431,Cloudy,30,Yes,No,No,436,400,36,21
2024-09-22,Sunday,Lunch,746,Cloudy,27,Yes,Yes,Yes,796,770,26,8
2024-08-03,Saturday,Lunch,797,Stormy,27,Yes,No,Yes,832,742,90,77
2024-12-22,Sunday,Lunch,497,Rainy,26,No,Yes,Yes,448,435,13,8
2024-04-07,Sunday,Breakfast,618,Rainy,28,Yes,No,Yes,582,520,62,28
2024-06-10,Monday,Breakfast,769,Rainy,25,No,Yes,No,721,621,100,68
2024-10-14,Monday,Breakfast,511,Rainy,29,Yes,No,No,526,451,75,0
2024-11-06,Wednesday,Lunch,760,Sunny,40,No,Yes,No,717,690,27,2
2024-12-02,Monday,Dinner,559,Cloudy,31,No,No,No,516,511,5,5
2024-06-17,Monday,Breakfast,964,Cloudy,25,Yes,Yes,No,967,943,24,11
2024-11-17,Sunday,Dinner,954,Rainy,22,No,Yes,Yes,984,957,27,9
2024-12-06,Friday,Breakfast,850,Sunny,37,No,No,No,806,802,4,4
2024-11-02,Saturday,Breakfast,708,Rainy,30,No,Yes,Yes,690,686,4,4
2024-05-23,Thursday,Lunch,496,Stormy,27,No,No,No,488,389,99,60
2024-03-31,Sunday,Lunch,772,Cloudy,30,No,No,Yes,780,711,69,57
2024-09-06,Friday,Breakfast,216,Sunny,31,Yes,Yes,No,181,141,40,12
2024-03-07,Thursday,Dinner,750,Sunny,30,Yes,Yes,No,769,748,21,7
2024-12-15,Sunday,Lunch,957,Rainy,26,No,Yes,Yes,1001,970,31,0
2024-07-18,Thursday,Lunch,255,Stormy,21,Yes,No,No,290,212,78,25
2024-02-22,Thursday,Lunch,223,Stormy,20,No,Yes,No,213,194,19,18
2024-09-28,Saturday,Dinner,788,Cloudy,33,No,Yes,Yes,805,706,99,26
2024-11-25,Monday,Dinner,470,Cloudy,32,No,Yes,No,509,432,77,63
2024-06-06,Thursday,Dinner,338,Cloudy,27,No,Yes,No,324,317,7,2
2024-04-19,Friday,Dinner,725,Stormy,20,Yes,Yes,No,759,663,96,22
2024-10-19,Saturday,Dinner,621,Cloudy,25,No,Yes,Yes,602,600,2,0
2024-04-23,Tuesday,Breakfast,982,Rainy,30,Yes,Yes,No,953,902,51,46
2024-06-12,Wednesday,Lunch,687,Rainy,26,Yes,Yes,No,736,715,21,4
2024-10-21,Monday,Lunch,224,Stormy,25,Yes,No,No,236,235,1,0
2024-03-25,Monday,Breakfast,292,Cloudy,29,Yes,Yes,No,341,297,44,38
2024-04-18,Thursday,Dinner,227,Cloudy,32,No,No,No,177,156,21,9
2024-01-01,Monday,Dinner,834,Stormy,24,Yes,No,No,818,792,26,18
2024-01-18,Thursday,Dinner,204,Cloudy,33,No,Yes,No,189,133,56,39
2024-04-30,Tuesday,Dinner,229,Rainy,25,Yes,No,No,210,148,62,19
2024-03-23,Saturday,Lunch,927,Stormy,22,No,No,Yes,933,858,75,73
2024-04-17,Wednesday,Lunch,543,Rainy,30,Yes,No,No,585,553,32,32
2024-12-18,Wednesday,Breakfast,795,Sunny,40,Yes,Yes,No,814,776,38,18
2024-08-20,Tuesday,Dinner,821,Cloudy,32,No,Yes,No,804,742,62,61
2024-01-26,Friday,Breakfast,212,Rainy,26,No,Yes,No,193,187,6,2
2024-07-14,Sunday,Lunch,526,Cloudy,32,No,Yes,Yes,567,476,91,3
2024-09-08,Sunday,Dinner,244,Sunny,38,No,No,Yes,199,103,96,84
2024-08-01,Thursday,Dinner,458,Rainy,25,No,No,No,455,432,23,9
2024-07-20,Saturday,Dinner,657,Cloudy,30,No,Yes,Yes,638,636,2,2
2024-05-14,Tuesday,Lunch,876,Sunny,38,Yes,Yes,No,866,857,9,0
2024-07-26,Friday,Breakfast,263,Rainy,24,Yes,No,No,286,214,72,66
2024-02-23,Friday,Dinner,927,Rainy,30,Yes,Yes,No,914,890,24,23
2024-08-09,Friday,Lunch,845,Cloudy,26,Yes,No,No,888,805,83,19
2024-08-31,Saturday,Dinner,464,Sunny,34,Yes,Yes,Yes,493,443,50,41
2024-06-10,Monday,Lunch,759,Stormy,25,No,Yes,No,792,748,44,20
2024-08-05,Monday,Lunch,586,Sunny,32,No,Yes,No,539,471,68,67
2024-06-20,Thursday,Dinner,791,Stormy,28,Yes,Yes,No,795,767,28,25
2024-07-01,Monday,Dinner,854,Rainy,29,No,Yes,No,831,740,91,26
2024-06-13,Thursday,Breakfast,599,Sunny,36,No,No,No,570,533,37,18
2024-11-16,Saturday,Dinner,792,Cloudy,33,No,Yes,Yes,786,746,40,24
2024-12-01,Sunday,Breakfast,505,Cloudy,26,Yes,No,Yes,480,421,59,47
2024-06-18,Tuesday,Lunch,802,Cloudy,33,Yes,Yes,No,792,737,55,2
2024-12-27,Friday,Lunch,361,Cloudy,25,No,Yes,No,318,315,3,1
2024-07-13,Saturday,Lunch,893,Cloudy,26,No,No,Yes,879,840,39,9
2024-09-19,Thursday,Lunch,313,Cloudy,27,Yes,Yes,No,356,344,12,1
2024-08-26,Monday,Lunch,383,Cloudy,25,No,No,No,426,345,81,19
2024-01-31,Wednesday,Breakfast,585,Rainy,29,No,Yes,No,546,471,75,5
2024-06-04,Tuesday,Breakfast,303,Cloudy,27,Yes,No,No,350,328,22,22
2024-12-26,Thursday,Lunch,603,Rainy,28,Yes,No,No,557,475,82,67
2024-12-30,Monday,Dinner,377,Rainy,24,Yes,Yes,No,379,285,94,18
2024-09-07,Saturday,Breakfast,814,Sunny,36,No,No,Yes,818,766,52,5
2024-02-05,Monday,Breakfast,333,Rainy,30,No,Yes,No,376,342,34,25
2024-09-13,Friday,Breakfast,974,Sunny,40,No,Yes,No,972,971,1,0
2024-10-27,Sunday,Breakfast,332,Sunny,32,No,Yes,Yes,338,336,2,0
2024-01-05,Friday,Dinner,413,Cloudy,32,Yes,Yes,No,461,460,1,1
2024-02-06,Tuesday,Dinner,286,Sunny,39,Yes,No,No,272,224,48,22
2024-02-04,Sunday,Breakfast,710,Sunny,36,Yes,Yes,Yes,666,581,85,64
2024-11-25,Monday,Lunch,813,Sunny,30,No,No,No,848,821,27,22
2024-03-25,Monday,Breakfast,536,Sunny,35,No,Yes,No,555,541,14,2
2024-04-19,Friday,Breakfast,271,Rainy,25,Yes,No,No,222,180,42,16
2024-02-09,Friday,Lunch,638,Cloudy,25,No,No,No,621,615,6,6
2024-07-31,Wednesday,Dinner,743,Rainy,26,Yes,Yes,No,704,668,36,33
2024-09-14,Saturday,Breakfast,216,Cloudy,28,No,No,Yes,240,140,100,56
2024-03-15,Friday,Lunch,345,Sunny,31,Yes,Yes,No,334,247,87,66
2024-09-19,Thursday,Dinner,661,Sunny,35,No,Yes,No,657,589,68,26
2024-10-11,Friday,Breakfast,344,Sunny,38,Yes,No,No,387,296,91,29
2024-01-01,Monday,Lunch,995,Sunny,31,No,No,No,1022,972,50,38
2024-08-30,Friday,Lunch,345,Cloudy,33,No,No,No,321,234,87,53
2024-03-26,Tuesday,Dinner,715,Sunny,36,No,Yes,No,757,719,38,19
2024-09-01,Sunday,Dinner,657,Stormy,28,Yes,No,Yes,697,668,29,17
2024-04-06,Saturday,Breakfast,581,Cloudy,28,No,No,Yes,626,528,98,74
2024-08-25,Sunday,Breakfast,388,Sunny,31,Yes,No,Yes,343,341,2,1
2024-04-19,Friday,Dinner,327,Sunny,35,No,Yes,No,339,315,24,24
2024-06-16,Sunday,Breakfast,708,Stormy,28,Yes,Yes,Yes,730,648,82,51
2024-10-08,Tuesday,Dinner,654,Rainy,26,No,No,No,642,616,26,8
2024-10-15,Tuesday,Lunch,290,Rainy,29,Yes,Yes,No,326,246,80,6
2024-01-19,Friday,Breakfast,344,Cloudy,28,No,Yes,No,325,321,4,0
2024-03-27,Wednesday,Lunch,261,Sunny,37,No,Yes,No,232,177,55,31
2024-04-18,Thursday,Lunch,482,Rainy,24,Yes,Yes,No,494,394,100,12
2024-06-20,Thursday,Lunch,703,Rainy,22,No,No,No,693,611,82,78
2024-10-05,Saturday,Lunch,559,Stormy,21,No,No,Yes,552,501,51,41
2024-02-14,Wednesday,Breakfast,772,Rainy,22,Yes,Yes,No,779,699,80,52
2024-05-19,Sunday,Lunch,365,Stormy,28,Yes,Yes,Yes,366,323,43,29
2024-11-16,Saturday,Dinner,851,Stormy,27,Yes,No,Yes,885,802,83,66
2024-04-19,Friday,Breakfast,543,Sunny,34,No,Yes,No,495,413,82,48
2024-03-24,Sunday,Lunch,833,Stormy,24,No,Yes,Yes,858,816,42,38
2024-05-16,Thursday,Dinner,572,Rainy,28,Yes,No,No,622,611,11,6
2024-04-11,Thursday,Dinner,399,Rainy,24,No,Yes,No,359,302,57,36
2024-11-28,Thursday,Breakfast,459,Rainy,22,No,No,No,443,381,62,42
2024-01-07,Sunday,Lunch,556,Rainy,28,Yes,Yes,Yes,520,500,20,18
2024-04-23,Tuesday,Breakfast,570,Rainy,29,No,No,No,611,511,100,6
2024-04-25,Thursday,Breakfast,877,Sunny,38,Yes,No,No,915,905,10,8
2024-12-12,Thursday,Breakfast,583,Rainy,25,Yes,No,No,558,494,64,42
2024-11-12,Tuesday,Breakfast,431,Rainy,28,Yes,Yes,No,406,309,97,13
2024-06-05,Wednesday,Breakfast,460,Rainy,26,No,Yes,No,487,476,11,4
2024-01-29,Monday,Breakfast,824,Stormy,23,No,Yes,No,785,695,90,27
2024-04-13,Saturday,Dinner,998,Sunny,30,No,No,Yes,1031,987,44,11
2024-08-01,Thursday,Dinner,284,Stormy,28,No,No,No,309,286,23,8
2024-02-01,Thursday,Dinner,658,Rainy,23,Yes,Yes,No,702,608,94,7
2024-07-07,Sunday,Dinner,773,Cloudy,33,Yes,No,Yes,812,778,34,19
2024-11-06,Wednesday,Lunch,954,Stormy,20,No,No,No,907,904,3,3
2024-05-14,Tuesday,Breakfast,817,Cloudy,26,No,Yes,No,820,802,18,10
2024-04-15,Monday,Lunch,360,Stormy,21,Yes,Yes,No,347,268,79,77
2024-09-27,Friday,Lunch,635,Stormy,25,No,Yes,No,685,669,16,0
2024-03-29,Friday,Lunch,305,Rainy,29,No,No,No,345,341,4,3
2024-02-05,Monday,Breakfast,749,Stormy,24,Yes,No,No,789,691,98,49
2024-04-18,Thursday,Breakfast,752,Stormy,24,No,Yes,No,784,738,46,27
2024-06-24,Monday,Dinner,810,Cloudy,25,No,No,No,822,743,79,56
2024-03-17,Sunday,Lunch,821,Sunny,32,Yes,No,Yes,771,738,33,28
2024-06-28,Friday,Breakfast,332,Cloudy,29,Yes,No,No,336,295,41,12
2024-05-29,Wednesday,Lunch,507,Stormy,20,No,No,No,479,441,38,26
2024-07-18,Thursday,Breakfast,286,Sunny,32,Yes,Yes,No,240,203,37,12
2024-12-29,Sunday,Breakfast,521,Rainy,27,Yes,Yes,Yes,549,515,34,16
2024-06-04,Tuesday,Breakfast,922,Cloudy,30,No,No,No,972,904,68,62
2024-09-29,Sunday,Lunch,771,Stormy,21,No,No,Yes,723,644,79,66
2024-10-30,Wednesday,Lunch,431,Cloudy,33,No,Yes,No,387,291,96,77
2024-06-06,Thursday,Lunch,546,Rainy,27,No,No,No,517,428,89,54
2024-05-21,Tuesday,Lunch,355,Sunny,33,Yes,No,No,377,277,100,53
2024-05-17,Friday,Dinner,683,Sunny,40,No,No,No,678,638,40,5
2024-10-31,Thursday,Breakfast,539,Stormy,22,Yes,Yes,No,517,494,23,22
2024-07-14,Sunday,Breakfast,401,Cloudy,30,Yes,Yes,Yes,383,353,30,2
2024-07-19,Friday,Dinner,477,Rainy,24,No,No,No,456,396,60,1
2024-12-20,Friday,Lunch,554,Rainy,24,No,No,No,569,469,100,98
2024-06-20,Thursday,Breakfast,990,Sunny,33,Yes,Yes,No,961,939,22,1
2024-02-11,Sunday,Lunch,523,Sunny,31,No,No,Yes,523,461,62,42
2024-10-04,Friday,Lunch,321,Stormy,27,No,No,No,331,310,21,0
2024-07-01,Monday,Lunch,834,Rainy,23,Yes,No,No,856,773,83,9
2024-11-27,Wednesday,Lunch,245,Cloudy,25,No,No,No,206,204,2,2
2024-09-27,Friday,Lunch,538,Rainy,25,Yes,No,No,518,497,21,3
2024-01-13,Saturday,Dinner,532,Cloudy,25,No,No,Yes,527,483,44,26
2024-07-26,Friday,Dinner,769,Cloudy,28,No,Yes,No,751,695,56,32
2024-12-22,Sunday,Breakfast,508,Stormy,21,No,Yes,Yes,509,500,9,1
2024-04-05,Friday,Breakfast,570,Cloudy,25,Yes,Yes,No,554,481,73,33
2024-09-17,Tuesday,Lunch,954,Stormy,27,Yes,No,No,923,867,56,45
2024-05-26,Sunday,Breakfast,380,Stormy,23,Yes,No,Yes,335,276,59,8
2024-08-24,Saturday,Lunch,668,Stormy,24,Yes,Yes,Yes,631,554,77,77
2024-03-03,Sunday,Dinner,806,Sunny,32,Yes,Yes,Yes,822,795,27,20
2024-04-23,Tuesday,Dinner,836,Rainy,28,Yes,No,No,829,752,77,48
2024-11-15,Friday,Dinner,578,Rainy,28,No,No,No,585,573,12,11
2024-03-28,Thursday,Breakfast,609,Rainy,24,No,No,No,635,619,16,2
2024-04-20,Saturday,Dinner,843,Cloudy,30,No,No,Yes,879,841,38,32
2024-04-02,Tuesday,Dinner,685,Sunny,39,Yes,No,No,676,610,66,31
2024-09-30,Monday,Lunch,281,Rainy,30,No,No,No,296,279,17,17
2024-03-14,Thursday,Dinner,671,Rainy,24,Yes,Yes,No,645,580,65,47
2024-06-09,Sunday,Breakfast,617,Stormy,23,No,No,Yes,588,490,98,64
2024-05-21,Tuesday,Breakfast,745,Rainy,30,Yes,Yes,No,721,673,48,28
2024-05-24,Friday,Breakfast,643,Sunny,31,No,Yes,No,601,505,96,13
2024-07-16,Tuesday,Dinner,635,Cloudy,31,Yes,Yes,No,619,598,21,16
2024-07-15,Monday,Breakfast,773,Cloudy,29,No,Yes,No,787,742,45,6
2024-05-24,Friday,Breakfast,874,Rainy,29,No,No,No,841,806,35,0
2024-05-06,Monday,Breakfast,779,Stormy,23,Yes,No,No,746,662,84,11
2024-02-07,Wednesday,Breakfast,830,Rainy,29,No,Yes,No,830,770,60,59
2024-05-30,Thursday,Dinner,312,Stormy,20,No,Yes,No,288,271,17,2
2024-04-18,Thursday,Breakfast,590,Rainy,24,No,No,No,625,547,78,45
2024-02-18,Sunday,Breakfast,814,Stormy,28,No,No,Yes,787,732,55,19
2024-01-19,Friday,Lunch,712,Rainy,27,Yes,Yes,No,717,712,5,0
2024-09-06,Friday,Dinner,437,Cloudy,33,Yes,Yes,No,478,433,45,40
2024-12-25,Wednesday,Breakfast,241,Sunny,32,No,Yes,No,236,226,10,2
2024-02-27,Tuesday,Dinner,419,Cloudy,32,No,No,No,390,318,72,30
2024-12-11,Wednesday,Dinner,508,Stormy,28,Yes,No,No,550,512,38,26
2024-02-25,Sunday,Dinner,498,Cloudy,32,No,No,Yes,457,380,77,38
2024-04-07,Sunday,Lunch,971,Stormy,24,Yes,Yes,Yes,988,917,71,38
2024-08-16,Friday,Breakfast,366,Sunny,36,Yes,Yes,No,322,322,0,0
2024-03-26,Tuesday,Breakfast,926,Sunny,37,No,No,No,904,876,28,20
2024-10-08,Tuesday,Lunch,475,Sunny,31,Yes,No,No,466,465,1,0
2024-02-15,Thursday,Breakfast,718,Sunny,39,No,Yes,No,744,739,5,5
2024-12-15,Sunday,Lunch,821,Sunny,33,No,No,Yes,801,719,82,26
2024-09-23,Monday,Breakfast,790,Cloudy,30,No,No,No,754,663,91,25
2024-10-25,Friday,Dinner,626,Cloudy,30,Yes,Yes,No,578,520,58,7
2024-05-17,Friday,Lunch,405,Rainy,23,Yes,No,No,375,307,68,26
2024-11-02,Saturday,Lunch,383,Rainy,27,Yes,Yes,Yes,357,274,83,0
2024-10-13,Sunday,Dinner,511,Cloudy,25,Yes,Yes,Yes,531,464,67,57
2024-01-15,Monday,Dinner,723,Rainy,22,Yes,No,No,688,678,10,5
2024-02-15,Thursday,Dinner,831,Cloudy,32,No,No,No,873,776,97,57
2024-06-07,Friday,Breakfast,670,Rainy,23,Yes,Yes,No,620,584,36,23
2024-07-17,Wednesday,Dinner,289,Stormy,26,No,No,No,254,168,86,64
2024-06-28,Friday,Dinner,491,Stormy,27,No,Yes,No,540,508,32,17
2024-04-23,Tuesday,Breakfast,711,Stormy,25,Yes,No,No,718,656,62,41
2024-02-25,Sunday,Dinner,752,Cloudy,30,No,No,Yes,787,692,95,72
2024-08-16,Friday,Lunch,531,Sunny,37,Yes,Yes,No,516,498,18,14
2024-06-10,Monday,Breakfast,269,Cloudy,28,Yes,No,No,309,299,10,10
2024-09-12,Thursday,Lunch,600,Stormy,25,Yes,Yes,No,638,556,82,65
2024-11-15,Friday,Breakfast,421,Stormy,24,No,Yes,No,439,413,26,11
2024-07-25,Thursday,Lunch,602,Rainy,29,No,Yes,No,622,588,34,22
2024-07-31,Wednesday,Dinner,698,Cloudy,29,Yes,No,No,726,637,89,14
2024-12-24,Tuesday,Breakfast,712,Sunny,34,Yes,Yes,No,745,652,93,84
2024-10-03,Thursday,Dinner,415,Rainy,25,Yes,Yes,No,368,289,79,27
2024-03-30,Saturday,Dinner,261,Stormy,26,No,Yes,Yes,270,239,31,26
2024-10-06,Sunday,Dinner,746,Cloudy,31,Yes,Yes,Yes,756,666,90,33
2024-05-05,Sunday,Lunch,223,Stormy,23,No,No,Yes,237,235,2,2
2024-09-06,Friday,Dinner,603,Rainy,25,Yes,Yes,No,567,549,18,7
2024-04-25,Thursday,Breakfast,658,Stormy,23,No,No,No,681,649,32,32
2024-10-19,Saturday,Dinner,751,Sunny,40,No,Yes,Yes,775,736,39,26
2024-06-27,Thursday,Dinner,727,Rainy,23,Yes,Yes,No,773,764,9,0
2024-03-04,Monday,Breakfast,966,Cloudy,28,Yes,No,No,951,942,9,4
2024-07-01,Monday,Lunch,712,Stormy,26,No,No,No,757,755,2,1
2024-11-17,Sunday,Lunch,224,Stormy,22,No,No,Yes,254,169,85,47
2024-06-30,Sunday,Breakfast,497,Rainy,27,Yes,Yes,Yes,471,446,25,9
2024-05-13,Monday,Breakfast,304,Stormy,27,Yes,No,No,337,320,17,0
2024-10-20,Sunday,Breakfast,323,Cloudy,31,No,Yes,Yes,307,281,26,7
2024-07-31,Wednesday,Dinner,690,Sunny,33,Yes,Yes,No,730,729,1,1
2024-09-01,Sunday,Dinner,990,Sunny,40,Yes,Yes,Yes,1031,1014,17,7
2024-03-16,Saturday,Lunch,685,Stormy,24,No,Yes,Yes,680,592,88,51
2024-01-12,Friday,Dinner,332,Cloudy,32,No,Yes,No,358,305,53,46
2024-07-25,Thursday,Breakfast,929,Sunny,33,Yes,No,No,977,938,39,17
2024-12-10,Tuesday,Breakfast,410,Sunny,40,No,Yes,No,431,412,19,17
2024-05-16,Thursday,Breakfast,959,Cloudy,26,Yes,No,No,911,845,66,28
2024-12-01,Sunday,Breakfast,350,Rainy,26,Yes,Yes,Yes,344,326,18,16
2024-05-09,Thursday,Breakfast,596,Cloudy,29,No,Yes,No,580,491,89,17
2024-02-28,Wednesday,Dinner,759,Rainy,28,No,Yes,No,798,724,74,63
2024-01-17,Wednesday,Breakfast,378,Rainy,30,Yes,No,No,423,400,23,17
2024-06-22,Saturday,Breakfast,681,Cloudy,33,No,No,Yes,731,654,77,15
2024-05-27,Monday,Lunch,456,Rainy,25,Yes,Yes,No,459,429,30,11
2024-11-30,Saturday,Lunch,391,Cloudy,30,No,Yes,Yes,366,313,53,18
2024-08-14,Wednesday,Lunch,524,Stormy,28,Yes,Yes,No,510,496,14,3
2024-02-27,Tuesday,Breakfast,245,Stormy,28,Yes,Yes,No,275,223,52,52
2024-07-06,Saturday,Breakfast,707,Stormy,28,Yes,No,Yes,751,718,33,2
2024-09-16,Monday,Lunch,806,Sunny,34,No,Yes,No,786,735,51,44
2024-06-12,Wednesday,Lunch,675,Rainy,30,Yes,No,No,694,595,99,23
2024-09-27,Friday,Dinner,536,Cloudy,32,Yes,Yes,No,561,511,50,49
2024-01-25,Thursday,Dinner,683,Stormy,23,No,Yes,No,697,643,54,25
2024-11-23,Saturday,Breakfast,493,Stormy,20,Yes,No,Yes,495,464,31,23
2024-10-03,Thursday,Lunch,657,Sunny,37,No,Yes,No,632,582,50,16
2024-08-06,Tuesday,Lunch,600,Rainy,25,No,No,No,640,628,12,6
2024-09-24,Tuesday,Lunch,709,Sunny,38,Yes,No,No,693,646,47,40
2024-06-16,Sunday,Dinner,641,Cloudy,30,Yes,No,Yes,671,623,48,42
2024-06-06,Thursday,Breakfast,319,Cloudy,30,Yes,No,No,278,267,11,11
2024-10-05,Saturday,Lunch,586,Rainy,29,No,Yes,Yes,537,467,70,2
2024-12-04,Wednesday,Lunch,502,Cloudy,33,No,No,No,539,489,50,44
2024-02-19,Monday,Dinner,645,Cloudy,33,No,No,No,694,642,52,32
2024-11-23,Saturday,Breakfast,446,Sunny,37,No,Yes,Yes,433,347,86,27
2024-03-13,Wednesday,Lunch,862,Cloudy,28,Yes,No,No,905,895,10,8
2024-01-04,Thursday,Breakfast,528,Cloudy,30,No,Yes,No,502,484,18,0
2024-12-29,Sunday,Dinner,865,Rainy,28,No,Yes,Yes,832,765,67,7
2024-12-02,Monday,Dinner,770,Stormy,25,Yes,No,No,812,786,26,9
2024-03-11,Monday,Dinner,386,Stormy,20,Yes,No,No,431,349,82,82
2024-09-27,Friday,Dinner,480,Sunny,37,No,No,No,439,391,48,29
2024-01-22,Monday,Dinner,852,Stormy,27,Yes,Yes,No,870,789,81,43
2024-07-09,Tuesday,Breakfast,420,Sunny,36,Yes,Yes,No,388,329,59,31
2024-02-04,Sunday,Dinner,239,Stormy,23,No,Yes,Yes,257,254,3,1
2024-03-04,Monday,Lunch,406,Stormy,26,Yes,Yes,No,453,369,84,17
2024-02-07,Wednesday,Lunch,794,Rainy,29,Yes,Yes,No,843,759,84,41
2024-03-25,Monday,Breakfast,964,Stormy,25,No,Yes,No,967,877,90,23
2024-12-31,Tuesday,Dinner,329,Stormy,20,Yes,No,No,330,236,94,16
2024-01-09,Tuesday,Dinner,935,Sunny,32,Yes,No,No,964,880,84,65
2024-08-28,Wednesday,Breakfast,633,Sunny,31,No,Yes,No,643,627,16,15
2024-12-15,Sunday,Lunch,949,Cloudy,32,No,No,Yes,912,871,41,28
2024-08-24,Saturday,Dinner,953,Rainy,26,Yes,Yes,Yes,979,907,72,11
2024-04-26,Friday,Breakfast,220,Rainy,28,Yes,Yes,No,235,220,15,7
2024-03-13,Wednesday,Dinner,869,Rainy,29,No,No,No,846,792,54,45
2024-11-07,Thursday,Lunch,736,Rainy,25,Yes,No,No,705,665,40,37
2024-01-30,Tuesday,Dinner,678,Cloudy,30,No,Yes,No,717,715,2,1
2024-04-22,Monday,Dinner,780,Rainy,30,Yes,No,No,749,667,82,24
2024-06-10,Monday,Dinner,310,Sunny,32,Yes,Yes,No,272,241,31,0
2024-12-18,Wednesday,Breakfast,482,Stormy,27,No,Yes,No,499,447,52,34
2024-09-30,Monday,Lunch,489,Stormy,26,Yes,Yes,No,468,452,16,4
2024-01-22,Monday,Dinner,252,Cloudy,26,Yes,Yes,No,261,216,45,18
2024-02-06,Tuesday,Dinner,945,Stormy,23,Yes,Yes,No,920,862,58,36
2024-05-11,Saturday,Lunch,314,Sunny,31,No,No,Yes,316,221,95,80
2024-07-21,Sunday,Dinner,753,Stormy,28,Yes,Yes,Yes,772,719,53,13
2024-08-25,Sunday,Breakfast,492,Stormy,27,Yes,No,Yes,496,474,22,20
2024-09-03,Tuesday,Dinner,647,Stormy,28,Yes,No,No,693,603,90,3
2024-12-06,Friday,Lunch,217,Cloudy,25,Yes,No,No,221,182,39,29
2024-01-23,Tuesday,Lunch,554,Sunny,32,No,No,No,566,479,87,54
2024-03-16,Saturday,Lunch,480,Sunny,36,Yes,Yes,Yes,478,403,75,36
2024-03-15,Friday,Lunch,233,Stormy,23,No,No,No,210,157,53,6
2024-04-03,Wednesday,Breakfast,281,Cloudy,25,No,Yes,No,251,229,22,6
2024-11-24,Sunday,Breakfast,352,Rainy,25,Yes,No,Yes,372,365,7,1
2024-06-22,Saturday,Lunch,601,Sunny,36,Yes,No,Yes,644,616,28,17
2024-08-09,Friday,Lunch,396,Sunny,37,Yes,Yes,No,408,316,92,25
2024-06-19,Wednesday,Lunch,693,Rainy,24,No,No,No,719,696,23,18
2024-02-16,Friday,Dinner,961,Stormy,23,No,No,No,997,973,24,8
2024-07-03,Wednesday,Breakfast,826,Cloudy,25,No,No,No,794,738,56,44
2024-04-22,Monday,Lunch,673,Stormy,26,No,Yes,No,651,640,11,11
2024-12-20,Friday,Breakfast,254,Rainy,23,No,Yes,No,275,235,40,22
2024-08-18,Sunday,Lunch,773,Cloudy,28,Yes,Yes,Yes,768,687,81,7
2024-08-11,Sunday,Breakfast,247,Stormy,23,Yes,Yes,Yes,221,162,59,6
2024-01-15,Monday,Dinner,940,Cloudy,27,Yes,Yes,No,953,917,36,17
2024-06-07,Friday,Lunch,816,Rainy,24,Yes,Yes,No,830,798,32,19
2024-06-02,Sunday,Lunch,992,Sunny,37,Yes,No,Yes,1029,1004,25,17
2024-09-23,Monday,Lunch,435,Cloudy,33,Yes,No,No,463,445,18,4
2024-07-28,Sunday,Breakfast,351,Sunny,37,Yes,No,Yes,379,312,67,47
2024-06-25,Tuesday,Lunch,966,Stormy,23,No,No,No,986,906,80,19
2024-09-12,Thursday,Breakfast,441,Sunny,33,Yes,No,No,391,348,43,31
2024-08-09,Friday,Dinner,952,Sunny,39,No,Yes,No,959,881,78,77
2024-04-21,Sunday,Breakfast,984,Stormy,27,No,Yes,Yes,1001,984,17,0
2024-10-16,Wednesday,Lunch,590,Rainy,27,No,Yes,No,594,494,100,63
2024-05-11,Saturday,Breakfast,689,Rainy,25,Yes,No,Yes,707,669,38,19
2024-09-20,Friday,Breakfast,697,Cloudy,32,Yes,Yes,No,679,591,88,28
2024-03-24,Sunday,Breakfast,806,Cloudy,27,No,No,Yes,771,696,75,48
2024-01-13,Saturday,Lunch,295,Rainy,26,No,Yes,Yes,256,174,82,3
2024-05-28,Tuesday,Dinner,877,Sunny,37,Yes,Yes,No,876,781,95,11
2024-05-03,Friday,Lunch,897,Sunny,30,No,Yes,No,938,916,22,3
2024-09-02,Monday,Breakfast,589,Rainy,23,No,No,No,577,526,51,46
2024-03-30,Saturday,Lunch,402,Rainy,30,No,Yes,Yes,421,340,81,24
2024-12-17,Tuesday,Lunch,672,Sunny,36,Yes,Yes,No,715,646,69,69
2024-06-20,Thursday,Dinner,304,Stormy,27,Yes,Yes,No,287,240,47,35
2024-07-15,Monday,Lunch,371,Cloudy,25,No,Yes,No,346,339,7,2
2024-02-01,Thursday,Dinner,414,Stormy,24,No,Yes,No,430,397,33,28
2024-02-23,Friday,Dinner,995,Cloudy,27,No,Yes,No,1030,942,88,72
2024-01-11,Thursday,Dinner,765,Stormy,26,Yes,Yes,No,718,712,6,4
2024-03-22,Friday,Dinner,580,Cloudy,32,No,No,No,541,482,59,48
2024-09-29,Sunday,Lunch,257,Rainy,26,Yes,Yes,Yes,228,162,66,19
2024-10-22,Tuesday,Breakfast,202,Rainy,30,No,No,No,162,70,92,46
2024-11-11,Monday,Breakfast,298,Rainy,26,No,Yes,No,276,267,9,7
2024-07-25,Thursday,Dinner,978,Cloudy,25,Yes,Yes,No,989,977,12,7
2024-03-25,Monday,Lunch,754,Rainy,29,No,No,No,780,766,14,1
2024-09-16,Monday,Dinner,739,Rainy,27,No,No,No,761,694,67,56
2024-03-02,Saturday,Lunch,892,Sunny,30,No,Yes,Yes,886,872,14,2
2024-06-24,Monday,Breakfast,248,Cloudy,31,Yes,No,No,201,127,74,1
2024-04-13,Saturday,Breakfast,252,Sunny,37,Yes,No,Yes,228,170,58,28
2024-01-09,Tuesday,Lunch,690,Sunny,33,Yes,No,No,652,613,39,36
2024-04-15,Monday,Lunch,533,Rainy,24,No,Yes,No,569,553,16,3
2024-08-11,Sunday,Dinner,627,Sunny,37,No,Yes,Yes,579,511,68,50
2024-11-09,Saturday,Lunch,559,Rainy,23,No,Yes,Yes,553,465,88,74
2024-10-16,Wednesday,Lunch,832,Rainy,23,Yes,No,No,852,793,59,26
2024-01-08,Monday,Dinner,422,Rainy,29,No,No,No,455,365,90,4
2024-11-03,Sunday,Breakfast,372,Sunny,39,Yes,No,Yes,323,245,78,74
2024-04-13,Saturday,Lunch,416,Sunny,30,No,No,Yes,382,356,26,8
2024-08-16,Friday,Breakfast,808,Cloudy,33,No,Yes,No,822,789,33,26
2024-08-06,Tuesday,Lunch,372,Stormy,27,Yes,No,No,408,392,16,12
2024-04-28,Sunday,Lunch,911,Rainy,30,No,Yes,Yes,933,856,77,41
2024-02-09,Friday,Dinner,729,Cloudy,31,Yes,No,No,763,755,8,0
2024-01-28,Sunday,Breakfast,966,Cloudy,26,Yes,Yes,Yes,994,976,18,15
2024-01-08,Monday,Dinner,804,Rainy,26,No,Yes,No,762,736,26,15
2024-01-24,Wednesday,Lunch,699,Stormy,24,No,No,No,676,585,91,16
2024-03-23,Saturday,Breakfast,774,Rainy,24,Yes,No,Yes,735,677,58,25
2024-01-03,Wednesday,Lunch,997,Rainy,24,Yes,No,No,1008,949,59,4
2024-11-03,Sunday,Lunch,607,Sunny,33,Yes,Yes,Yes,636,618,18,13
2024-07-31,Wednesday,Breakfast,441,Sunny,39,No,No,No,405,355,50,7
2024-06-09,Sunday,Lunch,877,Cloudy,27,Yes,Yes,Yes,839,743,96,88
2024-04-17,Wednesday,Lunch,813,Rainy,26,Yes,Yes,No,795,763,32,6
2024-04-28,Sunday,Dinner,216,Cloudy,27,No,No,Yes,190,142,48,8
2024-07-22,Monday,Breakfast,933,Cloudy,27,No,Yes,No,912,830,82,10
2024-05-14,Tuesday,Breakfast,499,Cloudy,29,Yes,Yes,No,483,423,60,18
2024-04-26,Friday,Breakfast,718,Stormy,25,Yes,Yes,No,691,613,78,14
2024-06-10,Monday,Dinner,422,Cloudy,26,Yes,Yes,No,424,398,26,16
2024-11-15,Friday,Breakfast,269,Rainy,28,No,Yes,No,226,169,57,40
2024-11-08,Friday,Lunch,392,Rainy,25,Yes,Yes,No,424,350,74,59
2024-09-13,Friday,Lunch,428,Rainy,26,Yes,No,No,459,382,77,64
2024-05-03,Friday,Lunch,552,Rainy,24,No,Yes,No,532,494,38,19
2024-06-18,Tuesday,Lunch,804,Stormy,28,Yes,No,No,839,744,95,11
2024-11-13,Wednesday,Breakfast,577,Stormy,22,No,No,No,610,587,23,15
2024-06-16,Sunday,Lunch,719,Stormy,22,Yes,Yes,Yes,769,696,73,61
2024-08-11,Sunday,Dinner,780,Sunny,36,No,Yes,Yes,758,729,29,5
2024-10-15,Tuesday,Dinner,200,Sunny,34,No,Yes,No,236,221,15,13
2024-06-12,Wednesday,Dinner,336,Rainy,22,Yes,Yes,No,369,343,26,12
2024-10-11,Friday,Dinner,247,Rainy,29,Yes,No,No,291,260,31,5
2024-12-14,Saturday,Lunch,903,Stormy,21,Yes,No,Yes,938,925,13,8
2024-03-26,Tuesday,Dinner,836,Cloudy,28,Yes,Yes,No,873,817,56,24
2024-06-03,Monday,Lunch,227,Sunny,35,Yes,No,No,251,167,84,44
2024-05-21,Tuesday,Lunch,983,Cloudy,26,No,Yes,No,961,889,72,16
2024-07-08,Monday,Dinner,540,Stormy,28,No,No,No,490,414,76,35
2024-02-18,Sunday,Lunch,337,Sunny,32,No,Yes,Yes,354,352,2,2
2024-04-06,Saturday,Lunch,434,Stormy,27,Yes,No,Yes,391,292,99,64
2024-04-02,Tuesday,Dinner,947,Stormy,23,Yes,No,No,977,891,86,78
2024-11-04,Monday,Dinner,783,Stormy,27,No,No,No,792,704,88,28
2024-02-29,Thursday,Lunch,664,Sunny,31,Yes,Yes,No,672,575,97,26
2024-02-04,Sunday,Dinner,835,Sunny,37,No,No,Yes,814,768,46,15
2024-03-28,Thursday,Lunch,361,Rainy,25,No,Yes,No,389,389,0,0
2024-09-02,Monday,Breakfast,210,Sunny,31,Yes,No,No,175,125,50,4
2024-03-27,Wednesday,Lunch,765,Sunny,32,Yes,Yes,No,781,691,90,20
2024-11-26,Tuesday,Breakfast,242,Cloudy,33,No,No,No,228,176,52,34
2024-04-19,Friday,Breakfast,434,Rainy,27,No,No,No,397,366,31,2
2024-06-30,Sunday,Dinner,917,Stormy,22,Yes,No,Yes,944,895,49,36
2024-10-21,Monday,Breakfast,852,Cloudy,33,No,No,No,804,764,40,33
2024-07-25,Thursday,Breakfast,895,Sunny,34,No,No,No,943,929,14,7
2024-04-03,Wednesday,Dinner,410,Rainy,29,No,No,No,385,288,97,23
2024-06-07,Friday,Lunch,271,Rainy,28,No,No,No,241,183,58,23
2024-08-06,Tuesday,Breakfast,800,Rainy,28,Yes,No,No,814,740,74,38
2024-11-12,Tuesday,Dinner,353,Sunny,30,No,Yes,No,380,367,13,0
2024-12-05,Thursday,Lunch,477,Sunny,40,No,Yes,No,509,438,71,41
2024-05-25,Saturday,Dinner,898,Sunny,31,No,Yes,Yes,895,839,56,8
2024-08-07,Wednesday,Lunch,685,Sunny,30,Yes,Yes,No,724,624,100,64
2024-12-16,Monday,Lunch,638,Rainy,30,No,Yes,No,615,601,14,11
2024-06-12,Wednesday,Lunch,945,Sunny,31,Yes,No,No,969,922,47,6
2024-11-17,Sunday,Lunch,245,Sunny,36,No,Yes,Yes,261,227,34,30
2024-12-09,Monday,Breakfast,295,Rainy,28,No,Yes,No,304,248,56,1
2024-08-08,Thursday,Dinner,474,Cloudy,28,Yes,No,No,477,469,8,6
2024-04-11,Thursday,Lunch,630,Stormy,23,No,Yes,No,657,609,48,45
2024-10-19,Saturday,Lunch,733,Sunny,39,No,No,Yes,743,667,76,2
2024-07-31,Wednesday,Lunch,274,Stormy,21,Yes,No,No,231,140,91,3
2024-11-29,Friday,Lunch,974,Sunny,30,Yes,Yes,No,981,924,57,29
2024-08-16,Friday,Dinner,473,Rainy,29,No,No,No,475,382,93,76
2024-06-03,Monday,Lunch,446,Sunny,30,No,No,No,418,333,85,54
2024-12-21,Saturday,Lunch,842,Sunny,32,No,No,Yes,814,763,51,27
2024-10-10,Thursday,Dinner,733,Cloudy,33,No,Yes,No,731,681,50,23
2024-11-08,Friday,Breakfast,691,Stormy,22,Yes,No,No,642,614,28,9
2024-10-31,Thursday,Lunch,642,Stormy,21,No,No,No,665,595,70,18
2024-12-18,Wednesday,Breakfast,647,Sunny,33,Yes,No,No,629,623,6,3
2024-07-22,Monday,Dinner,566,Cloudy,30,Yes,Yes,No,564,561,3,0
2024-09-04,Wednesday,Lunch,917,Stormy,28,No,Yes,No,900,832,68,51
2024-06-10,Monday,Lunch,453,Sunny,38,No,No,No,458,387,71,70
2024-06-29,Saturday,Lunch,313,Sunny,40,Yes,Yes,Yes,318,224,94,28
2024-07-07,Sunday,Lunch,531,Rainy,26,Yes,Yes,Yes,557,502,55,27
2024-11-01,Friday,Dinner,683,Stormy,24,Yes,No,No,666,604,62,42
2024-03-09,Saturday,Breakfast,944,Stormy,23,No,No,Yes,980,926,54,37
2024-04-28,Sunday,Lunch,509,Stormy,24,Yes,No,Yes,513,419,94,28
2024-05-01,Wednesday,Lunch,391,Cloudy,27,Yes,No,No,358,324,34,10
2024-06-29,Saturday,Lunch,418,Sunny,33,Yes,No,Yes,436,434,2,0
2024-01-02,Tuesday,Lunch,356,Rainy,24,Yes,No,No,385,315,70,11
2024-01-12,Friday,Breakfast,761,Rainy,24,No,No,No,745,696,49,1
2024-09-10,Tuesday,Dinner,295,Cloudy,32,No,Yes,No,258,188,70,34
2024-08-01,Thursday,Dinner,218,Sunny,40,No,No,No,246,181,65,10
2024-10-21,Monday,Dinner,790,Stormy,28,No,Yes,No,817,789,28,4
2024-12-08,Sunday,Dinner,858,Rainy,28,Yes,Yes,Yes,836,778,58,43
2024-08-04,Sunday,Dinner,528,Sunny,37,Yes,No,Yes,569,546,23,6
2024-05-26,Sunday,Dinner,350,Cloudy,26,Yes,No,Yes,345,342,3,2
2024-11-18,Monday,Dinner,310,Cloudy,32,No,Yes,No,346,281,65,58
2024-05-10,Friday,Dinner,669,Cloudy,31,Yes,Yes,No,662,605,57,46
2024-10-13,Sunday,Breakfast,220,Stormy,28,No,Yes,Yes,230,211,19,10
2024-09-06,Friday,Lunch,557,Stormy,26,Yes,No,No,580,569,11,1
2024-03-14,Thursday,Lunch,352,Cloudy,27,Yes,No,No,345,272,73,7
2024-04-24,Wednesday,Dinner,807,Stormy,22,No,Yes,No,777,692,85,0
2024-02-22,Thursday,Dinner,732,Stormy,23,No,No,No,684,667,17,5
2024-03-12,Tuesday,Lunch,855,Cloudy,27,No,Yes,No,860,847,13,4
2024-09-12,Thursday,Breakfast,252,Stormy,28,No,No,No,300,300,0,0
2024-07-21,Sunday,Dinner,298,Cloudy,33,Yes,No,Yes,325,312,13,6
2024-07-15,Monday,Dinner,832,Cloudy,27,No,No,No,861,797,64,60
2024-06-13,Thursday,Breakfast,259,Cloudy,26,No,No,No,247,184,63,2
2024-12-27,Friday,Lunch,566,Stormy,27,Yes,No,No,595,533,62,61
2024-07-01,Monday,Lunch,200,Sunny,37,No,Yes,No,175,166,9,1
2024-10-19,Saturday,Dinner,954,Rainy,25,Yes,Yes,Yes,961,940,21,1
2024-04-02,Tuesday,Breakfast,497,Sunny,40,No,No,No,454,384,70,32
2024-04-17,Wednesday,Dinner,547,Sunny,32,No,No,No,501,488,13,9
2024-03-04,Monday,Lunch,552,Cloudy,25,Yes,Yes,No,560,473,87,7
2024-09-27,Friday,Lunch,811,Cloudy,30,Yes,No,No,826,727,99,46
2024-05-17,Friday,Breakfast,585,Cloudy,28,Yes,Yes,No,620,560,60,24
2024-02-26,Monday,Breakfast,429,Stormy,23,No,Yes,No,452,416,36,7
2024-04-20,Saturday,Lunch,932,Cloudy,30,Yes,No,Yes,891,865,26,10
2024-07-07,Sunday,Breakfast,319,Sunny,39,Yes,Yes,Yes,278,216,62,31
2024-03-03,Sunday,Breakfast,527,Rainy,29,No,No,Yes,509,411,98,76
2024-10-05,Saturday,Breakfast,554,Rainy,22,No,Yes,Yes,511,412,99,23
2024-05-11,Saturday,Dinner,670,Cloudy,28,Yes,No,Yes,694,661,33,5
2024-05-23,Thursday,Dinner,603,Sunny,34,Yes,Yes,No,555,513,42,3
2024-03-25,Monday,Dinner,738,Stormy,21,No,Yes,No,718,677,41,7
2024-03-20,Wednesday,Breakfast,217,Rainy,26,No,No,No,170,146,24,13
2024-01-10,Wednesday,Breakfast,864,Sunny,30,No,No,No,829,823,6,5
2024-08-04,Sunday,Breakfast,341,Stormy,20,Yes,No,Yes,385,338,47,43
2024-07-05,Friday,Breakfast,924,Stormy,23,Yes,Yes,No,945,937,8,4
2024-03-18,Monday,Breakfast,706,Stormy,28,Yes,Yes,No,747,706,41,0
2024-12-23,Monday,Breakfast,897,Stormy,28,Yes,Yes,No,856,832,24,9
2024-10-23,Wednesday,Breakfast,286,Sunny,32,Yes,No,No,312,258,54,31
2024-03-29,Friday,Breakfast,732,Rainy,25,No,No,No,705,689,16,9
2024-01-20,Saturday,Lunch,203,Sunny,38,Yes,No,Yes,213,198,15,5
2024-08-04,Sunday,Lunch,538,Rainy,25,Yes,No,Yes,519,420,99,25
2024-05-02,Thursday,Dinner,755,Sunny,32,No,No,No,717,698,19,1
2024-05-12,Sunday,Lunch,689,Cloudy,28,No,Yes,Yes,649,611,38,29
2024-05-10,Friday,Lunch,537,Stormy,27,Yes,No,No,511,460,51,44
2024-07-29,Monday,Dinner,459,Stormy,24,Yes,No,No,509,411,98,14
2024-02-02,Friday,Breakfast,230,Rainy,29,No,Yes,No,218,183,35,31
2024-06-18,Tuesday,Lunch,807,Stormy,25,No,Yes,No,777,693,84,39
2024-02-15,Thursday,Breakfast,957,Sunny,35,Yes,Yes,No,961,872,89,13
2024-11-04,Monday,Lunch,404,Rainy,28,No,No,No,440,362,78,1
2024-06-22,Saturday,Lunch,880,Sunny,38,Yes,No,Yes,867,811,56,47
2024-03-26,Tuesday,Lunch,760,Stormy,21,No,Yes,No,750,669,81,36
2024-08-24,Saturday,Dinner,322,Stormy,25,No,No,Yes,359,307,52,7
2024-03-31,Sunday,Lunch,893,Rainy,28,No,Yes,Yes,918,878,40,36
2024-01-13,Saturday,Breakfast,794,Stormy,22,Yes,Yes,Yes,835,764,71,63
2024-07-08,Monday,Lunch,605,Sunny,32,Yes,Yes,No,612,585,27,1
2024-02-17,Saturday,Dinner,380,Cloudy,32,Yes,Yes,Yes,333,285,48,27
2024-05-08,Wednesday,Breakfast,939,Stormy,22,Yes,Yes,No,957,929,28,17
2024-05-30,Thursday,Dinner,232,Cloudy,28,Yes,No,No,264,251,13,6
2024-12-18,Wednesday,Dinner,487,Cloudy,33,No,Yes,No,452,381,71,36
2024-05-04,Saturday,Dinner,648,Rainy,23,No,No,Yes,620,612,8,1
2024-08-01,Thursday,Breakfast,923,Cloudy,27,No,Yes,No,919,898,21,19
2024-06-23,Sunday,Lunch,492,Sunny,40,No,Yes,Yes,492,464,28,20
2024-07-24,Wednesday,Breakfast,926,Stormy,23,No,No,No,972,919,53,12
2024-04-20,Saturday,Dinner,955,Rainy,29,Yes,Yes,Yes,911,855,56,20
2024-08-06,Tuesday,Lunch,519,Sunny,38,No,Yes,No,538,477,61,17
2024-01-17,Wednesday,Lunch,452,Sunny,32,Yes,No,No,406,377,29,4
2024-09-17,Tuesday,Lunch,673,Sunny,34,Yes,No,No,712,709,3,0
2024-10-31,Thursday,Lunch,865,Rainy,29,No,Yes,No,877,844,33,21
2024-04-06,Saturday,Breakfast,946,Sunny,40,Yes,Yes,Yes,922,872,50,20
2024-04-21,Sunday,Dinner,258,Stormy,22,No,No,Yes,222,197,25,10
2024-02-01,Thursday,Lunch,690,Sunny,35,No,Yes,No,731,668,63,37
2024-10-17,Thursday,Lunch,876,Sunny,37,No,No,No,885,808,77,71
2024-12-29,Sunday,Breakfast,410,Stormy,20,No,No,Yes,456,383,73,44
2024-08-14,Wednesday,Breakfast,460,Stormy,21,Yes,Yes,No,495,450,45,1
2024-01-26,Friday,Dinner,708,Sunny,38,No,Yes,No,733,679,54,43
2024-10-24,Thursday,Dinner,467,Rainy,27,Yes,No,No,426,372,54,12
2024-10-02,Wednesday,Dinner,774,Rainy,29,Yes,No,No,757,719,38,26
2024-10-04,Friday,Dinner,235,Cloudy,25,No,No,No,200,169,31,8
2024-01-30,Tuesday,Dinner,398,Cloudy,30,No,No,No,401,381,20,16
2024-11-04,Monday,Breakfast,418,Cloudy,28,Yes,No,No,452,373,79,71
2024-02-12,Monday,Breakfast,667,Rainy,28,Yes,No,No,635,541,94,64
2024-06-19,Wednesday,Dinner,924,Stormy,23,No,Yes,No,884,800,84,44
2024-02-10,Saturday,Breakfast,685,Stormy,21,Yes,No,Yes,690,620,70,0
2024-05-02,Thursday,Dinner,800,Rainy,25,No,No,No,843,783,60,26
2024-09-03,Tuesday,Lunch,763,Stormy,27,No,Yes,No,797,743,54,19
2024-04-24,Wednesday,Breakfast,588,Cloudy,27,No,Yes,No,556,513,43,27
2024-10-10,Thursday,Dinner,856,Stormy,26,No,No,No,877,781,96,83
2024-10-24,Thursday,Breakfast,882,Rainy,25,No,No,No,911,822,89,63
2024-03-01,Friday,Lunch,311,Rainy,29,No,Yes,No,275,204,71,52
2024-12-28,Saturday,Breakfast,549,Rainy,22,No,Yes,Yes,545,455,90,6
2024-11-10,Sunday,Lunch,746,Sunny,39,Yes,Yes,Yes,755,679,76,45
2024-05-07,Tuesday,Lunch,699,Cloudy,27,No,No,No,668,575,93,41
2024-09-20,Friday,Breakfast,471,Rainy,30,Yes,No,No,454,376,78,31
2024-01-14,Sunday,Breakfast,805,Stormy,25,No,No,Yes,811,796,15,0
2024-07-16,Tuesday,Lunch,456,Cloudy,30,Yes,Yes,No,480,426,54,18
2024-10-27,Sunday,Dinner,544,Stormy,27,No,Yes,Yes,513,436,77,73
2024-02-09,Friday,Breakfast,255,Cloudy,33,Yes,Yes,No,260,190,70,51
2024-07-01,Monday,Dinner,503,Stormy,22,No,Yes,No,492,481,11,2
2024-03-15,Friday,Breakfast,700,Sunny,36,No,Yes,No,659,601,58,17
2024-01-08,Monday,Lunch,935,Stormy,27,Yes,Yes,No,958,958,0,0
2024-11-10,Sunday,Dinner,370,Rainy,25,Yes,Yes,Yes,337,296,41,24
2024-09-03,Tuesday,Breakfast,749,Stormy,21,Yes,No,No,785,745,40,2
2024-09-06,Friday,Dinner,260,Cloudy,30,Yes,No,No,276,241,35,29
2024-02-20,Tuesday,Lunch,897,Stormy,26,Yes,No,No,946,880,66,26
2024-11-05,Tuesday,Breakfast,987,Stormy,22,No,Yes,No,944,886,58,47
2024-03-17,Sunday,Breakfast,736,Cloudy,26,Yes,No,Yes,728,699,29,19
2024-02-13,Tuesday,Lunch,735,Stormy,27,No,Yes,No,769,739,30,6
2024-04-23,Tuesday,Breakfast,846,Cloudy,31,No,No,No,820,753,67,53
2024-03-26,Tuesday,Dinner,815,Sunny,39,No,Yes,No,769,679,90,87
2024-12-11,Wednesday,Breakfast,974,Sunny,33,Yes,No,No,932,877,55,33
2024-06-23,Sunday,Dinner,625,Stormy,25,Yes,No,Yes,576,555,21,8
2024-03-13,Wednesday,Lunch,835,Sunny,39,No,No,No,854,816,38,7
2024-04-08,Monday,Lunch,741,Sunny,35,No,No,No,751,739,12,9
2024-08-18,Sunday,Dinner,560,Sunny,31,No,Yes,Yes,527,499,28,26
2024-12-11,Wednesday,Dinner,837,Sunny,34,Yes,No,No,819,743,76,31
2024-05-05,Sunday,Lunch,745,Cloudy,29,Yes,No,Yes,732,725,7,4
2024-10-12,Saturday,Dinner,455,Rainy,28,No,Yes,Yes,449,417,32,30
2024-04-29,Monday,Breakfast,535,Stormy,26,No,Yes,No,550,518,32,26
2024-05-28,Tuesday,Breakfast,416,Cloudy,30,No,Yes,No,387,314,73,73
2024-11-17,Sunday,Breakfast,686,Stormy,23,No,No,Yes,724,667,57,15
2024-11-01,Friday,Breakfast,950,Rainy,25,No,No,No,939,866,73,65
2024-06-22,Saturday,Lunch,878,Rainy,28,Yes,Yes,Yes,896,855,41,6
2024-05-17,Friday,Breakfast,637,Cloudy,29,No,No,No,625,560,65,64
2024-09-16,Monday,Dinner,633,Rainy,24,Yes,Yes,No,659,619,40,6
2024-06-18,Tuesday,Breakfast,783,Sunny,39,Yes,Yes,No,830,800,30,6
2024-11-01,Friday,Dinner,643,Cloudy,29,Yes,Yes,No,658,586,72,16
2024-07-18,Thursday,Lunch,703,Stormy,23,Yes,Yes,No,706,688,18,17
2024-11-04,Monday,Dinner,313,Rainy,22,No,No,No,329,268,61,21
2024-10-21,Monday,Lunch,295,Cloudy,31,No,Yes,No,277,206,71,44
2024-02-11,Sunday,Breakfast,478,Stormy,25,No,Yes,Yes,522,443,79,69
2024-04-23,Tuesday,Lunch,744,Cloudy,26,No,Yes,No,715,652,63,18
2024-09-16,Monday,Dinner,584,Cloudy,31,No,No,No,623,608,15,15
2024-11-28,Thursday,Breakfast,881,Stormy,25,Yes,No,No,863,817,46,20
2024-02-14,Wednesday,Breakfast,940,Stormy,26,Yes,No,No,977,898,79,79
2024-08-01,Thursday,Lunch,794,Cloudy,31,No,Yes,No,754,676,78,45
2024-11-27,Wednesday,Dinner,809,Cloudy,33,Yes,Yes,No,799,769,30,29
2024-05-13,Monday,Dinner,410,Sunny,32,No,Yes,No,370,361,9,4
2024-09-17,Tuesday,Dinner,310,Stormy,20,Yes,No,No,301,295,6,4
2024-04-08,Monday,Dinner,345,Stormy,21,Yes,No,No,326,241,85,45
2024-12-18,Wednesday,Lunch,680,Rainy,29,No,No,No,726,647,79,46
2024-05-18,Saturday,Dinner,973,Rainy,29,No,No,Yes,994,981,13,7
2024-07-17,Wednesday,Lunch,683,Rainy,22,No,Yes,No,671,583,88,12
2024-10-21,Monday,Lunch,357,Cloudy,27,No,Yes,No,333,300,33,28
2024-06-20,Thursday,Dinner,908,Sunny,37,Yes,Yes,No,900,829,71,1
2024-08-19,Monday,Lunch,453,Stormy,20,No,No,No,485,439,46,11
2024-03-05,Tuesday,Lunch,687,Stormy,26,Yes,Yes,No,645,640,5,1
2024-09-29,Sunday,Breakfast,201,Sunny,38,Yes,No,Yes,168,126,42,6
2024-02-13,Tuesday,Lunch,546,Rainy,29,No,Yes,No,507,432,75,8
2024-05-21,Tuesday,Lunch,300,Stormy,20,Yes,No,No,322,312,10,4
2024-07-05,Friday,Lunch,290,Cloudy,25,No,Yes,No,283,225,58,53
2024-08-15,Thursday,Lunch,803,Stormy,24,Yes,No,No,779,713,66,63
2024-09-14,Saturday,Lunch,474,Rainy,22,No,No,Yes,467,390,77,29
2024-09-16,Monday,Dinner,690,Rainy,30,No,No,No,706,666,40,39
2024-04-28,Sunday,Dinner,610,Sunny,39,Yes,No,Yes,633,549,84,40
2024-11-12,Tuesday,Dinner,326,Sunny,32,No,Yes,No,308,289,19,8
2024-01-24,Wednesday,Lunch,338,Sunny,39,Yes,Yes,No,312,301,11,6
2024-12-20,Friday,Breakfast,443,Rainy,27,Yes,No,No,440,398,42,2
2024-05-02,Thursday,Lunch,799,Rainy,28,Yes,Yes,No,771,698,73,30
2024-07-14,Sunday,Breakfast,680,Rainy,24,No,No,Yes,711,621,90,51
2024-12-18,Wednesday,Lunch,283,Cloudy,29,No,Yes,No,321,254,67,43
2024-05-03,Friday,Breakfast,414,Stormy,21,No,Yes,No,386,322,64,19
2024-01-06,Saturday,Dinner,908,Sunny,34,No,No,Yes,945,894,51,15
2024-06-13,Thursday,Lunch,269,Rainy,30,No,Yes,No,284,270,14,6
2024-03-23,Saturday,Lunch,787,Sunny,31,No,No,Yes,834,820,14,4
2024-07-11,Thursday,Dinner,620,Sunny,30,No,Yes,No,669,584,85,70
2024-07-05,Friday,Breakfast,794,Sunny,37,No,No,No,834,809,25,19
2024-01-04,Thursday,Dinner,468,Sunny,33,No,Yes,No,501,460,41,10
2024-09-08,Sunday,Dinner,395,Cloudy,30,Yes,No,Yes,370,332,38,3
2024-02-19,Monday,Breakfast,310,Cloudy,33,No,Yes,No,288,246,42,28
2024-03-27,Wednesday,Dinner,308,Rainy,28,No,No,No,345,290,55,52
2024-12-22,Sunday,Dinner,966,Stormy,21,No,No,Yes,1001,916,85,46
2024-03-29,Friday,Dinner,650,Sunny,32,No,Yes,No,650,620,30,9
2024-03-25,Monday,Breakfast,630,Sunny,32,No,Yes,No,580,562,18,5
2024-03-26,Tuesday,Breakfast,357,Sunny,33,Yes,Yes,No,310,249,61,28
2024-02-09,Friday,Dinner,201,Cloudy,31,No,Yes,No,179,156,23,9
2024-06-25,Tuesday,Lunch,968,Stormy,21,No,No,No,972,945,27,25
2024-09-12,Thursday,Dinner,495,Rainy,24,No,No,No,483,482,1,1
2024-06-11,Tuesday,Breakfast,274,Cloudy,33,No,No,No,262,247,15,6
2024-12-29,Sunday,Dinner,557,Stormy,27,Yes,No,Yes,539,515,24,11
2024-01-18,Thursday,Breakfast,946,Cloudy,28,No,No,No,992,917,75,27
2024-02-12,Monday,Dinner,962,Stormy,27,No,No,No,956,874,82,8
2024-08-30,Friday,Lunch,981,Sunny,35,Yes,No,No,940,851,89,41
2024-06-06,Thursday,Lunch,942,Cloudy,33,No,No,No,910,879,31,7
2024-04-14,Sunday,Dinner,738,Stormy,26,Yes,No,Yes,695,686,9,4
2024-10-13,Sunday,Lunch,862,Stormy,27,Yes,Yes,Yes,904,901,3,0
2024-06-13,Thursday,Dinner,590,Sunny,37,Yes,Yes,No,567,524,43,37
2024-03-09,Saturday,Dinner,907,Stormy,22,Yes,No,Yes,887,876,11,4
2024-03-11,Monday,Breakfast,634,Cloudy,31,Yes,No,No,644,568,76,35
2024-05-25,Saturday,Lunch,935,Stormy,26,No,Yes,Yes,950,946,4,3
2024-05-08,Wednesday,Breakfast,612,Rainy,22,Yes,No,No,636,610,26,26
2024-06-28,Friday,Lunch,872,Rainy,24,Yes,No,No,901,896,5,2
2024-03-24,Sunday,Breakfast,470,Stormy,20,Yes,No,Yes,505,410,95,73
2024-05-10,Friday,Dinner,871,Stormy,28,No,Yes,No,841,775,66,56
2024-05-31,Friday,Dinner,976,Cloudy,26,No,No,No,941,898,43,4
2024-07-14,Sunday,Lunch,281,Rainy,28,No,No,Yes,265,220,45,34
2024-04-20,Saturday,Lunch,936,Cloudy,30,Yes,Yes,Yes,936,859,77,15
2024-08-19,Monday,Lunch,641,Stormy,24,Yes,Yes,No,678,630,48,20
2024-01-17,Wednesday,Lunch,218,Cloudy,31,No,Yes,No,197,122,75,58
2024-01-25,Thursday,Dinner,963,Cloudy,32,Yes,Yes,No,959,933,26,5
2024-02-24,Saturday,Breakfast,756,Sunny,32,Yes,Yes,Yes,765,673,92,19
2024-02-04,Sunday,Breakfast,664,Sunny,38,Yes,Yes,Yes,706,665,41,2
2024-08-07,Wednesday,Breakfast,839,Cloudy,33,Yes,Yes,No,828,778,50,20
2024-11-12,Tuesday,Dinner,743,Rainy,24,No,Yes,No,698,601,97,68
2024-05-21,Tuesday,Dinner,833,Cloudy,29,No,Yes,No,851,838,13,8
2024-06-06,Thursday,Breakfast,509,Rainy,23,No,No,No,464,441,23,20
2024-11-09,Saturday,Lunch,959,Rainy,23,No,No,Yes,954,877,77,26
2024-11-21,Thursday,Dinner,247,Rainy,25,No,Yes,No,234,160,74,43
2024-05-18,Saturday,Dinner,434,Cloudy,27,Yes,No,Yes,420,372,48,32
2024-05-25,Saturday,Lunch,970,Stormy,26,Yes,No,Yes,962,937,25,21
2024-10-01,Tuesday,Lunch,768,Sunny,30,No,Yes,No,746,659,87,31
2024-06-25,Tuesday,Breakfast,445,Rainy,22,No,Yes,No,407,321,86,82
2024-03-05,Tuesday,Lunch,488,Stormy,23,Yes,Yes,No,491,424,67,5
2024-01-19,Friday,Dinner,623,Sunny,30,Yes,No,No,634,553,81,30
2024-12-04,Wednesday,Dinner,816,Rainy,27,No,No,No,822,796,26,21
2024-12-29,Sunday,Dinner,760,Rainy,28,Yes,Yes,Yes,738,686,52,16
2024-04-03,Wednesday,Lunch,573,Rainy,25,Yes,Yes,No,535,484,51,29
2024-07-10,Wednesday,Lunch,355,Sunny,31,Yes,No,No,368,279,89,47
2024-06-28,Friday,Lunch,761,Sunny,32,Yes,Yes,No,718,653,65,54
2024-05-11,Saturday,Dinner,701,Cloudy,32,No,Yes,Yes,657,560,97,87
2024-12-17,Tuesday,Dinner,864,Cloudy,28,No,No,No,849,770,79,44
2024-08-23,Friday,Lunch,416,Rainy,30,No,Yes,No,411,384,27,7
2024-05-15,Wednesday,Dinner,679,Cloudy,25,Yes,Yes,No,701,608,93,21
2024-01-21,Sunday,Breakfast,747,Stormy,20,Yes,Yes,Yes,735,660,75,3
2024-04-01,Monday,Breakfast,419,Sunny,31,No,No,No,461,432,29,11
2024-02-27,Tuesday,Dinner,847,Sunny,32,No,No,No,797,711,86,47
2024-11-15,Friday,Breakfast,960,Stormy,23,Yes,No,No,913,868,45,5
2024-05-05,Sunday,Dinner,399,Sunny,36,Yes,Yes,Yes,397,303,94,51
2024-12-04,Wednesday,Breakfast,726,Sunny,30,No,No,No,760,675,85,34
2024-06-16,Sunday,Breakfast,679,Stormy,24,No,No,Yes,680,677,3,0
2024-05-04,Saturday,Lunch,332,Sunny,32,No,No,Yes,338,262,76,36
2024-08-29,Thursday,Lunch,942,Stormy,28,Yes,Yes,No,941,854,87,78
2024-02-11,Sunday,Dinner,830,Sunny,37,No,Yes,Yes,839,750,89,53
2024-07-02,Tuesday,Lunch,408,Cloudy,29,No,Yes,No,429,392,37,24
2024-09-19,Thursday,Lunch,665,Cloudy,29,Yes,No,No,678,594,84,40
2024-05-19,Sunday,Breakfast,853,Rainy,25,No,No,Yes,877,845,32,8
2024-07-17,Wednesday,Lunch,211,Rainy,25,No,No,No,189,179,10,8
2024-10-20,Sunday,Lunch,765,Cloudy,27,Yes,No,Yes,716,616,100,5
2024-04-07,Sunday,Breakfast,824,Cloudy,28,Yes,No,Yes,798,703,95,19
2024-09-22,Sunday,Dinner,722,Rainy,23,No,No,Yes,696,614,82,24
2024-10-10,Thursday,Lunch,323,Cloudy,32,Yes,Yes,No,277,207,70,39
2024-01-22,Monday,Breakfast,707,Sunny,39,Yes,No,No,660,615,45,18
2024-09-13,Friday,Breakfast,470,Cloudy,33,Yes,No,No,477,414,63,7
2024-09-05,Thursday,Dinner,346,Cloudy,31,No,No,No,393,311,82,7
2024-05-22,Wednesday,Lunch,843,Sunny,33,Yes,No,No,834,739,95,7
2024-10-18,Friday,Lunch,457,Sunny,31,Yes,No,No,433,412,21,1
2024-01-22,Monday,Breakfast,453,Stormy,24,Yes,Yes,No,483,465,18,18
2024-02-28,Wednesday,Breakfast,747,Sunny,33,Yes,Yes,No,721,718,3,2
2024-09-14,Saturday,Dinner,880,Cloudy,25,No,Yes,Yes,870,845,25,20
2024-09-18,Wednesday,Lunch,264,Stormy,24,No,Yes,No,267,194,73,51
2024-07-09,Tuesday,Dinner,745,Sunny,31,No,Yes,No,770,746,24,9
2024-02-17,Saturday,Dinner,400,Cloudy,32,Yes,Yes,Yes,449,410,39,14
2024-06-05,Wednesday,Breakfast,276,Rainy,28,No,Yes,No,239,163,76,2
2024-02-21,Wednesday,Breakfast,617,Rainy,24,Yes,No,No,640,612,28,3
2024-07-16,Tuesday,Dinner,573,Rainy,25,No,Yes,No,576,532,44,30
2024-07-20,Saturday,Lunch,738,Stormy,23,No,Yes,Yes,691,682,9,2
2024-09-11,Wednesday,Lunch,727,Sunny,39,No,Yes,No,685,647,38,35
2024-12-02,Monday,Lunch,206,Cloudy,29,Yes,Yes,No,175,124,51,38
2024-02-06,Tuesday,Dinner,269,Sunny,30,Yes,No,No,270,222,48,0
2024-03-13,Wednesday,Lunch,330,Sunny,30,Yes,No,No,380,292,88,58
2024-11-03,Sunday,Breakfast,561,Stormy,23,Yes,No,Yes,603,532,71,71
2024-03-22,Friday,Lunch,986,Stormy,20,Yes,No,No,1025,1000,25,16
2024-05-21,Tuesday,Dinner,542,Sunny,40,Yes,Yes,No,525,442,83,29
2024-01-30,Tuesday,Breakfast,603,Sunny,30,No,No,No,554,545,9,1
2024-01-05,Friday,Breakfast,624,Sunny,31,No,No,No,649,640,9,6
2024-11-08,Friday,Dinner,493,Cloudy,30,No,Yes,No,448,427,21,18
2024-07-01,Monday,Breakfast,263,Rainy,27,No,No,No,282,250,32,22
2024-01-04,Thursday,Lunch,483,Stormy,27,Yes,No,No,493,437,56,1
2024-12-19,Thursday,Lunch,271,Cloudy,28,No,Yes,No,294,207,87,5
2024-04-19,Friday,Breakfast,277,Sunny,32,No,No,No,318,231,87,66
2024-11-19,Tuesday,Breakfast,681,Stormy,27,Yes,Yes,No,664,627,37,18
2024-12-01,Sunday,Dinner,780,Stormy,22,No,No,Yes,818,744,74,34
2024-04-11,Thursday,Dinner,341,Rainy,26,No,Yes,No,348,312,36,9
2024-11-10,Sunday,Lunch,242,Stormy,26,No,No,Yes,211,137,74,49
2024-04-18,Thursday,Lunch,851,Rainy,23,No,Yes,No,875,783,92,53
2024-11-06,Wednesday,Dinner,841,Stormy,21,Yes,No,No,796,742,54,47
2024-06-26,Wednesday,Dinner,663,Stormy,21,Yes,No,No,678,595,83,20
2024-05-01,Wednesday,Breakfast,300,Rainy,22,No,No,No,271,206,65,28
2024-12-11,Wednesday,Dinner,647,Rainy,23,Yes,Yes,No,632,614,18,15
2024-09-22,Sunday,Lunch,253,Cloudy,29,Yes,Yes,Yes,277,219,58,0
2024-09-16,Monday,Breakfast,373,Stormy,20,Yes,Yes,No,399,331,68,3
2024-09-30,Monday,Lunch,735,Sunny,34,Yes,Yes,No,718,644,74,6
2024-07-05,Friday,Lunch,396,Cloudy,32,Yes,Yes,No,364,287,77,27
2024-09-01,Sunday,Dinner,633,Stormy,22,Yes,Yes,Yes,601,534,67,1
2024-06-03,Monday,Lunch,415,Rainy,28,No,Yes,No,404,368,36,9
2024-05-15,Wednesday,Lunch,936,Sunny,30,Yes,No,No,933,927,6,2
2024-11-21,Thursday,Lunch,624,Cloudy,26,Yes,Yes,No,589,559,30,26
2024-11-07,Thursday,Lunch,527,Cloudy,33,Yes,No,No,576,522,54,17
2024-12-31,Tuesday,Lunch,994,Cloudy,32,Yes,Yes,No,1024,982,42,30
2024-03-28,Thursday,Dinner,269,Sunny,32,Yes,No,No,265,204,61,20
2024-04-19,Friday,Breakfast,651,Sunny,38,No,No,No,650,641,9,1
2024-05-07,Tuesday,Dinner,848,Sunny,40,No,No,No,870,844,26,5
2024-03-18,Monday,Lunch,371,Sunny,32,Yes,Yes,No,407,327,80,22
2024-07-27,Saturday,Lunch,550,Sunny,32,No,No,Yes,512,476,36,28
2024-11-19,Tuesday,Lunch,433,Sunny,37,No,No,No,469,408,61,15
2024-10-30,Wednesday,Dinner,333,Cloudy,25,Yes,Yes,No,327,299,28,13
2024-12-21,Saturday,Breakfast,436,Sunny,37,No,Yes,Yes,476,468,8,1
2024-07-16,Tuesday,Dinner,766,Stormy,26,Yes,No,No,753,689,64,45
2024-06-02,Sunday,Lunch,347,Stormy,28,Yes,No,Yes,366,322,44,21
2024-10-04,Friday,Dinner,617,Rainy,30,No,No,No,612,575,37,3
2024-12-02,Monday,Breakfast,951,Sunny,39,Yes,Yes,No,905,899,6,2
2024-05-14,Tuesday,Lunch,747,Stormy,28,No,No,No,778,679,99,58
2024-02-28,Wednesday,Dinner,833,Sunny,39,No,Yes,No,788,755,33,23
2024-02-27,Tuesday,Dinner,356,Stormy,25,No,Yes,No,335,328,7,0
2024-09-22,Sunday,Breakfast,510,Sunny,34,Yes,Yes,Yes,534,495,39,14
2024-01-01,Monday,Breakfast,805,Sunny,38,No,No,No,756,743,13,4
2024-10-31,Thursday,Dinner,801,Cloudy,29,No,Yes,No,840,827,13,7
2024-10-10,Thursday,Breakfast,314,Sunny,32,Yes,Yes,No,291,204,87,75
2024-01-29,Monday,Dinner,875,Rainy,26,Yes,No,No,858,767,91,66
2024-10-23,Wednesday,Breakfast,271,Sunny,37,Yes,Yes,No,285,225,60,57
2024-12-19,Thursday,Lunch,989,Cloudy,30,No,No,No,982,905,77,37
2024-10-26,Saturday,Lunch,699,Stormy,28,No,No,Yes,699,648,51,10
2024-09-11,Wednesday,Lunch,615,Stormy,22,Yes,No,No,601,567,34,29
2024-03-23,Saturday,Lunch,663,Sunny,35,Yes,No,Yes,624,533,91,44
2024-10-15,Tuesday,Breakfast,801,Rainy,23,No,No,No,816,738,78,51
2024-03-26,Tuesday,Lunch,517,Stormy,22,No,Yes,No,488,406,82,80
2024-09-20,Friday,Breakfast,824,Cloudy,32,No,Yes,No,789,730,59,36
2024-07-13,Saturday,Dinner,907,Stormy,20,No,Yes,Yes,894,816,78,2
2024-06-25,Tuesday,Breakfast,785,Stormy,26,No,Yes,No,761,677,84,6
2024-11-04,Monday,Dinner,534,Cloudy,27,Yes,Yes,No,552,522,30,21
2024-11-19,Tuesday,Breakfast,341,Rainy,30,Yes,No,No,350,303,47,9
2024-01-24,Wednesday,Dinner,546,Sunny,39,Yes,Yes,No,535,442,93,88
2024-01-08,Monday,Dinner,895,Sunny,38,No,No,No,888,836,52,5
2024-10-21,Monday,Lunch,374,Cloudy,28,No,Yes,No,408,345,63,42
2024-10-25,Friday,Dinner,934,Cloudy,28,No,No,No,978,882,96,43
2024-04-05,Friday,Dinner,666,Sunny,39,No,No,No,661,561,100,95
2024-10-26,Saturday,Breakfast,435,Stormy,20,No,Yes,Yes,426,408,18,12
2024-01-27,Saturday,Dinner,756,Sunny,33,No,Yes,Yes,783,710,73,42
2024-03-12,Tuesday,Dinner,777,Rainy,29,Yes,No,No,790,787,3,1
2024-08-01,Thursday,Lunch,780,Cloudy,31,Yes,Yes,No,786,732,54,50
2024-10-23,Wednesday,Breakfast,349,Cloudy,28,Yes,No,No,344,285,59,51
2024-08-10,Saturday,Lunch,218,Rainy,24,No,Yes,Yes,253,181,72,26
2024-04-17,Wednesday,Lunch,682,Stormy,22,Yes,Yes,No,721,700,21,6
2024-01-24,Wednesday,Lunch,323,Stormy,25,No,Yes,No,352,328,24,19
2024-01-09,Tuesday,Breakfast,223,Sunny,33,No,No,No,273,256,17,3
2024-06-01,Saturday,Lunch,512,Sunny,31,No,No,Yes,557,495,62,52
2024-05-17,Friday,Dinner,553,Stormy,21,Yes,Yes,No,564,530,34,24
2024-05-16,Thursday,Dinner,401,Cloudy,31,Yes,Yes,No,376,321,55,49
2024-07-10,Wednesday,Dinner,552,Rainy,25,Yes,No,No,592,541,51,6
2024-06-16,Sunday,Breakfast,450,Stormy,21,Yes,Yes,Yes,410,323,87,26
2024-07-08,Monday,Dinner,857,Rainy,28,No,No,No,893,844,49,32
2024-08-24,Saturday,Breakfast,983,Stormy,22,No,Yes,Yes,1003,919,84,55
2024-07-30,Tuesday,Lunch,707,Sunny,35,No,No,No,686,678,8,7
2024-11-27,Wednesday,Dinner,499,Rainy,24,No,Yes,No,531,526,5,0
2024-02-18,Sunday,Dinner,418,Stormy,26,Yes,No,Yes,438,341,97,38
2024-11-19,Tuesday,Breakfast,414,Cloudy,33,No,Yes,No,442,429,13,5
2024-12-26,Thursday,Lunch,813,Rainy,22,Yes,Yes,No,771,731,40,36
2024-04-01,Monday,Dinner,998,Sunny,40,Yes,No,No,1002,976,26,10
2024-05-28,Tuesday,Lunch,638,Cloudy,31,Yes,Yes,No,650,588,62,54
2024-08-15,Thursday,Lunch,298,Rainy,25,No,No,No,343,244,99,53
2024-04-27,Saturday,Lunch,744,Rainy,29,No,Yes,Yes,714,685,29,8
2024-06-30,Sunday,Dinner,336,Rainy,29,Yes,Yes,Yes,297,284,13,3
2024-05-01,Wednesday,Dinner,908,Cloudy,31,Yes,Yes,No,884,812,72,47
2024-11-10,Sunday,Breakfast,510,Stormy,22,No,No,Yes,475,419,56,2
2024-02-08,Thursday,Breakfast,480,Rainy,23,Yes,Yes,No,488,389,99,38
2024-06-20,Thursday,Lunch,400,Stormy,25,No,Yes,No,360,274,86,24
2024-05-29,Wednesday,Dinner,374,Rainy,28,No,No,No,333,313,20,1
2024-05-12,Sunday,Lunch,264,Sunny,36,No,No,Yes,276,231,45,38
2024-08-29,Thursday,Lunch,933,Rainy,23,No,Yes,No,925,891,34,24
2024-07-01,Monday,Dinner,713,Rainy,25,Yes,Yes,No,717,626,91,36
2024-05-11,Saturday,Lunch,594,Cloudy,29,Yes,No,Yes,560,521,39,16
2024-07-04,Thursday,Breakfast,638,Rainy,28,Yes,Yes,No,636,565,71,39
2024-04-15,Monday,Breakfast,529,Stormy,24,No,No,No,553,539,14,0
2024-03-13,Wednesday,Breakfast,863,Cloudy,29,Yes,Yes,No,887,797,90,44
2024-04-08,Monday,Breakfast,402,Rainy,26,Yes,Yes,No,449,445,4,1
2024-07-06,Saturday,Breakfast,562,Stormy,20,No,Yes,Yes,546,509,37,25
2024-04-08,Monday,Dinner,547,Stormy,28,Yes,No,No,512,426,86,37
2024-08-25,Sunday,Dinner,920,Sunny,32,No,Yes,Yes,935,890,45,45
2024-12-22,Sunday,Breakfast,754,Sunny,31,No,No,Yes,748,694,54,20
2024-02-16,Friday,Dinner,763,Sunny,40,No,Yes,No,749,749,0,0
2024-07-31,Wednesday,Breakfast,836,Stormy,27,No,No,No,833,822,11,1
2024-09-25,Wednesday,Dinner,642,Sunny,37,No,Yes,No,682,655,27,18
2024-09-03,Tuesday,Dinner,714,Sunny,36,No,No,No,733,672,61,34
2024-03-26,Tuesday,Breakfast,327,Stormy,24,No,Yes,No,321,234,87,46
2024-07-25,Thursday,Breakfast,971,Stormy,27,No,No,No,1004,990,14,1
2024-02-06,Tuesday,Dinner,842,Stormy,24,No,Yes,No,792,733,59,45
2024-08-23,Friday,Breakfast,630,Stormy,26,Yes,No,No,586,555,31,10
2024-11-21,Thursday,Lunch,628,Cloudy,33,No,No,No,626,561,65,41
2024-03-17,Sunday,Lunch,458,Rainy,28,No,No,Yes,448,415,33,7
2024-03-14,Thursday,Breakfast,443,Cloudy,32,No,Yes,No,401,370,31,19
2024-10-21,Monday,Breakfast,216,Sunny,36,No,Yes,No,200,111,89,73
2024-08-08,Thursday,Breakfast,690,Rainy,25,Yes,Yes,No,721,649,72,44
2024-10-13,Sunday,Breakfast,595,Sunny,31,Yes,Yes,Yes,555,506,49,12
2024-08-05,Monday,Breakfast,597,Stormy,25,No,No,No,547,518,29,23
2024-03-04,Monday,Dinner,883,Stormy,20,No,No,No,893,822,71,10
2024-04-04,Thursday,Breakfast,487,Sunny,30,No,No,No,475,424,51,3
2024-03-06,Wednesday,Dinner,825,Stormy,23,No,Yes,No,828,750,78,77
2024-07-12,Friday,Breakfast,768,Sunny,40,No,No,No,782,772,10,4
2024-07-22,Monday,Lunch,806,Stormy,24,Yes,No,No,828,769,59,43
2024-01-20,Saturday,Breakfast,874,Sunny,37,Yes,Yes,Yes,839,776,63,3
2024-09-30,Monday,Breakfast,399,Sunny,39,Yes,Yes,No,426,380,46,38
2024-07-09,Tuesday,Dinner,474,Sunny,32,Yes,No,No,505,447,58,26
2024-10-12,Saturday,Breakfast,447,Stormy,24,No,Yes,Yes,418,369,49,19
2024-04-02,Tuesday,Lunch,972,Cloudy,26,No,Yes,No,1000,931,69,65
2024-05-25,Saturday,Lunch,977,Rainy,23,No,Yes,Yes,963,925,38,2
2024-07-26,Friday,Breakfast,882,Rainy,30,No,Yes,No,897,843,54,11
2024-10-04,Friday,Breakfast,297,Rainy,29,No,No,No,271,257,14,10
2024-08-08,Thursday,Dinner,958,Sunny,34,Yes,No,No,958,888,70,45
2024-05-15,Wednesday,Dinner,465,Stormy,24,No,Yes,No,458,401,57,46
2024-06-24,Monday,Lunch,381,Sunny,34,No,Yes,No,404,340,64,58
2024-03-05,Tuesday,Lunch,983,Cloudy,27,No,Yes,No,980,978,2,1
2024-09-23,Monday,Dinner,897,Stormy,28,No,No,No,865,767,98,55
2024-03-20,Wednesday,Dinner,714,Stormy,25,No,Yes,No,742,664,78,78
2024-01-09,Tuesday,Dinner,593,Sunny,40,Yes,Yes,No,637,595,42,16
2024-07-03,Wednesday,Breakfast,883,Sunny,38,No,Yes,No,907,853,54,52
2024-12-17,Tuesday,Breakfast,924,Stormy,26,No,No,No,920,891,29,0
2024-05-31,Friday,Lunch,894,Sunny,35,No,Yes,No,902,845,57,47
2024-08-13,Tuesday,Breakfast,573,Rainy,30,Yes,Yes,No,606,557,49,48
2024-10-14,Monday,Breakfast,594,Stormy,21,Yes,No,No,608,582,26,26
2024-05-28,Tuesday,Breakfast,892,Stormy,26,Yes,Yes,No,934,870,64,56
2024-10-17,Thursday,Lunch,647,Sunny,34,Yes,Yes,No,659,559,100,14
2024-11-13,Wednesday,Dinner,562,Sunny,39,Yes,Yes,No,564,538,26,13
2024-04-24,Wednesday,Lunch,654,Rainy,26,Yes,Yes,No,607,585,22,17
2024-08-17,Saturday,Dinner,899,Cloudy,27,Yes,Yes,Yes,897,827,70,39
2024-08-26,Monday,Lunch,336,Stormy,25,Yes,Yes,No,301,223,78,34
2024-09-26,Thursday,Dinner,504,Sunny,37,No,No,No,479,385,94,1
2024-03-12,Tuesday,Dinner,882,Sunny,33,No,No,No,862,771,91,14
2024-03-02,Saturday,Dinner,672,Rainy,28,No,No,Yes,625,573,52,45
2024-07-27,Saturday,Lunch,454,Rainy,23,Yes,Yes,Yes,489,479,10,2
2024-01-27,Saturday,Breakfast,855,Sunny,35,No,Yes,Yes,818,725,93,60
2024-02-06,Tuesday,Breakfast,428,Cloudy,31,No,Yes,No,464,373,91,87
2024-06-27,Thursday,Breakfast,702,Cloudy,27,Yes,Yes,No,682,610,72,50
2024-06-25,Tuesday,Lunch,305,Stormy,23,No,No,No,300,252,48,32
2024-07-06,Saturday,Dinner,702,Stormy,28,Yes,Yes,Yes,728,695,33,28
2024-06-19,Wednesday,Lunch,513,Sunny,39,No,No,No,483,457,26,13
2024-04-14,Sunday,Dinner,629,Sunny,34,Yes,Yes,Yes,587,582,5,0
2024-10-01,Tuesday,Lunch,260,Cloudy,31,No,Yes,No,212,171,41,24
2024-09-13,Friday,Lunch,992,Stormy,26,No,No,No,970,950,20,17
2024-02-04,Sunday,Breakfast,616,Cloudy,25,Yes,Yes,Yes,646,606,40,23
2024-03-14,Thursday,Lunch,916,Cloudy,31,Yes,No,No,961,874,87,68
2024-04-04,Thursday,Breakfast,799,Cloudy,28,Yes,No,No,819,769,50,14
2024-05-19,Sunday,Dinner,882,Stormy,25,Yes,No,Yes,854,799,55,36
2024-11-08,Friday,Lunch,854,Rainy,24,No,Yes,No,845,793,52,14
2024-09-28,Saturday,Lunch,815,Rainy,24,Yes,No,Yes,806,723,83,57
2024-01-13,Saturday,Breakfast,260,Stormy,25,Yes,No,Yes,262,250,12,10
2024-03-27,Wednesday,Dinner,1000,Rainy,22,No,No,No,979,889,90,68
2024-03-04,Monday,Dinner,758,Rainy,30,Yes,No,No,723,639,84,26
2024-10-06,Sunday,Breakfast,523,Stormy,24,No,No,Yes,482,464,18,8
2024-12-22,Sunday,Breakfast,205,Rainy,29,No,No,Yes,175,170,5,3
2024-10-08,Tuesday,Breakfast,691,Rainy,25,No,Yes,No,658,560,98,41
2024-07-24,Wednesday,Breakfast,234,Stormy,20,Yes,No,No,196,110,86,76
2024-12-27,Friday,Lunch,214,Rainy,22,Yes,Yes,No,256,169,87,83
2024-10-31,Thursday,Lunch,920,Stormy,20,No,No,No,906,833,73,43
2024-06-16,Sunday,Breakfast,841,Sunny,38,Yes,No,Yes,843,805,38,20
2024-10-04,Friday,Dinner,706,Stormy,21,No,Yes,No,750,746,4,4
2024-06-23,Sunday,Dinner,373,Rainy,27,No,Yes,Yes,333,331,2,0
2024-09-25,Wednesday,Dinner,583,Rainy,29,Yes,Yes,No,603,585,18,8
2024-08-02,Friday,Dinner,424,Rainy,30,No,Yes,No,451,442,9,0
2024-09-02,Monday,Lunch,731,Sunny,33,No,Yes,No,707,706,1,1
2024-07-20,Saturday,Dinner,499,Cloudy,31,No,Yes,Yes,518,475,43,22
2024-11-08,Friday,Breakfast,696,Sunny,36,No,Yes,No,669,641,28,2
2024-08-02,Friday,Dinner,437,Cloudy,33,Yes,No,No,418,372,46,24
2024-01-04,Thursday,Lunch,527,Cloudy,30,Yes,No,No,574,522,52,34
2024-12-17,Tuesday,Dinner,433,Cloudy,32,No,No,No,386,358,28,21
2024-06-29,Saturday,Lunch,558,Stormy,28,Yes,Yes,Yes,536,438,98,5
2024-07-12,Friday,Dinner,890,Stormy,27,Yes,Yes,No,906,862,44,20
2024-12-31,Tuesday,Lunch,682,Stormy,22,Yes,Yes,No,663,607,56,39
2024-06-11,Tuesday,Dinner,571,Rainy,24,Yes,Yes,No,581,533,48,35
2024-05-09,Thursday,Dinner,431,Sunny,40,Yes,Yes,No,411,349,62,47
2024-07-02,Tuesday,Breakfast,871,Stormy,24,No,Yes,No,838,779,59,18
2024-07-06,Saturday,Lunch,252,Cloudy,31,No,Yes,Yes,291,254,37,32
2024-03-15,Friday,Dinner,272,Rainy,23,Yes,Yes,No,274,265,9,2
2024-11-25,Monday,Lunch,775,Sunny,37,Yes,Yes,No,824,769,55,51
2024-09-26,Thursday,Breakfast,277,Rainy,30,No,Yes,No,316,302,14,7
2024-09-23,Monday,Lunch,631,Cloudy,33,No,Yes,No,598,513,85,69
2024-02-11,Sunday,Breakfast,745,Rainy,22,Yes,Yes,Yes,700,698,2,0
2024-08-01,Thursday,Breakfast,266,Cloudy,31,No,Yes,No,247,162,85,79
2024-03-24,Sunday,Lunch,288,Sunny,37,Yes,No,Yes,246,240,6,1
2024-02-06,Tuesday,Dinner,204,Sunny,36,No,Yes,No,219,212,7,0
2024-06-28,Friday,Dinner,988,Sunny,37,Yes,No,No,1007,1003,4,1
2024-04-18,Thursday,Dinner,820,Sunny,35,No,No,No,870,809,61,2
2024-08-03,Saturday,Dinner,295,Stormy,26,Yes,No,Yes,302,213,89,2
2024-12-27,Friday,Dinner,641,Cloudy,27,No,No,No,597,574,23,5
2024-01-17,Wednesday,Dinner,985,Cloudy,31,No,Yes,No,997,992,5,4
2024-12-27,Friday,Breakfast,978,Stormy,27,No,No,No,1020,974,46,17
2024-07-08,Monday,Breakfast,442,Stormy,26,Yes,No,No,477,414,63,19
2024-05-21,Tuesday,Dinner,271,Cloudy,29,No,No,No,310,230,80,1
2024-06-05,Wednesday,Lunch,201,Stormy,23,No,No,No,168,73,95,3
2024-10-08,Tuesday,Breakfast,767,Rainy,22,Yes,No,No,755,744,11,7
2024-02-04,Sunday,Dinner,439,Rainy,25,No,Yes,Yes,482,390,92,43
2024-09-28,Saturday,Lunch,734,Rainy,30,Yes,Yes,Yes,765,697,68,42
2024-08-04,Sunday,Lunch,813,Stormy,24,No,No,Yes,784,702,82,10
2024-04-19,Friday,Dinner,348,Rainy,24,No,Yes,No,318,316,2,0
2024-06-22,Saturday,Dinner,464,Stormy,23,No,No,Yes,454,436,18,18
2024-08-05,Monday,Dinner,656,Rainy,25,Yes,No,No,670,622,48,21
2024-02-01,Thursday,Dinner,794,Rainy,30,Yes,Yes,No,790,777,13,11
2024-08-13,Tuesday,Dinner,818,Stormy,28,No,Yes,No,790,778,12,12
2024-03-29,Friday,Breakfast,510,Cloudy,27,No,No,No,545,507,38,13
2024-12-05,Thursday,Breakfast,713,Rainy,26,Yes,Yes,No,683,672,11,9
2024-03-30,Saturday,Breakfast,603,Rainy,28,Yes,Yes,Yes,588,490,98,66
2024-02-26,Monday,Lunch,331,Stormy,28,Yes,No,No,299,242,57,29
2024-01-21,Sunday,Lunch,693,Stormy,21,Yes,No,Yes,699,630,69,46
2024-02-14,Wednesday,Breakfast,764,Sunny,33,Yes,Yes,No,751,670,81,17
2024-05-11,Saturday,Dinner,425,Stormy,25,Yes,Yes,Yes,427,355,72,11
2024-07-21,Sunday,Dinner,232,Sunny,32,No,No,Yes,215,185,30,10
2024-01-25,Thursday,Dinner,476,Stormy,24,No,No,No,433,386,47,47
2024-03-23,Saturday,Dinner,869,Rainy,27,Yes,No,Yes,819,755,64,26
2024-10-15,Tuesday,Dinner,460,Rainy,26,Yes,Yes,No,509,493,16,8
2024-11-04,Monday,Dinner,748,Rainy,27,Yes,No,No,766,682,84,60
2024-11-18,Monday,Lunch,391,Stormy,24,No,Yes,No,412,341,71,51
2024-08-02,Friday,Dinner,535,Stormy,22,Yes,Yes,No,576,534,42,32
2024-03-30,Saturday,Breakfast,401,Stormy,22,No,Yes,Yes,376,364,12,5
2024-11-02,Saturday,Dinner,961,Cloudy,30,No,Yes,Yes,977,878,99,96
2024-09-26,Thursday,Breakfast,519,Rainy,27,Yes,No,No,556,535,21,10
2024-05-23,Thursday,Dinner,990,Rainy,22,Yes,Yes,No,1004,922,82,63
2024-01-03,Wednesday,Breakfast,903,Rainy,22,No,No,No,884,852,32,30
2024-03-22,Friday,Dinner,658,Rainy,30,Yes,No,No,620,580,40,23
2024-02-06,Tuesday,Lunch,443,Stormy,24,Yes,Yes,No,440,365,75,14
2024-10-05,Saturday,Dinner,675,Stormy,23,Yes,No,Yes,632,548,84,10
2024-05-08,Wednesday,Dinner,593,Sunny,34,Yes,No,No,635,625,10,9
2024-05-18,Saturday,Dinner,380,Rainy,29,Yes,Yes,Yes,338,316,22,0
2024-01-17,Wednesday,Breakfast,567,Stormy,22,No,No,No,597,498,99,63
2024-11-25,Monday,Breakfast,525,Sunny,34,No,No,No,564,498,66,65
2024-06-03,Monday,Dinner,436,Sunny,30,Yes,Yes,No,414,368,46,37
2024-08-18,Sunday,Breakfast,324,Cloudy,31,No,Yes,Yes,310,265,45,14
2024-12-20,Friday,Lunch,440,Cloudy,31,No,No,No,392,295,97,57
2024-10-31,Thursday,Breakfast,254,Sunny,33,Yes,No,No,303,284,19,10
2024-11-20,Wednesday,Dinner,940,Rainy,30,No,No,No,948,874,74,62
2024-03-04,Monday,Breakfast,997,Cloudy,29,Yes,Yes,No,996,966,30,29
2024-09-30,Monday,Lunch,996,Stormy,20,Yes,No,No,1041,980,61,33
2024-11-27,Wednesday,Breakfast,527,Rainy,25,Yes,No,No,498,419,79,62
2024-08-06,Tuesday,Breakfast,672,Stormy,25,Yes,No,No,684,683,1,1
2024-04-19,Friday,Breakfast,241,Rainy,24,Yes,No,No,253,197,56,41
2024-02-29,Thursday,Lunch,698,Rainy,26,No,Yes,No,671,596,75,68
2024-04-22,Monday,Dinner,258,Stormy,27,No,Yes,No,299,272,27,16
2024-10-27,Sunday,Dinner,767,Cloudy,27,No,No,Yes,811,787,24,0
2024-08-21,Wednesday,Breakfast,916,Sunny,39,Yes,No,No,874,828,46,25
2024-05-23,Thursday,Lunch,236,Stormy,20,Yes,Yes,No,214,172,42,41
2024-02-11,Sunday,Breakfast,819,Stormy,20,No,No,Yes,826,811,15,0
2024-04-05,Friday,Lunch,453,Sunny,30,No,No,No,477,405,72,29
2024-02-06,Tuesday,Dinner,253,Sunny,30,No,Yes,No,286,237,49,35
2024-12-21,Saturday,Lunch,640,Rainy,23,No,No,Yes,680,672,8,0
2024-11-29,Friday,Dinner,575,Sunny,38,Yes,Yes,No,533,493,40,17
2024-05-31,Friday,Breakfast,510,Cloudy,27,No,No,No,536,438,98,92
2024-07-15,Monday,Breakfast,252,Cloudy,29,No,No,No,264,175,89,51
2024-12-26,Thursday,Breakfast,963,Sunny,31,No,Yes,No,933,910,23,22
2024-02-28,Wednesday,Dinner,990,Sunny,30,Yes,Yes,No,985,963,22,7
2024-10-30,Wednesday,Lunch,704,Stormy,25,Yes,Yes,No,670,639,31,24
2024-11-16,Saturday,Dinner,681,Cloudy,29,Yes,Yes,Yes,631,537,94,36
2024-04-21,Sunday,Lunch,256,Cloudy,33,No,Yes,Yes,271,208,63,14
2024-02-03,Saturday,Breakfast,953,Rainy,23,No,Yes,Yes,992,907,85,14
2024-06-16,Sunday,Dinner,419,Sunny,36,No,Yes,Yes,457,449,8,1
2024-04-27,Saturday,Dinner,998,Cloudy,25,No,No,Yes,994,929,65,55
2024-02-14,Wednesday,Dinner,561,Sunny,35,Yes,No,No,518,464,54,31
2024-11-13,Wednesday,Breakfast,577,Rainy,30,Yes,Yes,No,586,526,60,14
2024-02-14,Wednesday,Breakfast,464,Sunny,37,Yes,No,No,509,483,26,1
2024-10-14,Monday,Lunch,479,Rainy,26,Yes,Yes,No,435,429,6,1
2024-12-26,Thursday,Lunch,809,Stormy,26,Yes,No,No,770,675,95,83
2024-12-14,Saturday,Breakfast,722,Rainy,30,Yes,No,Yes,707,642,65,49
2024-05-03,Friday,Breakfast,711,Sunny,32,Yes,No,No,671,647,24,4
2024-02-21,Wednesday,Lunch,958,Stormy,27,Yes,No,No,913,826,87,6
2024-09-20,Friday,Lunch,242,Rainy,29,Yes,No,No,222,186,36,3
2024-01-02,Tuesday,Lunch,980,Sunny,30,Yes,No,No,1002,943,59,46
2024-01-30,Tuesday,Lunch,786,Sunny,31,Yes,Yes,No,757,673,84,39
2024-04-26,Friday,Breakfast,929,Rainy,28,Yes,Yes,No,912,858,54,23
2024-04-06,Saturday,Lunch,482,Rainy,28,No,Yes,Yes,509,428,81,61
2024-01-08,Monday,Breakfast,280,Sunny,30,Yes,Yes,No,262,218,44,24
2024-07-27,Saturday,Breakfast,543,Cloudy,32,Yes,No,Yes,517,500,17,6
2024-10-10,Thursday,Dinner,342,Cloudy,26,Yes,Yes,No,304,283,21,7
2024-09-30,Monday,Dinner,365,Sunny,32,No,No,No,412,346,66,8
2024-02-25,Sunday,Lunch,386,Stormy,26,No,Yes,Yes,364,293,71,43
2024-05-09,Thursday,Lunch,890,Cloudy,25,Yes,No,No,939,925,14,10
2024-07-27,Saturday,Breakfast,787,Cloudy,30,No,Yes,Yes,803,776,27,25
2024-08-14,Wednesday,Breakfast,652,Rainy,25,Yes,Yes,No,690,594,96,60
2024-02-01,Thursday,Lunch,941,Stormy,20,No,Yes,No,898,840,58,25
2024-01-17,Wednesday,Breakfast,778,Stormy,28,Yes,No,No,806,739,67,6
2024-09-16,Monday,Dinner,637,Sunny,39,No,Yes,No,598,545,53,46
2024-09-03,Tuesday,Breakfast,283,Sunny,40,No,Yes,No,303,288,15,9
2024-09-25,Wednesday,Breakfast,720,Sunny,35,Yes,Yes,No,709,669,40,13
2024-08-07,Wednesday,Lunch,570,Stormy,23,Yes,No,No,523,520,3,3
2024-09-25,Wednesday,Breakfast,985,Rainy,30,Yes,Yes,No,1027,992,35,10
2024-12-26,Thursday,Breakfast,799,Cloudy,31,Yes,Yes,No,753,714,39,29
2024-02-13,Tuesday,Breakfast,675,Stormy,22,Yes,Yes,No,685,596,89,69
2024-01-25,Thursday,Lunch,812,Stormy,20,Yes,No,No,801,733,68,64
2024-07-20,Saturday,Dinner,661,Stormy,25,No,No,Yes,692,675,17,12
2024-09-20,Friday,Breakfast,963,Stormy,27,Yes,Yes,No,991,945,46,19
2024-09-19,Thursday,Dinner,917,Rainy,27,No,Yes,No,929,909,20,11
2024-08-11,Sunday,Lunch,383,Cloudy,30,Yes,No,Yes,410,334,76,59
2024-09-05,Thursday,Breakfast,392,Cloudy,26,Yes,Yes,No,374,318,56,41
2024-05-05,Sunday,Breakfast,949,Rainy,22,Yes,Yes,Yes,945,920,25,1
2024-07-19,Friday,Dinner,272,Sunny,30,Yes,Yes,No,273,250,23,14
2024-02-04,Sunday,Breakfast,781,Cloudy,27,No,No,Yes,811,800,11,9
2024-06-09,Sunday,Breakfast,753,Sunny,38,No,Yes,Yes,722,640,82,15
2024-09-21,Saturday,Lunch,428,Cloudy,26,Yes,Yes,Yes,462,405,57,39
2024-11-21,Thursday,Dinner,649,Stormy,27,Yes,Yes,No,681,605,76,74
2024-12-16,Monday,Dinner,395,Stormy,27,Yes,Yes,No,345,254,91,61
2024-08-09,Friday,Lunch,326,Cloudy,33,Yes,Yes,No,335,249,86,75
2024-06-23,Sunday,Breakfast,323,Sunny,34,No,No,Yes,281,236,45,20
2024-01-27,Saturday,Breakfast,201,Rainy,26,No,Yes,Yes,243,212,31,4
2024-02-13,Tuesday,Breakfast,417,Cloudy,31,Yes,Yes,No,375,343,32,31
2024-11-06,Wednesday,Lunch,783,Stormy,28,Yes,Yes,No,763,691,72,58
2024-02-17,Saturday,Lunch,579,Rainy,24,Yes,Yes,Yes,621,550,71,1
2024-12-27,Friday,Breakfast,810,Cloudy,32,Yes,No,No,827,791,36,16
2024-09-22,Sunday,Lunch,524,Cloudy,26,No,No,Yes,550,499,51,39
2024-10-23,Wednesday,Breakfast,867,Cloudy,33,No,Yes,No,879,827,52,4
2024-03-14,Thursday,Lunch,853,Rainy,24,Yes,Yes,No,849,762,87,78
2024-08-16,Friday,Dinner,713,Stormy,24,Yes,No,No,698,622,76,71
2024-06-10,Monday,Breakfast,617,Stormy,21,No,No,No,648,623,25,16
2024-04-26,Friday,Lunch,466,Stormy,26,No,No,No,459,447,12,4
2024-08-13,Tuesday,Lunch,580,Sunny,36,No,Yes,No,535,516,19,14
2024-06-13,Thursday,Breakfast,486,Stormy,23,Yes,No,No,530,485,45,13
2024-05-16,Thursday,Dinner,947,Sunny,36,No,Yes,No,995,972,23,2
2024-03-21,Thursday,Breakfast,413,Stormy,28,No,No,No,396,326,70,34
2024-12-08,Sunday,Dinner,263,Cloudy,29,No,No,Yes,288,200,88,62
2024-08-31,Saturday,Dinner,556,Sunny,31,Yes,No,Yes,538,452,86,25
2024-10-09,Wednesday,Lunch,551,Cloudy,27,Yes,Yes,No,548,544,4,4
2024-08-21,Wednesday,Dinner,597,Stormy,25,Yes,Yes,No,554,492,62,6
2024-08-14,Wednesday,Breakfast,245,Stormy,25,Yes,Yes,No,257,224,33,21
2024-08-09,Friday,Lunch,925,Sunny,31,Yes,Yes,No,892,883,9,2
2024-08-03,Saturday,Lunch,418,Rainy,28,Yes,No,Yes,457,436,21,19
2024-10-22,Tuesday,Dinner,390,Stormy,25,Yes,No,No,404,342,62,34
2024-09-11,Wednesday,Breakfast,993,Rainy,24,No,No,No,1011,957,54,7
2024-11-24,Sunday,Lunch,735,Rainy,30,No,Yes,Yes,707,671,36,11
2024-08-11,Sunday,Breakfast,530,Cloudy,31,Yes,No,Yes,571,510,61,46
2024-11-14,Thursday,Lunch,724,Rainy,27,No,No,No,774,716,58,58
2024-12-04,Wednesday,Breakfast,244,Stormy,20,Yes,No,No,249,219,30,16
2024-06-13,Thursday,Lunch,813,Rainy,22,Yes,Yes,No,836,825,11,7
2024-01-15,Monday,Dinner,581,Stormy,23,Yes,No,No,579,567,12,12
2024-02-11,Sunday,Dinner,422,Sunny,30,No,Yes,Yes,442,391,51,38
2024-01-22,Monday,Dinner,807,Cloudy,30,Yes,No,No,812,758,54,54
2024-10-21,Monday,Breakfast,200,Rainy,27,No,Yes,No,188,168,20,15
2024-08-10,Saturday,Dinner,422,Cloudy,27,No,Yes,Yes,374,338,36,1
2024-06-05,Wednesday,Lunch,762,Sunny,36,No,Yes,No,748,687,61,58
2024-01-17,Wednesday,Breakfast,511,Cloudy,31,Yes,Yes,No,496,452,44,23
2024-11-21,Thursday,Lunch,898,Stormy,20,No,No,No,858,849,9,0
2024-03-01,Friday,Dinner,442,Sunny,33,No,No,No,476,440,36,13
2024-09-16,Monday,Dinner,237,Stormy,25,Yes,Yes,No,207,150,57,31
2024-10-26,Saturday,Dinner,996,Rainy,22,No,Yes,Yes,980,944,36,2
2024-09-10,Tuesday,Breakfast,825,Cloudy,28,Yes,No,No,811,793,18,6
2024-05-25,Saturday,Breakfast,626,Sunny,32,No,No,Yes,624,558,66,62
2024-10-11,Friday,Breakfast,521,Rainy,22,Yes,Yes,No,540,516,24,19
2024-02-21,Wednesday,Breakfast,509,Rainy,27,No,Yes,No,473,439,34,20
2024-03-04,Monday,Lunch,649,Rainy,29,Yes,Yes,No,690,641,49,20
2024-03-14,Thursday,Breakfast,202,Sunny,35,No,Yes,No,246,181,65,14
2024-06-07,Friday,Breakfast,205,Sunny,35,No,No,No,184,139,45,44
2024-05-08,Wednesday,Lunch,674,Sunny,33,No,Yes,No,686,647,39,15
2024-08-18,Sunday,Dinner,489,Cloudy,31,No,Yes,Yes,491,490,1,0
2024-05-22,Wednesday,Breakfast,502,Rainy,28,Yes,Yes,No,461,398,63,28
2024-11-21,Thursday,Dinner,715,Cloudy,29,No,Yes,No,672,582,90,82
2024-02-03,Saturday,Lunch,336,Rainy,23,Yes,Yes,Yes,381,379,2,2
2024-09-21,Saturday,Breakfast,564,Stormy,20,Yes,No,Yes,515,506,9,4
2024-04-25,Thursday,Lunch,727,Stormy,24,No,No,No,777,739,38,26
2024-04-18,Thursday,Breakfast,973,Sunny,34,No,No,No,1020,977,43,7
2024-04-12,Friday,Breakfast,726,Rainy,27,No,No,No,684,597,87,29
2024-11-18,Monday,Lunch,442,Stormy,21,Yes,No,No,422,374,48,15
2024-03-03,Sunday,Dinner,853,Sunny,34,No,No,Yes,895,832,63,22
2024-06-27,Thursday,Dinner,779,Sunny,38,No,Yes,No,757,723,34,2
2024-01-01,Monday,Dinner,731,Sunny,38,Yes,No,No,779,739,40,30
2024-05-20,Monday,Lunch,731,Rainy,30,No,Yes,No,715,622,93,40
2024-08-28,Wednesday,Dinner,689,Stormy,26,Yes,Yes,No,698,654,44,43
2024-07-02,Tuesday,Breakfast,997,Rainy,26,Yes,No,No,951,877,74,27
2024-01-07,Sunday,Dinner,685,Cloudy,32,Yes,No,Yes,652,599,53,27
2024-06-13,Thursday,Lunch,610,Stormy,28,Yes,No,No,583,513,70,31
2024-06-12,Wednesday,Dinner,881,Stormy,24,No,No,No,877,793,84,31
2024-01-10,Wednesday,Lunch,911,Sunny,33,No,Yes,No,916,898,18,6
2024-05-12,Sunday,Breakfast,979,Rainy,29,No,Yes,Yes,1003,997,6,0
2024-06-05,Wednesday,Breakfast,260,Sunny,30,No,No,No,238,162,76,18
2024-04-10,Wednesday,Lunch,366,Stormy,24,Yes,No,No,340,316,24,21
2024-11-02,Saturday,Lunch,353,Cloudy,30,Yes,Yes,Yes,315,314,1,1
2024-12-13,Friday,Dinner,512,Cloudy,33,No,No,No,549,466,83,5
2024-11-17,Sunday,Breakfast,396,Stormy,25,Yes,Yes,Yes,381,314,67,35
2024-12-01,Sunday,Lunch,691,Rainy,28,Yes,No,Yes,662,654,8,0
2024-10-04,Friday,Lunch,727,Cloudy,30,No,No,No,753,667,86,69
2024-11-08,Friday,Lunch,702,Cloudy,30,Yes,Yes,No,728,712,16,4
2024-07-11,Thursday,Lunch,604,Sunny,32,No,No,No,652,615,37,14
2024-12-30,Monday,Dinner,442,Cloudy,31,Yes,Yes,No,475,419,56,38
2024-11-30,Saturday,Dinner,498,Cloudy,32,No,No,Yes,528,437,91,53
2024-05-25,Saturday,Dinner,833,Rainy,27,No,Yes,Yes,787,749,38,24
2024-02-03,Saturday,Breakfast,273,Stormy,25,Yes,Yes,Yes,287,285,2,0
2024-11-22,Friday,Lunch,371,Rainy,28,Yes,Yes,No,323,237,86,76
2024-09-21,Saturday,Breakfast,265,Sunny,40,No,No,Yes,304,267,37,9
2024-03-11,Monday,Breakfast,734,Stormy,20,No,No,No,739,660,79,69
2024-12-16,Monday,Dinner,280,Cloudy,26,Yes,Yes,No,300,226,74,12
2024-02-19,Monday,Breakfast,844,Stormy,21,Yes,Yes,No,867,820,47,44
2024-01-21,Sunday,Dinner,206,Rainy,27,No,No,Yes,246,166,80,48
2024-10-29,Tuesday,Lunch,251,Cloudy,33,Yes,No,No,262,197,65,32
2024-11-23,Saturday,Lunch,898,Sunny,35,Yes,No,Yes,921,852,69,60
2024-04-09,Tuesday,Lunch,773,Sunny,34,Yes,No,No,754,733,21,4
2024-03-23,Saturday,Breakfast,342,Rainy,23,No,No,Yes,377,325,52,51
2024-02-02,Friday,Dinner,540,Rainy,23,Yes,Yes,No,505,461,44,28
2024-05-01,Wednesday,Dinner,447,Rainy,29,Yes,No,No,446,365,81,8
2024-05-05,Sunday,Breakfast,523,Stormy,23,Yes,No,Yes,493,433,60,15
2024-03-08,Friday,Dinner,205,Sunny,32,Yes,Yes,No,248,177,71,26
2024-01-01,Monday,Dinner,691,Stormy,25,Yes,No,No,700,648,52,39
2024-07-03,Wednesday,Dinner,220,Rainy,27,Yes,Yes,No,243,213,30,11
2024-07-05,Friday,Dinner,774,Stormy,22,No,No,No,744,679,65,53
2024-02-20,Tuesday,Lunch,298,Cloudy,31,Yes,No,No,270,203,67,4
2024-12-27,Friday,Breakfast,392,Stormy,22,No,Yes,No,375,333,42,41
2024-07-03,Wednesday,Lunch,579,Cloudy,29,Yes,Yes,No,577,527,50,9
2024-08-19,Monday,Lunch,684,Sunny,33,Yes,Yes,No,709,626,83,63
2024-09-25,Wednesday,Dinner,368,Rainy,26,No,No,No,371,357,14,3
2024-09-09,Monday,Dinner,634,Cloudy,31,Yes,No,No,671,611,60,15
2024-09-29,Sunday,Breakfast,448,Cloudy,25,Yes,No,Yes,445,374,71,30
2024-03-09,Saturday,Breakfast,753,Sunny,32,No,Yes,Yes,722,669,53,45
2024-01-28,Sunday,Dinner,666,Stormy,20,No,No,Yes,672,608,64,64
2024-02-10,Saturday,Breakfast,514,Rainy,23,Yes,Yes,Yes,496,451,45,26
2024-05-31,Friday,Lunch,236,Stormy,26,Yes,Yes,No,194,173,21,4
2024-12-25,Wednesday,Lunch,635,Rainy,29,Yes,No,No,614,519,95,2
2024-10-26,Saturday,Dinner,559,Cloudy,31,Yes,Yes,Yes,588,533,55,34
2024-10-07,Monday,Lunch,621,Stormy,25,No,No,No,578,484,94,69
2024-11-22,Friday,Lunch,996,Rainy,24,No,No,No,995,976,19,15
2024-12-02,Monday,Lunch,693,Rainy,28,Yes,No,No,668,617,51,31
2024-07-26,Friday,Dinner,362,Cloudy,32,Yes,Yes,No,406,331,75,0
2024-03-29,Friday,Breakfast,478,Sunny,34,No,Yes,No,490,459,31,23
2024-06-07,Friday,Lunch,910,Stormy,21,Yes,No,No,877,789,88,15
2024-06-16,Sunday,Lunch,352,Sunny,34,No,Yes,Yes,399,314,85,44
2024-08-10,Saturday,Breakfast,453,Sunny,33,No,Yes,Yes,501,487,14,3
2024-05-23,Thursday,Breakfast,977,Sunny,36,Yes,Yes,No,1008,973,35,4
2024-08-18,Sunday,Dinner,909,Stormy,28,No,Yes,Yes,896,801,95,23
2024-07-16,Tuesday,Lunch,411,Stormy,28,No,Yes,No,441,432,9,0
2024-03-24,Sunday,Dinner,913,Sunny,35,No,Yes,Yes,866,843,23,6
2024-05-05,Sunday,Lunch,477,Sunny,39,No,No,Yes,436,366,70,35
2024-09-30,Monday,Lunch,728,Sunny,30,No,No,No,752,652,100,41
2024-01-20,Saturday,Breakfast,951,Rainy,29,Yes,No,Yes,954,939,15,7
2024-06-01,Saturday,Dinner,332,Cloudy,29,No,Yes,Yes,344,264,80,69
2024-01-16,Tuesday,Lunch,588,Rainy,25,Yes,No,No,581,486,95,78
2024-01-25,Thursday,Breakfast,315,Stormy,23,Yes,Yes,No,333,310,23,7
2024-05-30,Thursday,Dinner,337,Cloudy,32,No,No,No,295,210,85,51
2024-09-20,Friday,Lunch,871,Rainy,27,Yes,Yes,No,824,755,69,58
2024-09-26,Thursday,Lunch,794,Sunny,33,No,No,No,770,725,45,40
2024-05-22,Wednesday,Lunch,815,Stormy,24,No,No,No,787,759,28,13
2024-05-22,Wednesday,Dinner,281,Stormy,20,No,Yes,No,295,209,86,82
2024-07-02,Tuesday,Lunch,550,Sunny,34,No,No,No,589,557,32,24
2024-03-16,Saturday,Breakfast,322,Rainy,28,No,No,Yes,278,218,60,20
2024-11-18,Monday,Breakfast,322,Rainy,29,No,Yes,No,332,283,49,41
2024-04-17,Wednesday,Lunch,854,Stormy,20,No,Yes,No,850,838,12,6
2024-12-26,Thursday,Dinner,830,Rainy,27,No,Yes,No,869,808,61,57
2024-03-27,Wednesday,Dinner,204,Sunny,30,Yes,Yes,No,191,158,33,31
2024-06-26,Wednesday,Dinner,719,Cloudy,33,Yes,Yes,No,728,701,27,7
2024-09-05,Thursday,Lunch,445,Stormy,24,Yes,Yes,No,444,388,56,46
2024-08-22,Thursday,Dinner,692,Stormy,21,Yes,Yes,No,720,643,77,33
2024-11-06,Wednesday,Dinner,622,Stormy,21,Yes,No,No,664,566,98,35
2024-09-04,Wednesday,Lunch,456,Stormy,20,Yes,Yes,No,455,437,18,9
2024-08-11,Sunday,Lunch,267,Rainy,25,Yes,No,Yes,275,242,33,15
2024-12-24,Tuesday,Dinner,468,Rainy,24,Yes,No,No,460,364,96,43
2024-05-14,Tuesday,Lunch,273,Cloudy,26,Yes,No,No,232,219,13,0
2024-02-08,Thursday,Breakfast,223,Stormy,22,No,No,No,222,216,6,0
2024-10-26,Saturday,Breakfast,356,Stormy,20,Yes,Yes,Yes,397,333,64,0
2024-03-01,Friday,Breakfast,256,Rainy,28,Yes,No,No,258,237,21,16
2024-07-20,Saturday,Lunch,237,Rainy,30,No,No,Yes,285,194,91,43
2024-01-09,Tuesday,Breakfast,238,Stormy,23,No,Yes,No,212,188,24,21
2024-02-19,Monday,Lunch,691,Sunny,30,Yes,No,No,704,667,37,36
2024-06-02,Sunday,Dinner,700,Cloudy,27,Yes,Yes,Yes,672,593,79,18
2024-12-29,Sunday,Dinner,747,Sunny,33,Yes,Yes,Yes,716,679,37,21
2024-02-26,Monday,Lunch,779,Sunny,34,Yes,Yes,No,734,695,39,10
2024-11-12,Tuesday,Breakfast,469,Stormy,26,Yes,Yes,No,512,468,44,4
2024-11-20,Wednesday,Breakfast,718,Rainy,27,Yes,Yes,No,722,710,12,12
2024-10-29,Tuesday,Lunch,925,Stormy,28,No,Yes,No,927,862,65,13
2024-03-21,Thursday,Lunch,492,Rainy,28,No,No,No,528,454,74,11
2024-10-18,Friday,Lunch,568,Stormy,28,No,Yes,No,598,516,82,18
2024-10-18,Friday,Lunch,352,Rainy,25,Yes,No,No,344,260,84,21
2024-04-11,Thursday,Dinner,389,Stormy,27,Yes,No,No,353,321,32,6
2024-05-22,Wednesday,Lunch,317,Rainy,29,Yes,Yes,No,286,282,4,1
2024-11-05,Tuesday,Lunch,885,Rainy,22,Yes,No,No,856,793,63,60
2024-03-06,Wednesday,Breakfast,325,Stormy,24,Yes,No,No,323,307,16,13
2024-11-23,Saturday,Dinner,959,Sunny,32,Yes,Yes,Yes,991,977,14,7
2024-09-30,Monday,Breakfast,523,Cloudy,31,Yes,Yes,No,481,455,26,7
2024-07-06,Saturday,Dinner,314,Stormy,22,No,No,Yes,355,270,85,39
2024-07-07,Sunday,Breakfast,222,Rainy,23,No,No,Yes,245,181,64,62
2024-10-05,Saturday,Breakfast,691,Cloudy,33,Yes,No,Yes,660,631,29,9
2024-01-19,Friday,Lunch,715,Sunny,33,Yes,Yes,No,761,722,39,3
2024-04-16,Tuesday,Dinner,317,Stormy,24,No,No,No,291,201,90,14
2024-01-08,Monday,Dinner,604,Rainy,22,Yes,Yes,No,580,555,25,17
2024-05-22,Wednesday,Dinner,437,Stormy,26,Yes,No,No,429,400,29,3
2024-03-21,Thursday,Lunch,578,Rainy,26,Yes,No,No,586,556,30,30
2024-12-08,Sunday,Lunch,272,Stormy,26,Yes,No,Yes,311,244,67,40
2024-06-07,Friday,Breakfast,902,Sunny,33,Yes,No,No,871,866,5,5
2024-07-26,Friday,Lunch,619,Cloudy,26,Yes,No,No,588,562,26,4
2024-12-08,Sunday,Dinner,597,Rainy,30,No,No,Yes,610,603,7,5
2024-09-23,Monday,Breakfast,859,Cloudy,26,No,Yes,No,900,821,79,45
2024-11-03,Sunday,Breakfast,658,Rainy,24,No,No,Yes,629,628,1,1
2024-09-09,Monday,Breakfast,308,Cloudy,29,Yes,No,No,267,225,42,33
2024-12-24,Tuesday,Breakfast,257,Stormy,21,No,No,No,297,256,41,34
2024-08-19,Monday,Lunch,647,Stormy,21,No,Yes,No,665,567,98,32
2024-06-17,Monday,Breakfast,381,Stormy,25,No,Yes,No,392,325,67,56
2024-08-16,Friday,Breakfast,800,Rainy,23,No,No,No,796,767,29,16
2024-01-20,Saturday,Lunch,569,Stormy,21,No,No,Yes,526,468,58,19
2024-12-05,Thursday,Breakfast,338,Sunny,34,Yes,No,No,328,299,29,16
2024-01-31,Wednesday,Dinner,483,Sunny,39,No,No,No,453,428,25,4
2024-06-09,Sunday,Dinner,801,Stormy,25,No,No,Yes,804,769,35,3
2024-09-25,Wednesday,Lunch,464,Sunny,39,No,Yes,No,456,410,46,44
2024-07-26,Friday,Breakfast,549,Stormy,21,No,Yes,No,535,469,66,57
2024-05-25,Saturday,Lunch,628,Rainy,30,Yes,No,Yes,621,613,8,0
2024-03-02,Saturday,Dinner,653,Sunny,40,Yes,Yes,Yes,676,628,48,34
2024-05-30,Thursday,Dinner,555,Stormy,28,No,No,No,518,423,95,47
2024-10-17,Thursday,Dinner,206,Rainy,24,No,Yes,No,220,127,93,87
2024-04-24,Wednesday,Dinner,597,Rainy,28,No,No,No,571,517,54,26
2024-01-14,Sunday,Lunch,224,Cloudy,26,Yes,Yes,Yes,228,157,71,59
2024-10-13,Sunday,Dinner,466,Rainy,29,No,No,Yes,499,416,83,78
2024-04-22,Monday,Breakfast,226,Stormy,21,Yes,No,No,276,193,83,34
2024-12-03,Tuesday,Lunch,450,Sunny,39,No,Yes,No,456,445,11,5
2024-04-16,Tuesday,Breakfast,986,Rainy,24,Yes,No,No,1009,951,58,43
2024-09-10,Tuesday,Dinner,250,Cloudy,28,Yes,No,No,270,232,38,17
2024-08-29,Thursday,Breakfast,840,Cloudy,33,No,No,No,889,837,52,10
2024-02-18,Sunday,Dinner,950,Cloudy,32,Yes,No,Yes,984,971,13,10
2024-03-23,Saturday,Breakfast,869,Rainy,24,Yes,Yes,Yes,899,804,95,14
2024-07-01,Monday,Breakfast,966,Rainy,27,No,Yes,No,919,900,19,4
2024-12-18,Wednesday,Lunch,651,Stormy,24,No,No,No,630,545,85,33
2024-04-04,Thursday,Breakfast,490,Sunny,32,No,No,No,538,480,58,54
2024-07-22,Monday,Breakfast,524,Sunny,39,No,Yes,No,539,457,82,34
2024-08-29,Thursday,Dinner,796,Cloudy,33,Yes,Yes,No,781,767,14,9
2024-11-22,Friday,Breakfast,375,Cloudy,29,No,No,No,412,409,3,1
2024-06-29,Saturday,Breakfast,684,Rainy,30,Yes,No,Yes,700,633,67,35
2024-09-04,Wednesday,Breakfast,751,Sunny,39,Yes,No,No,724,661,63,52
2024-01-27,Saturday,Lunch,948,Sunny,30,Yes,No,Yes,988,969,19,13
2024-03-07,Thursday,Dinner,883,Rainy,27,Yes,No,No,899,855,44,4
2024-09-30,Monday,Dinner,406,Rainy,23,No,Yes,No,395,314,81,33
2024-06-12,Wednesday,Dinner,520,Stormy,20,No,No,No,492,456,36,36
2024-02-13,Tuesday,Lunch,347,Stormy,26,Yes,Yes,No,385,345,40,3
2024-10-22,Tuesday,Dinner,502,Rainy,26,Yes,No,No,529,496,33,22
2024-12-03,Tuesday,Lunch,536,Sunny,32,Yes,No,No,581,483,98,22
2024-08-16,Friday,Dinner,397,Rainy,23,No,No,No,446,433,13,4
2024-02-15,Thursday,Dinner,705,Cloudy,28,Yes,Yes,No,656,601,55,8
2024-12-12,Thursday,Lunch,940,Cloudy,28,Yes,Yes,No,891,814,77,44
2024-07-25,Thursday,Dinner,858,Rainy,23,No,No,No,894,863,31,1
2024-01-06,Saturday,Lunch,853,Stormy,25,Yes,No,Yes,840,800,40,38
2024-09-24,Tuesday,Lunch,497,Rainy,30,Yes,Yes,No,533,529,4,4
2024-03-21,Thursday,Breakfast,716,Cloudy,32,No,No,No,750,659,91,24
2024-10-25,Friday,Dinner,895,Stormy,26,No,Yes,No,856,780,76,27
2024-09-03,Tuesday,Dinner,420,Stormy,27,No,No,No,439,373,66,66
2024-04-21,Sunday,Dinner,657,Sunny,33,No,Yes,Yes,687,669,18,18
2024-08-12,Monday,Lunch,859,Cloudy,25,Yes,Yes,No,836,795,41,27
2024-01-11,Thursday,Dinner,941,Rainy,29,Yes,Yes,No,931,931,0,0
2024-11-08,Friday,Dinner,334,Cloudy,33,No,No,No,349,332,17,15
2024-03-29,Friday,Dinner,217,Rainy,23,Yes,No,No,223,138,85,53
2024-06-18,Tuesday,Breakfast,993,Stormy,25,Yes,No,No,949,872,77,70
2024-06-30,Sunday,Lunch,288,Stormy,26,No,Yes,Yes,316,247,69,39
2024-11-02,Saturday,Breakfast,811,Stormy,26,Yes,Yes,Yes,847,785,62,61
2024-04-15,Monday,Lunch,548,Cloudy,29,No,No,No,590,542,48,9
2024-03-14,Thursday,Lunch,691,Cloudy,29,No,No,No,684,679,5,3
2024-11-11,Monday,Dinner,986,Rainy,26,No,Yes,No,1008,949,59,28
2024-04-21,Sunday,Dinner,630,Cloudy,33,No,No,Yes,643,579,64,64
2024-12-24,Tuesday,Breakfast,796,Cloudy,26,Yes,No,No,831,732,99,41
2024-10-09,Wednesday,Lunch,700,Rainy,23,No,Yes,No,706,690,16,7
2024-12-02,Monday,Lunch,963,Sunny,37,Yes,No,No,949,937,12,2
2024-10-16,Wednesday,Breakfast,534,Cloudy,33,Yes,Yes,No,544,513,31,10
2024-04-19,Friday,Dinner,221,Rainy,26,No,No,No,192,150,42,17
2024-04-19,Friday,Lunch,810,Stormy,24,No,Yes,No,763,757,6,1
2024-02-06,Tuesday,Breakfast,895,Stormy,27,Yes,Yes,No,909,833,76,69
2024-02-13,Tuesday,Breakfast,903,Stormy,26,No,No,No,900,832,68,68
2024-11-28,Thursday,Breakfast,737,Rainy,27,No,Yes,No,785,707,78,60
2024-07-23,Tuesday,Dinner,621,Sunny,35,Yes,Yes,No,576,540,36,35
2024-07-11,Thursday,Dinner,895,Stormy,24,Yes,Yes,No,893,830,63,16
2024-07-26,Friday,Breakfast,395,Cloudy,29,Yes,No,No,375,335,40,2
2024-12-27,Friday,Dinner,900,Rainy,28,No,No,No,944,891,53,14
2024-08-27,Tuesday,Breakfast,672,Cloudy,26,No,Yes,No,625,554,71,6
2024-04-28,Sunday,Breakfast,861,Rainy,26,No,No,Yes,910,868,42,29
2024-03-18,Monday,Lunch,440,Sunny,35,No,Yes,No,390,334,56,53
2024-03-18,Monday,Dinner,824,Stormy,28,Yes,No,No,870,837,33,4
2024-11-25,Monday,Dinner,690,Rainy,22,Yes,No,No,679,667,12,9
2024-09-12,Thursday,Breakfast,372,Sunny,39,No,No,No,335,238,97,69
2024-12-16,Monday,Lunch,487,Sunny,40,Yes,Yes,No,494,457,37,8
2024-12-04,Wednesday,Breakfast,663,Rainy,23,Yes,Yes,No,615,523,92,73
2024-10-08,Tuesday,Lunch,269,Sunny,36,Yes,Yes,No,295,287,8,6
2024-11-26,Tuesday,Lunch,892,Stormy,25,Yes,Yes,No,893,820,73,32
2024-04-20,Saturday,Dinner,347,Rainy,30,No,Yes,Yes,387,357,30,14
2024-01-17,Wednesday,Dinner,952,Rainy,23,Yes,Yes,No,905,846,59,53
2024-04-20,Saturday,Breakfast,619,Cloudy,31,No,Yes,Yes,625,583,42,11
2024-03-20,Wednesday,Dinner,376,Sunny,35,Yes,No,No,365,295,70,9
2024-02-27,Tuesday,Dinner,370,Sunny,30,No,Yes,No,403,379,24,24
2024-05-05,Sunday,Lunch,388,Sunny,40,No,Yes,Yes,360,289,71,40
2024-10-20,Sunday,Lunch,556,Rainy,30,Yes,No,Yes,567,481,86,56
2024-07-22,Monday,Dinner,324,Stormy,26,Yes,Yes,No,345,345,0,0
2024-12-19,Thursday,Breakfast,549,Sunny,35,No,Yes,No,560,489,71,56
2024-10-08,Tuesday,Dinner,615,Rainy,28,No,No,No,610,591,19,18
2024-02-08,Thursday,Breakfast,597,Stormy,25,No,No,No,567,510,57,2
2024-09-01,Sunday,Dinner,481,Cloudy,33,Yes,No,Yes,435,413,22,15
2024-12-16,Monday,Lunch,433,Sunny,38,Yes,Yes,No,479,403,76,59
2024-03-09,Saturday,Breakfast,234,Sunny,30,No,Yes,Yes,231,169,62,30
2024-05-04,Saturday,Lunch,654,Sunny,32,Yes,No,Yes,614,589,25,18
2024-10-19,Saturday,Lunch,388,Stormy,25,Yes,Yes,Yes,391,294,97,31
2024-04-11,Thursday,Dinner,665,Stormy,21,No,No,No,624,601,23,14
2024-03-15,Friday,Dinner,316,Cloudy,33,No,No,No,292,247,45,26
2024-06-21,Friday,Breakfast,774,Rainy,26,No,No,No,759,693,66,17
2024-12-11,Wednesday,Dinner,710,Cloudy,25,No,No,No,669,645,24,7
2024-03-18,Monday,Breakfast,610,Stormy,27,Yes,Yes,No,587,581,6,3
2024-06-04,Tuesday,Dinner,933,Rainy,30,Yes,No,No,942,871,71,14
2024-08-23,Friday,Dinner,386,Rainy,29,Yes,Yes,No,348,291,57,56
2024-04-29,Monday,Breakfast,474,Stormy,27,Yes,No,No,424,342,82,15
2024-08-20,Tuesday,Dinner,645,Sunny,32,Yes,Yes,No,667,666,1,1
2024-11-12,Tuesday,Dinner,721,Stormy,24,Yes,No,No,738,669,69,50
2024-04-29,Monday,Breakfast,620,Cloudy,31,No,No,No,663,587,76,46
2024-08-21,Wednesday,Lunch,457,Rainy,30,No,Yes,No,434,419,15,0
2024-02-06,Tuesday,Lunch,645,Cloudy,26,Yes,Yes,No,636,572,64,44
2024-09-13,Friday,Lunch,212,Rainy,22,No,No,No,191,143,48,34
2024-11-03,Sunday,Breakfast,794,Stormy,23,Yes,No,Yes,796,742,54,38
2024-07-21,Sunday,Breakfast,921,Stormy,26,No,No,Yes,958,902,56,17
2024-10-18,Friday,Breakfast,602,Cloudy,33,Yes,No,No,576,532,44,38
2024-02-17,Saturday,Breakfast,280,Rainy,27,No,No,Yes,304,259,45,39
2024-12-21,Saturday,Breakfast,959,Cloudy,25,No,No,Yes,965,881,84,81
2024-12-29,Sunday,Breakfast,287,Cloudy,33,No,Yes,Yes,260,225,35,22
2024-03-31,Sunday,Dinner,399,Cloudy,32,No,Yes,Yes,370,363,7,5
2024-02-11,Sunday,Breakfast,349,Rainy,27,Yes,Yes,Yes,359,304,55,49
2024-10-13,Sunday,Dinner,269,Sunny,30,No,Yes,Yes,248,163,85,44
2024-06-29,Saturday,Breakfast,704,Stormy,26,Yes,Yes,Yes,700,621,79,65
2024-08-18,Sunday,Breakfast,670,Stormy,27,Yes,Yes,Yes,659,608,51,43
2024-01-15,Monday,Dinner,849,Stormy,22,No,No,No,880,857,23,13
2024-03-15,Friday,Dinner,257,Rainy,29,Yes,No,No,303,236,67,13
2024-05-19,Sunday,Breakfast,486,Sunny,37,Yes,Yes,Yes,468,425,43,41
2024-09-22,Sunday,Lunch,907,Rainy,30,Yes,Yes,Yes,932,877,55,39
2024-05-29,Wednesday,Lunch,448,Rainy,22,No,Yes,No,438,397,41,27
2024-09-26,Thursday,Lunch,328,Sunny,30,No,Yes,No,336,333,3,0
2024-03-06,Wednesday,Dinner,255,Cloudy,26,No,Yes,No,297,227,70,1
2024-03-12,Tuesday,Lunch,548,Cloudy,30,No,Yes,No,576,510,66,50
2024-06-14,Friday,Lunch,790,Cloudy,29,Yes,No,No,834,813,21,8
2024-03-30,Saturday,Breakfast,658,Cloudy,28,No,Yes,Yes,657,610,47,34
2024-01-18,Thursday,Breakfast,218,Rainy,26,Yes,Yes,No,174,153,21,0
2024-08-26,Monday,Dinner,443,Cloudy,27,Yes,No,No,396,303,93,34
2024-12-01,Sunday,Lunch,386,Rainy,28,Yes,No,Yes,339,291,48,40
2024-08-23,Friday,Breakfast,602,Sunny,31,No,Yes,No,566,466,100,22
2024-01-28,Sunday,Breakfast,380,Stormy,24,No,Yes,Yes,411,316,95,25
2024-12-16,Monday,Dinner,940,Stormy,22,No,No,No,950,886,64,52
2024-12-29,Sunday,Lunch,581,Rainy,27,Yes,Yes,Yes,619,608,11,8
2024-11-05,Tuesday,Lunch,407,Stormy,24,No,Yes,No,362,293,69,2
2024-01-27,Saturday,Lunch,349,Rainy,27,Yes,No,Yes,322,255,67,21
2024-01-01,Monday,Breakfast,497,Sunny,35,Yes,No,No,487,448,39,10
2024-05-24,Friday,Lunch,732,Sunny,36,No,No,No,781,735,46,2
2024-01-04,Thursday,Dinner,957,Stormy,23,Yes,Yes,No,987,940,47,34
2024-07-28,Sunday,Breakfast,917,Sunny,40,Yes,No,Yes,879,848,31,17
2024-02-13,Tuesday,Lunch,940,Stormy,24,Yes,Yes,No,960,960,0,0
2024-03-30,Saturday,Lunch,961,Rainy,28,Yes,No,Yes,922,852,70,25
2024-06-03,Monday,Breakfast,956,Cloudy,32,Yes,Yes,No,915,817,98,63
2024-03-09,Saturday,Breakfast,490,Cloudy,31,Yes,Yes,Yes,528,439,89,17
2024-10-21,Monday,Lunch,920,Cloudy,28,No,Yes,No,960,919,41,0
2024-12-25,Wednesday,Breakfast,257,Rainy,29,Yes,Yes,No,293,206,87,67
2024-11-24,Sunday,Dinner,384,Cloudy,31,No,Yes,Yes,354,325,29,24
2024-02-28,Wednesday,Breakfast,375,Rainy,29,Yes,No,No,416,358,58,41
2024-02-05,Monday,Lunch,348,Stormy,25,Yes,Yes,No,386,360,26,13
2024-12-30,Monday,Breakfast,313,Rainy,29,No,Yes,No,362,321,41,27
2024-08-12,Monday,Breakfast,268,Stormy,28,Yes,No,No,286,187,99,65
2024-10-07,Monday,Dinner,677,Stormy,20,No,Yes,No,720,700,20,5
2024-06-21,Friday,Lunch,345,Stormy,25,Yes,No,No,380,348,32,6
2024-12-15,Sunday,Dinner,345,Stormy,23,Yes,Yes,Yes,309,278,31,25
2024-09-11,Wednesday,Lunch,448,Rainy,28,Yes,Yes,No,433,408,25,10
2024-06-23,Sunday,Dinner,336,Sunny,32,No,No,Yes,315,312,3,1
2024-05-29,Wednesday,Lunch,758,Stormy,23,No,No,No,762,751,11,2
2024-11-11,Monday,Dinner,676,Cloudy,28,Yes,No,No,694,663,31,26
2024-10-25,Friday,Dinner,501,Stormy,20,Yes,No,No,464,397,67,56
2024-07-06,Saturday,Lunch,679,Stormy,20,Yes,Yes,Yes,640,567,73,42
2024-11-03,Sunday,Breakfast,447,Stormy,28,No,No,Yes,440,365,75,9
2024-10-03,Thursday,Breakfast,697,Sunny,37,No,Yes,No,688,657,31,6
2024-10-30,Wednesday,Lunch,361,Rainy,26,No,Yes,No,395,322,73,4
2024-06-08,Saturday,Breakfast,285,Cloudy,26,No,No,Yes,244,201,43,24
2024-09-03,Tuesday,Lunch,738,Sunny,32,No,Yes,No,764,681,83,76
2024-02-12,Monday,Breakfast,923,Rainy,27,No,No,No,923,902,21,5
2024-04-17,Wednesday,Lunch,963,Cloudy,30,Yes,Yes,No,923,906,17,15
2024-02-14,Wednesday,Dinner,552,Cloudy,30,Yes,No,No,516,501,15,12
2024-07-20,Saturday,Dinner,877,Stormy,22,No,Yes,Yes,869,858,11,0
2024-01-14,Sunday,Breakfast,337,Rainy,23,No,Yes,Yes,360,317,43,22
2024-02-16,Friday,Dinner,834,Sunny,36,Yes,Yes,No,815,762,53,1
2024-01-30,Tuesday,Breakfast,720,Sunny,40,No,Yes,No,684,651,33,33
2024-08-06,Tuesday,Dinner,823,Sunny,32,Yes,No,No,839,834,5,0
2024-03-13,Wednesday,Lunch,875,Stormy,22,No,Yes,No,894,868,26,10
2024-07-14,Sunday,Dinner,513,Rainy,25,No,Yes,Yes,500,469,31,13
2024-06-02,Sunday,Dinner,285,Cloudy,28,Yes,Yes,Yes,243,241,2,1
2024-02-10,Saturday,Lunch,419,Sunny,33,Yes,Yes,Yes,397,396,1,0
2024-01-02,Tuesday,Lunch,573,Rainy,27,No,No,No,532,448,84,6
2024-04-03,Wednesday,Lunch,999,Sunny,39,Yes,No,No,967,897,70,33
2024-09-19,Thursday,Breakfast,363,Rainy,30,No,No,No,346,268,78,20
2024-11-11,Monday,Breakfast,381,Stormy,26,Yes,No,No,366,362,4,3
2024-10-08,Tuesday,Dinner,280,Stormy,26,Yes,No,No,296,209,87,11
2024-10-12,Saturday,Dinner,422,Cloudy,25,No,Yes,Yes,434,404,30,22
2024-10-17,Thursday,Breakfast,953,Cloudy,32,No,Yes,No,912,859,53,29
2024-02-25,Sunday,Breakfast,695,Sunny,37,Yes,No,Yes,708,627,81,74
2024-01-13,Saturday,Dinner,514,Stormy,20,Yes,No,Yes,504,488,16,11
2024-12-17,Tuesday,Dinner,988,Cloudy,30,Yes,No,No,954,866,88,21
2024-01-24,Wednesday,Lunch,643,Stormy,28,No,Yes,No,600,540,60,41
2024-05-08,Wednesday,Dinner,580,Cloudy,28,No,No,No,575,526,49,18
2024-01-26,Friday,Breakfast,683,Stormy,26,Yes,No,No,676,591,85,38
2024-03-24,Sunday,Breakfast,950,Stormy,27,No,No,Yes,973,969,4,3
2024-02-18,Sunday,Dinner,455,Cloudy,31,Yes,Yes,Yes,443,437,6,6
2024-09-08,Sunday,Lunch,946,Stormy,26,Yes,No,Yes,960,908,52,40
2024-03-30,Saturday,Lunch,601,Cloudy,29,Yes,Yes,Yes,594,549,45,34
2024-06-30,Sunday,Dinner,808,Sunny,36,Yes,Yes,Yes,787,708,79,26
2024-05-08,Wednesday,Lunch,779,Sunny,37,Yes,Yes,No,770,705,65,61
2024-08-10,Saturday,Lunch,384,Stormy,25,No,No,Yes,418,374,44,31
2024-03-05,Tuesday,Dinner,632,Cloudy,29,No,Yes,No,594,578,16,13
2024-10-11,Friday,Dinner,863,Stormy,28,No,No,No,856,770,86,6
2024-02-01,Thursday,Dinner,820,Cloudy,32,No,No,No,842,776,66,33
2024-01-04,Thursday,Dinner,953,Cloudy,29,No,No,No,968,910,58,12
2024-07-29,Monday,Breakfast,887,Sunny,31,Yes,No,No,889,842,47,32
2024-01-23,Tuesday,Lunch,911,Cloudy,25,No,Yes,No,888,873,15,0
2024-08-11,Sunday,Breakfast,850,Stormy,22,Yes,No,Yes,822,744,78,44
2024-09-29,Sunday,Lunch,885,Cloudy,25,Yes,No,Yes,872,792,80,28
2024-09-21,Saturday,Breakfast,477,Sunny,31,Yes,Yes,Yes,473,456,17,16
2024-05-15,Wednesday,Dinner,901,Cloudy,25,No,No,No,925,843,82,58
2024-12-10,Tuesday,Dinner,608,Stormy,27,No,No,No,642,637,5,2
2024-10-18,Friday,Lunch,363,Rainy,30,Yes,Yes,No,327,255,72,47
2024-03-24,Sunday,Breakfast,569,Sunny,39,Yes,Yes,Yes,616,595,21,0
2024-07-12,Friday,Dinner,352,Rainy,28,Yes,Yes,No,351,332,19,14
2024-10-04,Friday,Breakfast,657,Stormy,25,Yes,Yes,No,663,642,21,12
2024-05-13,Monday,Lunch,469,Cloudy,28,No,Yes,No,419,374,45,22
2024-03-11,Monday,Breakfast,215,Stormy,25,Yes,No,No,189,125,64,56
2024-07-26,Friday,Dinner,307,Rainy,25,No,No,No,318,236,82,5
2024-05-13,Monday,Breakfast,855,Sunny,33,No,No,No,851,769,82,55
2024-08-11,Sunday,Lunch,999,Sunny,32,No,Yes,Yes,1023,952,71,30
2024-12-17,Tuesday,Dinner,756,Cloudy,33,Yes,No,No,772,707,65,12
2024-09-10,Tuesday,Breakfast,523,Sunny,38,Yes,No,No,550,503,47,36
2024-09-27,Friday,Dinner,704,Cloudy,25,Yes,No,No,688,654,34,9
2024-02-27,Tuesday,Breakfast,538,Rainy,28,No,No,No,537,483,54,42
2024-10-22,Tuesday,Dinner,520,Cloudy,29,No,Yes,No,484,399,85,62
2024-12-15,Sunday,Breakfast,454,Cloudy,30,No,No,Yes,475,469,6,2
2024-05-25,Saturday,Lunch,294,Stormy,28,No,No,Yes,289,218,71,10
2024-06-05,Wednesday,Dinner,873,Rainy,29,No,Yes,No,865,795,70,45
2024-01-10,Wednesday,Breakfast,662,Cloudy,27,Yes,Yes,No,638,567,71,3
2024-07-21,Sunday,Lunch,913,Sunny,31,No,No,Yes,890,803,87,23
2024-11-14,Thursday,Dinner,218,Cloudy,28,Yes,No,No,168,163,5,0
2024-09-06,Friday,Breakfast,221,Stormy,28,No,No,No,247,178,69,21
2024-08-13,Tuesday,Lunch,427,Sunny,30,No,No,No,451,361,90,41
2024-12-10,Tuesday,Breakfast,995,Sunny,31,Yes,Yes,No,976,926,50,28
2024-03-05,Tuesday,Dinner,900,Cloudy,31,No,Yes,No,940,883,57,39
2024-03-30,Saturday,Lunch,202,Rainy,22,Yes,Yes,Yes,246,183,63,46
2024-01-12,Friday,Lunch,598,Sunny,32,No,No,No,584,518,66,13
2024-01-03,Wednesday,Lunch,971,Stormy,22,No,No,No,1015,992,23,22
2024-09-05,Thursday,Breakfast,662,Stormy,24,Yes,No,No,692,604,88,61
2024-06-22,Saturday,Breakfast,765,Stormy,26,No,No,Yes,808,790,18,7
2024-10-30,Wednesday,Lunch,209,Stormy,20,Yes,No,No,224,217,7,4
2024-04-02,Tuesday,Breakfast,223,Stormy,22,Yes,No,No,189,123,66,52
2024-08-09,Friday,Lunch,359,Rainy,26,Yes,Yes,No,396,356,40,17
2024-07-07,Sunday,Lunch,848,Stormy,24,Yes,Yes,Yes,879,853,26,20
2024-05-23,Thursday,Breakfast,406,Rainy,24,Yes,Yes,No,356,345,11,9
2024-02-29,Thursday,Breakfast,940,Cloudy,30,Yes,Yes,No,944,848,96,61
2024-03-18,Monday,Breakfast,846,Rainy,22,No,No,No,811,733,78,29
2024-02-05,Monday,Breakfast,956,Stormy,23,Yes,Yes,No,982,907,75,22
2024-02-12,Monday,Breakfast,317,Stormy,28,Yes,Yes,No,311,305,6,3
2024-08-04,Sunday,Dinner,435,Sunny,37,No,Yes,Yes,403,374,29,25
2024-11-20,Wednesday,Lunch,710,Cloudy,26,No,Yes,No,705,681,24,0
2024-08-26,Monday,Breakfast,791,Rainy,25,Yes,Yes,No,826,825,1,0
2024-11-03,Sunday,Dinner,840,Rainy,30,No,Yes,Yes,814,781,33,20
2024-02-17,Saturday,Dinner,257,Rainy,23,Yes,Yes,Yes,234,206,28,12
2024-03-07,Thursday,Breakfast,980,Cloudy,25,No,Yes,No,996,924,72,57
2024-05-07,Tuesday,Lunch,454,Stormy,21,No,No,No,463,423,40,12
2024-02-13,Tuesday,Dinner,999,Cloudy,29,No,No,No,960,938,22,18
2024-02-19,Monday,Lunch,281,Sunny,35,Yes,Yes,No,321,248,73,54
2024-05-07,Tuesday,Lunch,736,Rainy,25,Yes,No,No,764,715,49,5
2024-12-11,Wednesday,Dinner,636,Cloudy,28,No,No,No,655,635,20,1
2024-09-03,Tuesday,Lunch,944,Stormy,27,No,No,No,906,874,32,9
2024-08-04,Sunday,Lunch,734,Sunny,34,No,Yes,Yes,712,630,82,82
2024-11-06,Wednesday,Lunch,901,Cloudy,31,No,Yes,No,899,858,41,16
2024-08-20,Tuesday,Breakfast,381,Cloudy,33,No,Yes,No,365,296,69,43
2024-08-24,Saturday,Breakfast,715,Cloudy,28,Yes,Yes,Yes,692,633,59,21
2024-02-20,Tuesday,Breakfast,811,Rainy,30,No,Yes,No,811,747,64,29
2024-12-08,Sunday,Dinner,246,Stormy,22,No,Yes,Yes,217,165,52,41
2024-02-14,Wednesday,Breakfast,945,Sunny,37,No,No,No,974,943,31,10
2024-04-17,Wednesday,Dinner,212,Sunny,40,No,No,No,166,156,10,8
2024-03-06,Wednesday,Dinner,931,Rainy,29,Yes,No,No,936,863,73,22
2024-03-04,Monday,Breakfast,478,Rainy,25,No,No,No,434,406,28,9
2024-02-25,Sunday,Breakfast,359,Stormy,22,Yes,Yes,Yes,409,337,72,18
2024-03-22,Friday,Dinner,579,Cloudy,27,No,Yes,No,559,533,26,20
2024-08-27,Tuesday,Lunch,508,Stormy,28,No,No,No,504,443,61,37
2024-11-27,Wednesday,Lunch,827,Cloudy,29,No,No,No,779,768,11,3
2024-12-06,Friday,Dinner,524,Cloudy,29,No,Yes,No,509,415,94,43
2024-07-13,Saturday,Breakfast,213,Rainy,28,Yes,Yes,Yes,227,192,35,27
2024-03-08,Friday,Breakfast,395,Cloudy,26,Yes,No,No,405,306,99,73
2024-06-18,Tuesday,Breakfast,329,Cloudy,28,No,No,No,338,278,60,50
2024-05-30,Thursday,Lunch,740,Sunny,37,Yes,No,No,726,638,88,2
2024-05-14,Tuesday,Breakfast,263,Rainy,27,Yes,Yes,No,248,190,58,34
2024-09-08,Sunday,Lunch,452,Rainy,25,Yes,No,Yes,408,407,1,0
2024-04-03,Wednesday,Dinner,396,Stormy,20,No,Yes,No,443,366,77,41
2024-07-17,Wednesday,Lunch,779,Stormy,28,Yes,No,No,746,709,37,6
2024-09-18,Wednesday,Breakfast,558,Stormy,20,Yes,No,No,527,449,78,54
2024-05-24,Friday,Dinner,982,Rainy,26,No,Yes,No,980,959,21,15
2024-09-09,Monday,Breakfast,873,Stormy,28,No,No,No,906,844,62,43
2024-04-22,Monday,Breakfast,921,Rainy,29,No,No,No,961,939,22,19
2024-04-29,Monday,Lunch,782,Rainy,29,No,No,No,748,729,19,11
2024-01-02,Tuesday,Dinner,589,Stormy,28,No,No,No,581,571,10,1
2024-07-24,Wednesday,Lunch,556,Rainy,26,No,Yes,No,514,448,66,49
2024-09-25,Wednesday,Lunch,887,Stormy,22,Yes,Yes,No,894,810,84,4
2024-11-17,Sunday,Dinner,512,Rainy,25,Yes,No,Yes,462,395,67,40
2024-05-07,Tuesday,Breakfast,857,Stormy,21,No,Yes,No,833,786,47,43
2024-09-07,Saturday,Breakfast,285,Rainy,27,Yes,Yes,Yes,317,265,52,4
2024-10-29,Tuesday,Lunch,404,Sunny,38,No,Yes,No,403,372,31,16
2024-03-11,Monday,Lunch,461,Cloudy,30,Yes,Yes,No,416,383,33,4
2024-02-10,Saturday,Breakfast,601,Rainy,27,Yes,Yes,Yes,580,572,8,8
2024-07-31,Wednesday,Dinner,525,Stormy,22,No,No,No,523,495,28,14
2024-05-05,Sunday,Breakfast,445,Cloudy,31,Yes,Yes,Yes,445,357,88,20
2024-12-04,Wednesday,Breakfast,619,Cloudy,33,No,Yes,No,585,550,35,17
2024-04-26,Friday,Breakfast,272,Rainy,24,No,No,No,305,277,28,16
2024-05-30,Thursday,Lunch,373,Stormy,22,No,No,No,332,309,23,18
2024-04-21,Sunday,Lunch,393,Rainy,29,No,Yes,Yes,406,342,64,26
2024-04-21,Sunday,Lunch,780,Cloudy,29,Yes,Yes,Yes,812,714,98,57
2024-01-18,Thursday,Breakfast,534,Cloudy,31,Yes,No,No,495,422,73,32
2024-12-01,Sunday,Dinner,599,Rainy,27,No,No,Yes,581,526,55,13
2024-11-20,Wednesday,Breakfast,284,Rainy,29,No,No,No,302,292,10,7
2024-03-23,Saturday,Dinner,567,Stormy,24,Yes,No,Yes,613,555,58,30
2024-10-13,Sunday,Dinner,232,Cloudy,28,Yes,Yes,Yes,185,87,98,90
2024-02-09,Friday,Lunch,928,Cloudy,25,No,No,No,977,934,43,16
2024-05-08,Wednesday,Lunch,528,Sunny,36,Yes,No,No,488,477,11,4
2024-11-24,Sunday,Dinner,766,Sunny,38,Yes,No,Yes,804,741,63,11
2024-01-17,Wednesday,Dinner,964,Rainy,23,No,No,No,991,976,15,7
2024-12-19,Thursday,Lunch,334,Cloudy,29,Yes,Yes,No,303,225,78,7
2024-04-06,Saturday,Dinner,908,Sunny,31,No,Yes,Yes,914,890,24,19
2024-02-28,Wednesday,Breakfast,643,Cloudy,31,Yes,Yes,No,644,545,99,69
2024-08-18,Sunday,Breakfast,766,Stormy,21,No,Yes,Yes,730,714,16,9
2024-01-14,Sunday,Dinner,588,Rainy,25,Yes,Yes,Yes,583,506,77,76
2024-04-12,Friday,Breakfast,730,Cloudy,25,No,Yes,No,704,643,61,37
2024-12-02,Monday,Lunch,889,Sunny,35,No,No,No,851,807,44,7
2024-03-11,Monday,Lunch,552,Rainy,29,No,Yes,No,510,455,55,40
2024-10-30,Wednesday,Breakfast,217,Stormy,23,No,No,No,211,152,59,54
2024-01-07,Sunday,Dinner,274,Cloudy,28,No,No,Yes,273,211,62,28
2024-12-04,Wednesday,Dinner,570,Rainy,29,Yes,No,No,553,523,30,27
2024-02-16,Friday,Dinner,347,Rainy,30,No,No,No,353,299,54,33
2024-11-11,Monday,Breakfast,641,Rainy,24,No,No,No,646,556,90,12
2024-05-01,Wednesday,Breakfast,654,Stormy,27,Yes,Yes,No,636,611,25,23
2024-11-14,Thursday,Breakfast,559,Stormy,28,Yes,Yes,No,536,532,4,3
2024-04-16,Tuesday,Breakfast,222,Stormy,23,Yes,Yes,No,213,195,18,1
2024-03-19,Tuesday,Dinner,728,Sunny,33,No,Yes,No,743,646,97,28
2024-02-22,Thursday,Breakfast,643,Stormy,28,Yes,No,No,628,550,78,6
2024-08-21,Wednesday,Breakfast,608,Sunny,32,Yes,Yes,No,618,544,74,46
2024-01-01,Monday,Breakfast,938,Stormy,26,No,Yes,No,940,861,79,15
2024-07-28,Sunday,Dinner,849,Sunny,34,No,Yes,Yes,891,847,44,28
2024-06-17,Monday,Breakfast,640,Stormy,23,Yes,No,No,665,659,6,6
2024-03-21,Thursday,Breakfast,499,Sunny,36,Yes,Yes,No,462,439,23,21
2024-01-07,Sunday,Lunch,320,Cloudy,31,Yes,No,Yes,314,255,59,10
2024-04-27,Saturday,Breakfast,801,Stormy,23,No,Yes,Yes,780,762,18,3
2024-12-15,Sunday,Lunch,468,Rainy,29,Yes,Yes,Yes,435,339,96,7
2024-05-07,Tuesday,Dinner,558,Cloudy,30,Yes,Yes,No,592,506,86,0
2024-07-17,Wednesday,Breakfast,309,Sunny,35,No,No,No,339,258,81,0
2024-11-06,Wednesday,Dinner,606,Stormy,28,No,Yes,No,582,498,84,47
2024-07-28,Sunday,Breakfast,315,Stormy,22,Yes,Yes,Yes,265,244,21,17
2024-06-17,Monday,Breakfast,775,Cloudy,32,Yes,Yes,No,743,706,37,8
2024-02-03,Saturday,Lunch,308,Stormy,21,No,Yes,Yes,331,250,81,54
2024-06-20,Thursday,Breakfast,515,Stormy,20,No,Yes,No,491,458,33,28
2024-06-10,Monday,Lunch,547,Cloudy,29,Yes,No,No,563,527,36,32
2024-10-23,Wednesday,Lunch,915,Stormy,20,No,Yes,No,917,848,69,14
2024-08-04,Sunday,Breakfast,925,Sunny,36,No,Yes,Yes,912,820,92,61
2024-03-02,Saturday,Dinner,954,Cloudy,31,Yes,No,Yes,992,949,43,24
2024-06-20,Thursday,Breakfast,575,Sunny,34,Yes,Yes,No,538,509,29,25
2024-07-06,Saturday,Breakfast,910,Cloudy,27,No,No,Yes,900,885,15,3
2024-03-11,Monday,Lunch,205,Rainy,22,Yes,Yes,No,155,103,52,29
2024-11-11,Monday,Lunch,794,Cloudy,28,No,Yes,No,784,694,90,0
2024-02-16,Friday,Dinner,940,Stormy,22,Yes,Yes,No,913,822,91,7
2024-07-12,Friday,Dinner,594,Stormy,26,No,Yes,No,607,601,6,2
2024-01-11,Thursday,Dinner,776,Rainy,26,Yes,No,No,811,795,16,8
2024-08-25,Sunday,Dinner,599,Stormy,20,Yes,Yes,Yes,570,567,3,3
2024-12-30,Monday,Breakfast,783,Sunny,35,No,Yes,No,740,670,70,34
2024-04-12,Friday,Dinner,857,Rainy,30,Yes,No,No,820,763,57,1
2024-12-19,Thursday,Breakfast,781,Stormy,23,No,No,No,749,685,64,18
2024-02-25,Sunday,Breakfast,651,Sunny,34,No,No,Yes,663,612,51,28
2024-01-19,Friday,Breakfast,929,Cloudy,25,Yes,No,No,923,860,63,60
2024-12-20,Friday,Lunch,977,Stormy,21,No,No,No,1002,911,91,69
2024-10-11,Friday,Lunch,936,Cloudy,27,Yes,Yes,No,943,879,64,58
2024-01-08,Monday,Breakfast,361,Cloudy,30,No,Yes,No,314,290,24,4
2024-05-11,Saturday,Breakfast,382,Cloudy,30,No,Yes,Yes,413,329,84,3
2024-04-07,Sunday,Dinner,218,Cloudy,28,No,No,Yes,264,180,84,13
2024-10-03,Thursday,Breakfast,746,Cloudy,30,No,No,No,783,735,48,6
2024-03-27,Wednesday,Lunch,951,Cloudy,30,Yes,No,No,994,900,94,94
2024-09-19,Thursday,Breakfast,744,Rainy,22,No,Yes,No,753,700,53,38
2024-06-03,Monday,Lunch,483,Sunny,30,No,Yes,No,458,404,54,14
2024-02-03,Saturday,Dinner,301,Stormy,26,Yes,No,Yes,255,172,83,74
2024-06-29,Saturday,Dinner,529,Cloudy,27,No,No,Yes,523,476,47,21
2024-05-21,Tuesday,Breakfast,808,Stormy,21,No,No,No,833,755,78,34
2024-10-25,Friday,Breakfast,610,Stormy,20,Yes,No,No,634,596,38,33
2024-07-01,Monday,Breakfast,218,Rainy,30,No,Yes,No,248,242,6,3
2024-04-04,Thursday,Dinner,275,Cloudy,25,No,No,No,286,236,50,38
2024-02-23,Friday,Dinner,657,Stormy,20,Yes,Yes,No,697,626,71,5
2024-01-16,Tuesday,Lunch,521,Cloudy,31,No,No,No,504,484,20,19
2024-09-01,Sunday,Breakfast,300,Rainy,27,No,No,Yes,259,166,93,55
2024-10-09,Wednesday,Dinner,205,Sunny,31,No,Yes,No,203,137,66,9
2024-06-06,Thursday,Dinner,883,Cloudy,31,No,Yes,No,847,807,40,7
2024-01-09,Tuesday,Dinner,742,Stormy,23,No,Yes,No,742,714,28,22
2024-02-22,Thursday,Breakfast,773,Rainy,27,No,Yes,No,781,742,39,10
2024-09-26,Thursday,Dinner,869,Sunny,38,No,Yes,No,909,882,27,9
2024-07-20,Saturday,Lunch,914,Sunny,31,Yes,Yes,Yes,876,851,25,16
2024-05-24,Friday,Breakfast,819,Sunny,40,No,No,No,837,750,87,53
2024-01-31,Wednesday,Lunch,666,Sunny,39,No,No,No,713,644,69,19
2024-02-03,Saturday,Lunch,268,Stormy,27,No,Yes,Yes,236,196,40,6
2024-05-25,Saturday,Lunch,784,Stormy,25,Yes,Yes,Yes,815,800,15,3
2024-01-24,Wednesday,Lunch,643,Cloudy,28,No,Yes,No,643,587,56,18
2024-06-06,Thursday,Breakfast,279,Sunny,33,No,Yes,No,234,222,12,5
2024-05-26,Sunday,Breakfast,737,Sunny,37,No,Yes,Yes,742,673,69,60
2024-03-28,Thursday,Breakfast,887,Stormy,27,Yes,Yes,No,849,772,77,70
2024-09-03,Tuesday,Lunch,569,Rainy,26,Yes,No,No,610,523,87,77
2024-05-27,Monday,Dinner,504,Stormy,24,No,Yes,No,550,527,23,16
2024-08-11,Sunday,Lunch,929,Cloudy,28,No,Yes,Yes,944,870,74,35
2024-03-31,Sunday,Lunch,295,Rainy,22,Yes,No,Yes,290,266,24,5
2024-09-28,Saturday,Dinner,811,Sunny,38,Yes,Yes,Yes,822,746,76,30
2024-05-02,Thursday,Breakfast,402,Stormy,27,No,No,No,363,317,46,34
2024-05-17,Friday,Dinner,991,Cloudy,26,Yes,Yes,No,967,902,65,29
2024-01-03,Wednesday,Dinner,872,Cloudy,30,Yes,No,No,865,792,73,15
2024-01-31,Wednesday,Breakfast,588,Cloudy,27,Yes,No,No,601,516,85,15
2024-06-30,Sunday,Lunch,807,Stormy,27,No,Yes,Yes,850,810,40,19
2024-12-05,Thursday,Dinner,709,Sunny,34,Yes,Yes,No,668,574,94,20
2024-07-31,Wednesday,Dinner,409,Cloudy,26,No,Yes,No,380,335,45,44
2024-03-09,Saturday,Breakfast,800,Sunny,34,Yes,Yes,Yes,845,791,54,13
2024-08-18,Sunday,Dinner,363,Rainy,27,No,Yes,Yes,405,310,95,89
2024-12-04,Wednesday,Lunch,912,Sunny,31,Yes,No,No,891,824,67,53
2024-01-26,Friday,Lunch,702,Cloudy,31,No,Yes,No,713,639,74,3
2024-03-06,Wednesday,Dinner,916,Cloudy,28,No,No,No,890,870,20,7
2024-12-24,Tuesday,Lunch,515,Sunny,35,Yes,No,No,485,409,76,38
2024-11-19,Tuesday,Dinner,762,Stormy,28,Yes,No,No,810,730,80,43
2024-01-31,Wednesday,Dinner,776,Stormy,21,No,Yes,No,817,797,20,15
2024-11-26,Tuesday,Breakfast,434,Stormy,25,Yes,Yes,No,390,316,74,31
2024-10-14,Monday,Lunch,710,Rainy,28,No,Yes,No,692,645,47,4
2024-10-26,Saturday,Dinner,320,Rainy,26,Yes,Yes,Yes,335,264,71,49
2024-12-25,Wednesday,Lunch,374,Rainy,23,No,Yes,No,382,295,87,19
2024-10-05,Saturday,Dinner,814,Cloudy,33,Yes,Yes,Yes,811,762,49,30
2024-02-25,Sunday,Lunch,923,Rainy,28,No,No,Yes,922,845,77,22
2024-10-13,Sunday,Lunch,259,Cloudy,29,Yes,Yes,Yes,303,210,93,58
2024-04-09,Tuesday,Lunch,813,Stormy,25,Yes,No,No,771,674,97,2
2024-09-22,Sunday,Dinner,634,Sunny,30,No,Yes,Yes,627,552,75,9
2024-01-12,Friday,Dinner,955,Stormy,20,No,Yes,No,982,947,35,3
2024-07-10,Wednesday,Breakfast,444,Cloudy,28,No,Yes,No,494,453,41,4
2024-03-10,Sunday,Lunch,991,Sunny,37,No,Yes,Yes,962,929,33,30
2024-09-28,Saturday,Dinner,634,Cloudy,30,No,No,Yes,617,520,97,94
2024-02-18,Sunday,Lunch,662,Stormy,23,Yes,No,Yes,665,655,10,0
2024-12-03,Tuesday,Breakfast,569,Sunny,39,Yes,No,No,615,596,19,13
2024-06-26,Wednesday,Lunch,725,Cloudy,32,No,No,No,735,711,24,2
2024-03-27,Wednesday,Dinner,354,Sunny,40,No,Yes,No,304,220,84,21
2024-11-06,Wednesday,Breakfast,400,Cloudy,29,Yes,No,No,409,369,40,32
2024-02-24,Saturday,Breakfast,833,Sunny,39,Yes,Yes,Yes,874,831,43,31
2024-06-15,Saturday,Breakfast,894,Sunny,37,Yes,No,Yes,875,799,76,23
2024-09-10,Tuesday,Breakfast,325,Stormy,28,Yes,No,No,339,325,14,0
2024-03-07,Thursday,Breakfast,783,Sunny,33,Yes,No,No,802,707,95,94
2024-09-30,Monday,Breakfast,701,Stormy,20,Yes,Yes,No,684,616,68,57
2024-02-14,Wednesday,Lunch,411,Sunny,34,Yes,No,No,429,393,36,21
2024-01-30,Tuesday,Dinner,230,Stormy,25,No,Yes,No,251,176,75,34
2024-04-21,Sunday,Lunch,810,Cloudy,27,Yes,No,Yes,773,732,41,19
2024-12-28,Saturday,Breakfast,408,Rainy,29,Yes,Yes,Yes,372,289,83,71
2024-03-26,Tuesday,Breakfast,992,Cloudy,27,Yes,No,No,1042,1011,31,11
2024-04-25,Thursday,Dinner,326,Cloudy,25,Yes,Yes,No,364,315,49,6
2024-09-20,Friday,Lunch,901,Rainy,24,No,No,No,867,803,64,16
2024-08-25,Sunday,Breakfast,460,Rainy,25,No,No,Yes,423,386,37,32
2024-06-09,Sunday,Dinner,458,Cloudy,29,Yes,Yes,Yes,411,390,21,13
2024-12-16,Monday,Dinner,522,Cloudy,28,Yes,Yes,No,565,523,42,36
2024-06-16,Sunday,Dinner,223,Rainy,30,Yes,Yes,Yes,220,131,89,71
2024-06-24,Monday,Lunch,557,Cloudy,31,No,Yes,No,507,500,7,6
2024-10-08,Tuesday,Breakfast,204,Sunny,37,No,Yes,No,238,216,22,15
2024-04-20,Saturday,Lunch,594,Stormy,28,Yes,No,Yes,626,610,16,11
2024-11-05,Tuesday,Dinner,972,Sunny,32,No,Yes,No,940,857,83,40
2024-09-01,Sunday,Lunch,819,Sunny,40,Yes,Yes,Yes,773,745,28,12
2024-02-05,Monday,Breakfast,573,Cloudy,32,No,Yes,No,578,553,25,12
2024-04-10,Wednesday,Breakfast,833,Cloudy,29,Yes,No,No,801,796,5,2
2024-11-10,Sunday,Dinner,964,Sunny,31,Yes,No,Yes,967,927,40,39
2024-07-24,Wednesday,Dinner,383,Rainy,24,No,Yes,No,341,316,25,10
2024-10-16,Wednesday,Lunch,422,Cloudy,27,No,Yes,No,466,387,79,77
2024-09-19,Thursday,Dinner,877,Rainy,24,Yes,Yes,No,834,756,78,69
2024-11-13,Wednesday,Dinner,530,Sunny,38,No,No,No,541,517,24,6
2024-10-18,Friday,Dinner,693,Sunny,30,No,Yes,No,731,637,94,92
2024-05-27,Monday,Dinner,859,Cloudy,29,No,Yes,No,901,830,71,49
2024-08-02,Friday,Lunch,679,Sunny,31,No,Yes,No,667,663,4,4
2024-08-21,Wednesday,Dinner,250,Stormy,26,No,Yes,No,220,169,51,39
2024-10-17,Thursday,Lunch,629,Sunny,34,Yes,No,No,608,594,14,11
2024-09-12,Thursday,Dinner,766,Stormy,20,No,Yes,No,770,747,23,20
2024-02-17,Saturday,Dinner,602,Cloudy,32,Yes,No,Yes,602,515,87,35
2024-04-04,Thursday,Lunch,627,Sunny,38,No,No,No,669,591,78,2
2024-07-24,Wednesday,Lunch,412,Cloudy,30,No,Yes,No,410,375,35,21
2024-03-24,Sunday,Breakfast,558,Sunny,33,No,No,Yes,553,535,18,6
2024-04-07,Sunday,Breakfast,216,Cloudy,28,No,Yes,Yes,243,188,55,27
2024-10-20,Sunday,Lunch,573,Rainy,24,No,No,Yes,593,562,31,9
2024-12-09,Monday,Lunch,372,Sunny,36,Yes,Yes,No,352,318,34,2
2024-02-21,Wednesday,Dinner,792,Rainy,24,Yes,No,No,817,755,62,38
2024-03-01,Friday,Lunch,658,Sunny,38,Yes,No,No,650,595,55,45
2024-03-16,Saturday,Lunch,607,Sunny,31,Yes,Yes,Yes,562,553,9,4
2024-05-10,Friday,Dinner,587,Rainy,27,No,No,No,574,573,1,1
2024-11-29,Friday,Dinner,312,Sunny,39,Yes,No,No,267,196,71,47
2024-04-10,Wednesday,Lunch,521,Rainy,26,No,Yes,No,492,434,58,10
2024-07-30,Tuesday,Breakfast,920,Cloudy,30,Yes,No,No,966,961,5,5
2024-06-07,Friday,Lunch,390,Cloudy,26,No,No,No,354,336,18,13
2024-03-12,Tuesday,Breakfast,487,Cloudy,25,No,No,No,452,440,12,7
2024-12-30,Monday,Dinner,631,Sunny,32,Yes,No,No,599,592,7,7
2024-04-22,Monday,Breakfast,670,Stormy,27,No,Yes,No,660,647,13,9
2024-11-24,Sunday,Lunch,998,Sunny,34,No,No,Yes,1029,1010,19,2
2024-10-02,Wednesday,Lunch,968,Sunny,34,No,Yes,No,985,947,38,26
2024-07-05,Friday,Breakfast,656,Rainy,23,No,Yes,No,619,574,45,42
2024-03-28,Thursday,Lunch,380,Cloudy,33,No,Yes,No,337,268,69,15
2024-10-17,Thursday,Lunch,835,Sunny,37,Yes,Yes,No,882,860,22,0
2024-02-02,Friday,Lunch,539,Rainy,26,No,No,No,489,460,29,26
2024-01-24,Wednesday,Breakfast,859,Stormy,28,No,No,No,813,779,34,16
2024-03-07,Thursday,Lunch,866,Stormy,22,No,No,No,864,765,99,16
2024-07-07,Sunday,Lunch,764,Stormy,24,No,No,Yes,798,764,34,31
2024-03-23,Saturday,Breakfast,225,Rainy,26,No,Yes,Yes,270,176,94,42
2024-01-30,Tuesday,Lunch,549,Cloudy,25,Yes,No,No,501,404,97,84
2024-02-21,Wednesday,Breakfast,958,Rainy,22,Yes,Yes,No,968,890,78,10
2024-08-08,Thursday,Breakfast,451,Rainy,27,Yes,Yes,No,476,419,57,48
2024-11-16,Saturday,Lunch,278,Rainy,29,Yes,No,Yes,253,187,66,30
2024-03-30,Saturday,Dinner,519,Rainy,27,No,No,Yes,525,482,43,27
2024-06-27,Thursday,Breakfast,674,Cloudy,30,Yes,No,No,669,634,35,18
2024-08-10,Saturday,Lunch,450,Cloudy,28,No,Yes,Yes,498,409,89,44
2024-08-25,Sunday,Lunch,362,Rainy,29,Yes,Yes,Yes,406,359,47,3
2024-06-26,Wednesday,Breakfast,666,Sunny,38,No,No,No,625,625,0,0
2024-05-11,Saturday,Lunch,961,Sunny,37,Yes,Yes,Yes,945,904,41,14
2024-07-31,Wednesday,Dinner,728,Rainy,24,Yes,No,No,741,708,33,33
2024-06-24,Monday,Lunch,573,Cloudy,31,No,No,No,542,538,4,1
2024-02-15,Thursday,Breakfast,435,Sunny,36,No,Yes,No,427,360,67,31
2024-09-17,Tuesday,Breakfast,880,Rainy,25,Yes,Yes,No,917,838,79,31
2024-09-11,Wednesday,Dinner,968,Rainy,22,Yes,Yes,No,936,858,78,6
2024-10-03,Thursday,Lunch,410,Rainy,26,No,No,No,386,312,74,0
2024-03-30,Saturday,Lunch,928,Stormy,27,Yes,No,Yes,942,906,36,27
2024-07-29,Monday,Breakfast,284,Stormy,28,Yes,Yes,No,257,159,98,78
2024-10-16,Wednesday,Lunch,670,Cloudy,25,Yes,No,No,679,644,35,34
2024-09-03,Tuesday,Dinner,812,Stormy,21,Yes,Yes,No,820,729,91,78
2024-01-13,Saturday,Lunch,708,Rainy,30,Yes,Yes,Yes,706,703,3,0
2024-07-02,Tuesday,Breakfast,833,Sunny,32,Yes,No,No,805,726,79,2
2024-07-26,Friday,Lunch,884,Sunny,32,No,No,No,862,791,71,24
2024-09-12,Thursday,Lunch,768,Cloudy,33,No,Yes,No,786,723,63,58
2024-02-18,Sunday,Dinner,516,Stormy,24,Yes,No,Yes,509,443,66,56
2024-04-09,Tuesday,Dinner,661,Rainy,25,Yes,No,No,700,696,4,4
2024-06-09,Sunday,Dinner,659,Rainy,29,No,No,Yes,624,564,60,33
2024-02-15,Thursday,Dinner,387,Stormy,20,No,Yes,No,400,314,86,67
2024-10-04,Friday,Lunch,362,Rainy,30,No,No,No,396,362,34,28
2024-06-02,Sunday,Dinner,584,Rainy,30,No,Yes,Yes,629,601,28,7
2024-06-24,Monday,Breakfast,317,Sunny,30,Yes,Yes,No,334,277,57,22
2024-08-07,Wednesday,Lunch,352,Sunny,37,Yes,Yes,No,313,231,82,79
2024-08-20,Tuesday,Lunch,949,Cloudy,31,Yes,No,No,906,856,50,49
2024-05-09,Thursday,Breakfast,484,Stormy,23,No,No,No,510,432,78,57
2024-04-04,Thursday,Dinner,788,Rainy,23,No,Yes,No,748,740,8,5
2024-03-11,Monday,Dinner,452,Rainy,29,No,Yes,No,471,410,61,47
2024-03-20,Wednesday,Breakfast,723,Sunny,30,No,No,No,762,681,81,20
2024-07-10,Wednesday,Lunch,255,Rainy,22,Yes,No,No,245,158,87,7
2024-02-08,Thursday,Breakfast,858,Stormy,28,Yes,Yes,No,836,759,77,4
2024-04-30,Tuesday,Breakfast,273,Cloudy,33,Yes,Yes,No,224,173,51,45
2024-08-10,Saturday,Dinner,427,Cloudy,30,No,No,Yes,388,311,77,27
2024-10-23,Wednesday,Breakfast,865,Rainy,23,No,No,No,834,801,33,4
2024-08-06,Tuesday,Dinner,880,Sunny,32,Yes,No,No,831,797,34,14
2024-02-04,Sunday,Breakfast,746,Sunny,32,Yes,Yes,Yes,760,663,97,65
2024-08-31,Saturday,Breakfast,691,Stormy,28,No,No,Yes,649,595,54,33
2024-01-27,Saturday,Dinner,556,Stormy,23,Yes,No,Yes,578,575,3,3
2024-10-15,Tuesday,Lunch,867,Sunny,35,No,Yes,No,886,865,21,19
2024-08-23,Friday,Dinner,625,Sunny,40,No,Yes,No,583,507,76,0
2024-10-14,Monday,Lunch,415,Stormy,20,Yes,No,No,402,349,53,50
2024-07-19,Friday,Breakfast,960,Stormy,24,Yes,Yes,No,938,904,34,8
2024-07-03,Wednesday,Lunch,871,Rainy,27,Yes,Yes,No,827,730,97,38
2024-02-28,Wednesday,Dinner,268,Sunny,33,Yes,No,No,308,252,56,22
2024-04-26,Friday,Dinner,299,Rainy,26,Yes,Yes,No,260,199,61,54
2024-07-24,Wednesday,Dinner,316,Sunny,30,Yes,No,No,344,263,81,13
2024-08-27,Tuesday,Breakfast,612,Sunny,39,No,Yes,No,659,575,84,68
2024-06-06,Thursday,Dinner,862,Sunny,30,No,No,No,841,823,18,11
2024-08-11,Sunday,Breakfast,501,Stormy,28,Yes,Yes,Yes,545,482,63,10
2024-01-04,Thursday,Breakfast,744,Rainy,26,No,No,No,695,611,84,38
2024-04-27,Saturday,Breakfast,524,Cloudy,29,Yes,Yes,Yes,545,525,20,18
2024-06-24,Monday,Breakfast,254,Sunny,39,Yes,Yes,No,255,178,77,30
2024-04-27,Saturday,Breakfast,777,Cloudy,29,No,Yes,Yes,812,780,32,27
2024-04-17,Wednesday,Dinner,469,Stormy,23,No,Yes,No,488,421,67,34
2024-06-22,Saturday,Dinner,683,Sunny,33,Yes,No,Yes,668,663,5,2
2024-05-27,Monday,Lunch,884,Stormy,22,Yes,No,No,913,835,78,42
2024-02-24,Saturday,Lunch,464,Stormy,27,No,No,Yes,481,410,71,57
2024-11-21,Thursday,Dinner,445,Sunny,31,Yes,Yes,No,427,424,3,3
2024-03-03,Sunday,Lunch,229,Cloudy,31,Yes,Yes,Yes,195,180,15,4
2024-11-12,Tuesday,Dinner,681,Stormy,22,Yes,Yes,No,702,636,66,17
2024-06-22,Saturday,Lunch,591,Sunny,32,Yes,No,Yes,616,528,88,60
2024-04-24,Wednesday,Breakfast,320,Cloudy,27,Yes,No,No,337,335,2,2
2024-04-10,Wednesday,Dinner,847,Sunny,36,Yes,Yes,No,866,789,77,12
2024-10-24,Thursday,Breakfast,443,Stormy,24,No,No,No,461,375,86,13
2024-05-11,Saturday,Lunch,715,Rainy,27,No,No,Yes,746,734,12,0
2024-11-09,Saturday,Breakfast,759,Rainy,22,No,Yes,Yes,805,760,45,42
2024-03-18,Monday,Dinner,212,Cloudy,28,Yes,Yes,No,168,103,65,48
2024-02-16,Friday,Breakfast,314,Sunny,36,Yes,No,No,302,245,57,9
2024-03-15,Friday,Breakfast,906,Sunny,33,Yes,No,No,943,849,94,76
2024-10-27,Sunday,Breakfast,713,Rainy,22,No,Yes,Yes,704,630,74,34
2024-12-30,Monday,Lunch,691,Rainy,27,No,No,No,676,628,48,22
2024-09-24,Tuesday,Lunch,431,Sunny,35,No,Yes,No,477,381,96,87
2024-07-19,Friday,Lunch,518,Cloudy,25,Yes,No,No,549,460,89,45
2024-09-23,Monday,Lunch,421,Stormy,27,No,Yes,No,376,366,10,6
2024-11-24,Sunday,Dinner,977,Cloudy,31,No,No,Yes,940,897,43,27
2024-10-02,Wednesday,Dinner,941,Sunny,38,No,No,No,983,952,31,14
2024-05-01,Wednesday,Lunch,959,Sunny,33,No,No,No,1008,993,15,14
2024-12-15,Sunday,Dinner,256,Sunny,36,No,Yes,Yes,274,266,8,8
2024-05-04,Saturday,Lunch,562,Sunny,38,No,Yes,Yes,532,509,23,23
2024-01-03,Wednesday,Lunch,435,Rainy,30,No,Yes,No,404,336,68,51
2024-11-10,Sunday,Breakfast,234,Stormy,22,No,Yes,Yes,276,204,72,31
2024-02-22,Thursday,Dinner,589,Rainy,23,Yes,Yes,No,561,467,94,92
2024-12-13,Friday,Breakfast,577,Stormy,27,No,No,No,597,532,65,35
2024-01-19,Friday,Breakfast,760,Sunny,30,No,Yes,No,780,709,71,8
2024-12-03,Tuesday,Dinner,566,Sunny,39,Yes,Yes,No,562,481,81,21
2024-01-26,Friday,Breakfast,643,Rainy,30,Yes,Yes,No,612,572,40,23
2024-04-10,Wednesday,Lunch,790,Rainy,22,No,Yes,No,788,733,55,17
2024-08-14,Wednesday,Lunch,941,Rainy,22,Yes,Yes,No,949,910,39,37
2024-12-01,Sunday,Breakfast,835,Sunny,36,Yes,Yes,Yes,819,812,7,1
2024-02-29,Thursday,Breakfast,205,Cloudy,32,No,Yes,No,229,186,43,21
2024-06-24,Monday,Breakfast,400,Stormy,27,Yes,Yes,No,353,350,3,2
2024-10-19,Saturday,Lunch,402,Sunny,32,No,No,Yes,354,326,28,26
2024-08-12,Monday,Dinner,321,Stormy,27,No,No,No,352,335,17,14
2024-07-03,Wednesday,Dinner,351,Rainy,25,No,No,No,301,238,63,58
2024-11-08,Friday,Dinner,540,Rainy,27,Yes,No,No,511,494,17,13
2024-11-18,Monday,Lunch,671,Cloudy,25,Yes,Yes,No,648,593,55,12
2024-09-13,Friday,Lunch,998,Sunny,32,Yes,No,No,1046,988,58,15
2024-06-03,Monday,Breakfast,442,Cloudy,25,No,No,No,413,326,87,41
2024-11-22,Friday,Lunch,272,Stormy,26,No,No,No,285,189,96,46
2024-09-24,Tuesday,Lunch,235,Stormy,28,No,No,No,269,225,44,7
2024-01-17,Wednesday,Breakfast,681,Rainy,24,Yes,No,No,665,599,66,57
2024-01-10,Wednesday,Dinner,922,Rainy,24,Yes,Yes,No,899,893,6,3
2024-07-20,Saturday,Dinner,865,Sunny,40,No,No,Yes,868,817,51,45
2024-09-23,Monday,Lunch,990,Sunny,30,No,Yes,No,1023,1019,4,4
2024-09-20,Friday,Lunch,581,Sunny,35,Yes,Yes,No,545,504,41,36
2024-09-01,Sunday,Breakfast,409,Sunny,32,No,No,Yes,414,358,56,55
2024-09-30,Monday,Lunch,653,Sunny,33,Yes,No,No,627,564,63,1
2024-06-16,Sunday,Dinner,273,Rainy,26,Yes,No,Yes,252,195,57,40
2024-01-01,Monday,Dinner,209,Stormy,20,Yes,No,No,225,208,17,16
2024-07-04,Thursday,Dinner,779,Stormy,20,No,No,No,793,763,30,2
2024-11-01,Friday,Lunch,568,Stormy,22,Yes,No,No,581,501,80,23
2024-07-16,Tuesday,Breakfast,882,Sunny,32,No,No,No,930,869,61,18
2024-04-23,Tuesday,Dinner,609,Rainy,29,Yes,No,No,632,626,6,0
2024-06-28,Friday,Dinner,325,Stormy,28,Yes,Yes,No,296,258,38,22
2024-08-30,Friday,Lunch,927,Cloudy,31,No,No,No,964,902,62,58
2024-12-11,Wednesday,Lunch,620,Sunny,38,Yes,No,No,646,594,52,26
2024-01-31,Wednesday,Lunch,627,Rainy,22,No,No,No,621,600,21,16
2024-08-19,Monday,Dinner,475,Cloudy,26,No,Yes,No,432,383,49,19
2024-12-12,Thursday,Breakfast,371,Sunny,31,No,Yes,No,348,343,5,0
2024-10-02,Wednesday,Lunch,288,Stormy,24,No,Yes,No,278,237,41,17
2024-07-09,Tuesday,Dinner,231,Cloudy,25,No,No,No,260,186,74,20
2024-05-15,Wednesday,Lunch,374,Stormy,28,Yes,No,No,406,340,66,45
2024-12-03,Tuesday,Breakfast,969,Rainy,30,No,Yes,No,997,940,57,29
